nohup: ignoring input
2026-06-24T10:59:41  INFO      EPEVER MQTT bridge starting
2026-06-24T10:59:41  INFO        Modbus: 192.168.88.5:4001  slave 2
2026-06-24T10:59:41  INFO        MQTT:   192.168.88.3:1883  base topic rvtc/sensors/solar
2026-06-24T10:59:41  INFO        Poll interval: 10s
/home/ve7cbh/RV-total-control/config/epever_mqtt.py:200: DeprecationWarning: Callback API version 1 is deprecated, update to latest version
  mqttc = mqtt.Client(client_id="epever_mqtt_bridge", clean_session=True)
2026-06-24T10:59:41  INFO      Connecting to Modbus gateway…
2026-06-24T10:59:42  INFO      Poll OK — 2026-06-24T17:59:41.797248+00:00
2026-06-24T10:59:52  ERROR     ERROR: request ask for transaction_id=16 but got id=166, Skipping.
2026-06-24T10:59:52  ERROR     ERROR: request ask for transaction_id=16 but got id=167, Skipping.
2026-06-24T10:59:52  ERROR     ERROR: request ask for transaction_id=16 but got id=168, Skipping.
2026-06-24T10:59:52  ERROR     ERROR: request ask for transaction_id=16 but got id=169, Skipping.
2026-06-24T10:59:52  ERROR     ERROR: request ask for transaction_id=16 but got id=170, Skipping.
2026-06-24T10:59:52  ERROR     ERROR: request ask for transaction_id=16 but got id=171, Skipping.
2026-06-24T10:59:52  ERROR     ERROR: request ask for transaction_id=16 but got id=172, Skipping.
2026-06-24T10:59:52  ERROR     ERROR: request ask for transaction_id=16 but got id=173, Skipping.
2026-06-24T10:59:52  ERROR     ERROR: request ask for transaction_id=16 but got id=174, Skipping.
2026-06-24T10:59:52  ERROR     ERROR: request ask for transaction_id=16 but got id=175, Skipping.
2026-06-24T10:59:52  ERROR     ERROR: request ask for transaction_id=16 but got id=176, Skipping.
2026-06-24T10:59:52  ERROR     ERROR: request ask for transaction_id=16 but got id=177, Skipping.
2026-06-24T10:59:52  ERROR     ERROR: request ask for transaction_id=16 but got id=178, Skipping.
2026-06-24T10:59:52  ERROR     ERROR: request ask for transaction_id=16 but got id=179, Skipping.
2026-06-24T10:59:52  ERROR     ERROR: request ask for transaction_id=16 but got id=180, Skipping.
2026-06-24T10:59:52  INFO      Poll OK — 2026-06-24T17:59:52.260281+00:00
nohup: ignoring input
2026-06-24T10:59:58  INFO      EPEVER MQTT bridge starting
2026-06-24T10:59:58  INFO        Modbus: 192.168.88.5:4001  slave 2
2026-06-24T10:59:58  INFO        MQTT:   192.168.88.3:1883  base topic rvtc/sensors/solar
2026-06-24T10:59:58  INFO        Poll interval: 10s
/home/ve7cbh/RV-total-control/config/epever_mqtt.py:200: DeprecationWarning: Callback API version 1 is deprecated, update to latest version
  mqttc = mqtt.Client(client_id="epever_mqtt_bridge", clean_session=True)
2026-06-24T10:59:58  INFO      Connecting to Modbus gateway…
2026-06-24T10:59:59  ERROR     ERROR: request ask for transaction_id=12 but got id=181, Skipping.
2026-06-24T10:59:59  ERROR     ERROR: request ask for transaction_id=12 but got id=182, Skipping.
2026-06-24T10:59:59  ERROR     ERROR: request ask for transaction_id=12 but got id=183, Skipping.
2026-06-24T10:59:59  ERROR     ERROR: request ask for transaction_id=12 but got id=184, Skipping.
2026-06-24T10:59:59  ERROR     ERROR: request ask for transaction_id=12 but got id=185, Skipping.
2026-06-24T10:59:59  ERROR     ERROR: request ask for transaction_id=12 but got id=186, Skipping.
2026-06-24T10:59:59  ERROR     ERROR: request ask for transaction_id=12 but got id=187, Skipping.
2026-06-24T10:59:59  ERROR     ERROR: request ask for transaction_id=12 but got id=188, Skipping.
2026-06-24T10:59:59  ERROR     ERROR: request ask for transaction_id=12 but got id=189, Skipping.
2026-06-24T10:59:59  ERROR     ERROR: request ask for transaction_id=12 but got id=190, Skipping.
2026-06-24T10:59:59  ERROR     ERROR: request ask for transaction_id=12 but got id=191, Skipping.
2026-06-24T10:59:59  ERROR     ERROR: request ask for transaction_id=12 but got id=192, Skipping.
2026-06-24T10:59:59  ERROR     ERROR: request ask for transaction_id=12 but got id=193, Skipping.
2026-06-24T10:59:59  ERROR     ERROR: request ask for transaction_id=12 but got id=194, Skipping.
2026-06-24T10:59:59  ERROR     ERROR: request ask for transaction_id=12 but got id=195, Skipping.
2026-06-24T11:00:02  ERROR     ERROR: request ask for transaction_id=31 but got id=1, Skipping.
2026-06-24T11:00:02  ERROR     ERROR: request ask for transaction_id=31 but got id=2, Skipping.
2026-06-24T11:00:02  ERROR     ERROR: request ask for transaction_id=31 but got id=3, Skipping.
2026-06-24T11:00:02  ERROR     ERROR: request ask for transaction_id=31 but got id=4, Skipping.
2026-06-24T11:00:02  ERROR     ERROR: request ask for transaction_id=31 but got id=5, Skipping.
2026-06-24T11:00:02  ERROR     ERROR: request ask for transaction_id=31 but got id=6, Skipping.
2026-06-24T11:00:02  ERROR     ERROR: request ask for transaction_id=31 but got id=7, Skipping.
2026-06-24T11:00:02  ERROR     ERROR: request ask for transaction_id=31 but got id=8, Skipping.
2026-06-24T11:00:02  ERROR     ERROR: request ask for transaction_id=31 but got id=9, Skipping.
2026-06-24T11:00:02  ERROR     ERROR: request ask for transaction_id=31 but got id=10, Skipping.
2026-06-24T11:00:02  ERROR     ERROR: request ask for transaction_id=31 but got id=11, Skipping.
2026-06-24T11:00:02  ERROR     ERROR: request ask for transaction_id=31 but got id=181, Skipping.
2026-06-24T11:00:02  ERROR     ERROR: request ask for transaction_id=31 but got id=182, Skipping.
2026-06-24T11:00:02  ERROR     ERROR: request ask for transaction_id=31 but got id=183, Skipping.
2026-06-24T11:00:02  ERROR     ERROR: request ask for transaction_id=31 but got id=184, Skipping.
2026-06-24T11:00:02  ERROR     ERROR: request ask for transaction_id=31 but got id=185, Skipping.
2026-06-24T11:00:02  ERROR     ERROR: request ask for transaction_id=31 but got id=186, Skipping.
2026-06-24T11:00:02  ERROR     ERROR: request ask for transaction_id=31 but got id=187, Skipping.
2026-06-24T11:00:02  ERROR     ERROR: request ask for transaction_id=31 but got id=188, Skipping.
2026-06-24T11:00:02  ERROR     ERROR: request ask for transaction_id=31 but got id=189, Skipping.
2026-06-24T11:00:02  ERROR     ERROR: request ask for transaction_id=31 but got id=190, Skipping.
2026-06-24T11:00:02  ERROR     ERROR: request ask for transaction_id=31 but got id=191, Skipping.
2026-06-24T11:00:02  ERROR     ERROR: request ask for transaction_id=31 but got id=192, Skipping.
2026-06-24T11:00:02  ERROR     ERROR: request ask for transaction_id=31 but got id=193, Skipping.
2026-06-24T11:00:02  ERROR     ERROR: request ask for transaction_id=31 but got id=194, Skipping.
2026-06-24T11:00:02  ERROR     ERROR: request ask for transaction_id=31 but got id=195, Skipping.
2026-06-24T11:00:02  ERROR     ERROR: request ask for transaction_id=12 but got id=31, Skipping.
2026-06-24T11:00:02  ERROR     ERROR: request ask for transaction_id=12 but got id=32, Skipping.
2026-06-24T11:00:02  ERROR     ERROR: request ask for transaction_id=12 but got id=33, Skipping.
2026-06-24T11:00:02  ERROR     ERROR: request ask for transaction_id=12 but got id=34, Skipping.
2026-06-24T11:00:02  ERROR     ERROR: request ask for transaction_id=12 but got id=35, Skipping.
2026-06-24T11:00:02  ERROR     ERROR: request ask for transaction_id=12 but got id=36, Skipping.
2026-06-24T11:00:02  ERROR     ERROR: request ask for transaction_id=12 but got id=37, Skipping.
2026-06-24T11:00:02  ERROR     ERROR: request ask for transaction_id=12 but got id=38, Skipping.
2026-06-24T11:00:03  ERROR     ERROR: request ask for transaction_id=12 but got id=39, Skipping.
2026-06-24T11:00:03  ERROR     ERROR: request ask for transaction_id=12 but got id=40, Skipping.
2026-06-24T11:00:03  ERROR     ERROR: request ask for transaction_id=12 but got id=41, Skipping.
2026-06-24T11:00:03  ERROR     ERROR: request ask for transaction_id=12 but got id=42, Skipping.
2026-06-24T11:00:03  ERROR     ERROR: request ask for transaction_id=12 but got id=43, Skipping.
2026-06-24T11:00:03  ERROR     ERROR: request ask for transaction_id=12 but got id=44, Skipping.
2026-06-24T11:00:03  ERROR     ERROR: request ask for transaction_id=12 but got id=45, Skipping.
2026-06-24T11:00:03  INFO      Poll OK — 2026-06-24T18:00:02.731340+00:00
2026-06-24T11:00:08  INFO      Poll OK — 2026-06-24T17:59:58.647482+00:00
2026-06-24T11:00:13  ERROR     ERROR: request ask for transaction_id=46 but got id=12, Skipping.
2026-06-24T11:00:13  ERROR     ERROR: request ask for transaction_id=46 but got id=13, Skipping.
2026-06-24T11:00:13  ERROR     ERROR: request ask for transaction_id=46 but got id=14, Skipping.
2026-06-24T11:00:13  ERROR     ERROR: request ask for transaction_id=46 but got id=15, Skipping.
2026-06-24T11:00:13  ERROR     ERROR: request ask for transaction_id=46 but got id=196, Skipping.
2026-06-24T11:00:13  ERROR     ERROR: request ask for transaction_id=46 but got id=197, Skipping.
2026-06-24T11:00:13  ERROR     ERROR: request ask for transaction_id=46 but got id=198, Skipping.
2026-06-24T11:00:13  ERROR     ERROR: request ask for transaction_id=46 but got id=199, Skipping.
2026-06-24T11:00:13  ERROR     ERROR: request ask for transaction_id=46 but got id=200, Skipping.
2026-06-24T11:00:13  ERROR     ERROR: request ask for transaction_id=46 but got id=201, Skipping.
2026-06-24T11:00:13  ERROR     ERROR: request ask for transaction_id=46 but got id=202, Skipping.
2026-06-24T11:00:13  ERROR     ERROR: request ask for transaction_id=46 but got id=203, Skipping.
2026-06-24T11:00:13  ERROR     ERROR: request ask for transaction_id=46 but got id=204, Skipping.
2026-06-24T11:00:13  ERROR     ERROR: request ask for transaction_id=46 but got id=205, Skipping.
2026-06-24T11:00:13  ERROR     ERROR: request ask for transaction_id=46 but got id=206, Skipping.
2026-06-24T11:00:13  ERROR     ERROR: request ask for transaction_id=46 but got id=207, Skipping.
2026-06-24T11:00:13  ERROR     ERROR: request ask for transaction_id=46 but got id=208, Skipping.
2026-06-24T11:00:13  ERROR     ERROR: request ask for transaction_id=46 but got id=209, Skipping.
2026-06-24T11:00:13  ERROR     ERROR: request ask for transaction_id=46 but got id=210, Skipping.
2026-06-24T11:00:13  INFO      Poll OK — 2026-06-24T18:00:13.208193+00:00
2026-06-24T11:00:18  ERROR     ERROR: request ask for transaction_id=16 but got id=196, Skipping.
2026-06-24T11:00:18  ERROR     ERROR: request ask for transaction_id=16 but got id=197, Skipping.
2026-06-24T11:00:18  ERROR     ERROR: request ask for transaction_id=16 but got id=198, Skipping.
2026-06-24T11:00:18  ERROR     ERROR: request ask for transaction_id=16 but got id=199, Skipping.
2026-06-24T11:00:18  ERROR     ERROR: request ask for transaction_id=16 but got id=200, Skipping.
2026-06-24T11:00:18  ERROR     ERROR: request ask for transaction_id=16 but got id=201, Skipping.
2026-06-24T11:00:18  ERROR     ERROR: request ask for transaction_id=16 but got id=202, Skipping.
2026-06-24T11:00:18  ERROR     ERROR: request ask for transaction_id=16 but got id=203, Skipping.
2026-06-24T11:00:18  ERROR     ERROR: request ask for transaction_id=16 but got id=204, Skipping.
2026-06-24T11:00:18  ERROR     ERROR: request ask for transaction_id=16 but got id=205, Skipping.
2026-06-24T11:00:18  ERROR     ERROR: request ask for transaction_id=16 but got id=206, Skipping.
2026-06-24T11:00:18  ERROR     ERROR: request ask for transaction_id=16 but got id=207, Skipping.
2026-06-24T11:00:18  ERROR     ERROR: request ask for transaction_id=16 but got id=208, Skipping.
2026-06-24T11:00:18  ERROR     ERROR: request ask for transaction_id=16 but got id=209, Skipping.
2026-06-24T11:00:18  ERROR     ERROR: request ask for transaction_id=16 but got id=210, Skipping.
2026-06-24T11:00:18  ERROR     ERROR: request ask for transaction_id=16 but got id=46, Skipping.
2026-06-24T11:00:18  ERROR     ERROR: request ask for transaction_id=16 but got id=47, Skipping.
2026-06-24T11:00:18  ERROR     ERROR: request ask for transaction_id=16 but got id=48, Skipping.
2026-06-24T11:00:18  ERROR     ERROR: request ask for transaction_id=16 but got id=49, Skipping.
2026-06-24T11:00:18  ERROR     ERROR: request ask for transaction_id=16 but got id=50, Skipping.
2026-06-24T11:00:18  ERROR     ERROR: request ask for transaction_id=16 but got id=51, Skipping.
2026-06-24T11:00:18  ERROR     ERROR: request ask for transaction_id=16 but got id=52, Skipping.
2026-06-24T11:00:18  ERROR     ERROR: request ask for transaction_id=16 but got id=53, Skipping.
2026-06-24T11:00:18  ERROR     ERROR: request ask for transaction_id=16 but got id=54, Skipping.
2026-06-24T11:00:18  ERROR     ERROR: request ask for transaction_id=16 but got id=55, Skipping.
2026-06-24T11:00:18  ERROR     ERROR: request ask for transaction_id=16 but got id=56, Skipping.
2026-06-24T11:00:18  ERROR     ERROR: request ask for transaction_id=16 but got id=57, Skipping.
2026-06-24T11:00:18  ERROR     ERROR: request ask for transaction_id=16 but got id=58, Skipping.
2026-06-24T11:00:18  ERROR     ERROR: request ask for transaction_id=16 but got id=59, Skipping.
2026-06-24T11:00:18  ERROR     ERROR: request ask for transaction_id=16 but got id=60, Skipping.
2026-06-24T11:00:18  INFO      Poll OK — 2026-06-24T18:00:18.338476+00:00
2026-06-24T11:00:23  ERROR     ERROR: request ask for transaction_id=61 but got id=16, Skipping.
2026-06-24T11:00:23  ERROR     ERROR: request ask for transaction_id=61 but got id=17, Skipping.
2026-06-24T11:00:23  ERROR     ERROR: request ask for transaction_id=61 but got id=18, Skipping.
2026-06-24T11:00:23  ERROR     ERROR: request ask for transaction_id=61 but got id=19, Skipping.
2026-06-24T11:00:23  ERROR     ERROR: request ask for transaction_id=61 but got id=20, Skipping.
2026-06-24T11:00:23  ERROR     ERROR: request ask for transaction_id=61 but got id=21, Skipping.
2026-06-24T11:00:23  ERROR     ERROR: request ask for transaction_id=61 but got id=22, Skipping.
2026-06-24T11:00:23  ERROR     ERROR: request ask for transaction_id=61 but got id=23, Skipping.
2026-06-24T11:00:23  ERROR     ERROR: request ask for transaction_id=61 but got id=24, Skipping.
2026-06-24T11:00:23  ERROR     ERROR: request ask for transaction_id=61 but got id=25, Skipping.
2026-06-24T11:00:23  ERROR     ERROR: request ask for transaction_id=61 but got id=26, Skipping.
2026-06-24T11:00:23  ERROR     ERROR: request ask for transaction_id=61 but got id=27, Skipping.
2026-06-24T11:00:23  ERROR     ERROR: request ask for transaction_id=61 but got id=28, Skipping.
2026-06-24T11:00:23  ERROR     ERROR: request ask for transaction_id=61 but got id=29, Skipping.
2026-06-24T11:00:23  ERROR     ERROR: request ask for transaction_id=61 but got id=30, Skipping.
2026-06-24T11:00:23  ERROR     ERROR: request ask for transaction_id=61 but got id=211, Skipping.
2026-06-24T11:00:23  ERROR     ERROR: request ask for transaction_id=61 but got id=212, Skipping.
2026-06-24T11:00:23  ERROR     ERROR: request ask for transaction_id=61 but got id=213, Skipping.
2026-06-24T11:00:23  ERROR     ERROR: request ask for transaction_id=61 but got id=214, Skipping.
2026-06-24T11:00:23  ERROR     ERROR: request ask for transaction_id=61 but got id=215, Skipping.
2026-06-24T11:00:23  ERROR     ERROR: request ask for transaction_id=61 but got id=216, Skipping.
2026-06-24T11:00:23  ERROR     ERROR: request ask for transaction_id=61 but got id=217, Skipping.
2026-06-24T11:00:23  ERROR     ERROR: request ask for transaction_id=61 but got id=218, Skipping.
2026-06-24T11:00:23  ERROR     ERROR: request ask for transaction_id=61 but got id=219, Skipping.
2026-06-24T11:00:23  ERROR     ERROR: request ask for transaction_id=61 but got id=220, Skipping.
2026-06-24T11:00:23  ERROR     ERROR: request ask for transaction_id=61 but got id=221, Skipping.
2026-06-24T11:00:23  ERROR     ERROR: request ask for transaction_id=61 but got id=222, Skipping.
2026-06-24T11:00:23  ERROR     ERROR: request ask for transaction_id=61 but got id=223, Skipping.
2026-06-24T11:00:23  ERROR     ERROR: request ask for transaction_id=61 but got id=224, Skipping.
2026-06-24T11:00:23  ERROR     ERROR: request ask for transaction_id=61 but got id=225, Skipping.
2026-06-24T11:00:24  INFO      Poll OK — 2026-06-24T18:00:23.681587+00:00
2026-06-24T11:00:28  ERROR     ERROR: request ask for transaction_id=31 but got id=211, Skipping.
2026-06-24T11:00:28  ERROR     ERROR: request ask for transaction_id=31 but got id=212, Skipping.
2026-06-24T11:00:28  ERROR     ERROR: request ask for transaction_id=31 but got id=213, Skipping.
2026-06-24T11:00:28  ERROR     ERROR: request ask for transaction_id=31 but got id=214, Skipping.
2026-06-24T11:00:28  ERROR     ERROR: request ask for transaction_id=31 but got id=215, Skipping.
2026-06-24T11:00:28  ERROR     ERROR: request ask for transaction_id=31 but got id=216, Skipping.
2026-06-24T11:00:28  ERROR     ERROR: request ask for transaction_id=31 but got id=217, Skipping.
2026-06-24T11:00:28  ERROR     ERROR: request ask for transaction_id=31 but got id=218, Skipping.
2026-06-24T11:00:28  ERROR     ERROR: request ask for transaction_id=31 but got id=219, Skipping.
2026-06-24T11:00:28  ERROR     ERROR: request ask for transaction_id=31 but got id=220, Skipping.
2026-06-24T11:00:28  ERROR     ERROR: request ask for transaction_id=31 but got id=221, Skipping.
2026-06-24T11:00:28  ERROR     ERROR: request ask for transaction_id=31 but got id=222, Skipping.
2026-06-24T11:00:28  ERROR     ERROR: request ask for transaction_id=31 but got id=223, Skipping.
2026-06-24T11:00:28  ERROR     ERROR: request ask for transaction_id=31 but got id=224, Skipping.
2026-06-24T11:00:28  ERROR     ERROR: request ask for transaction_id=31 but got id=225, Skipping.
2026-06-24T11:00:28  ERROR     ERROR: request ask for transaction_id=31 but got id=61, Skipping.
2026-06-24T11:00:28  ERROR     ERROR: request ask for transaction_id=31 but got id=62, Skipping.
2026-06-24T11:00:28  ERROR     ERROR: request ask for transaction_id=31 but got id=63, Skipping.
2026-06-24T11:00:28  ERROR     ERROR: request ask for transaction_id=31 but got id=64, Skipping.
2026-06-24T11:00:28  ERROR     ERROR: request ask for transaction_id=31 but got id=65, Skipping.
2026-06-24T11:00:28  ERROR     ERROR: request ask for transaction_id=31 but got id=66, Skipping.
2026-06-24T11:00:28  ERROR     ERROR: request ask for transaction_id=31 but got id=67, Skipping.
2026-06-24T11:00:28  ERROR     ERROR: request ask for transaction_id=31 but got id=68, Skipping.
2026-06-24T11:00:28  ERROR     ERROR: request ask for transaction_id=31 but got id=69, Skipping.
2026-06-24T11:00:28  ERROR     ERROR: request ask for transaction_id=31 but got id=70, Skipping.
2026-06-24T11:00:28  ERROR     ERROR: request ask for transaction_id=31 but got id=71, Skipping.
2026-06-24T11:00:28  ERROR     ERROR: request ask for transaction_id=31 but got id=72, Skipping.
2026-06-24T11:00:28  ERROR     ERROR: request ask for transaction_id=31 but got id=73, Skipping.
2026-06-24T11:00:28  ERROR     ERROR: request ask for transaction_id=31 but got id=74, Skipping.
2026-06-24T11:00:28  ERROR     ERROR: request ask for transaction_id=31 but got id=75, Skipping.
2026-06-24T11:00:29  INFO      Poll OK — 2026-06-24T18:00:28.817573+00:00
2026-06-24T11:00:39  ERROR     ERROR: request ask for transaction_id=46 but got id=226, Skipping.
2026-06-24T11:00:39  ERROR     ERROR: request ask for transaction_id=46 but got id=227, Skipping.
2026-06-24T11:00:39  ERROR     ERROR: request ask for transaction_id=46 but got id=228, Skipping.
2026-06-24T11:00:39  ERROR     ERROR: request ask for transaction_id=46 but got id=229, Skipping.
2026-06-24T11:00:39  ERROR     ERROR: request ask for transaction_id=46 but got id=230, Skipping.
2026-06-24T11:00:39  ERROR     ERROR: request ask for transaction_id=46 but got id=231, Skipping.
2026-06-24T11:00:39  ERROR     ERROR: request ask for transaction_id=46 but got id=232, Skipping.
2026-06-24T11:00:39  ERROR     ERROR: request ask for transaction_id=46 but got id=233, Skipping.
2026-06-24T11:00:39  ERROR     ERROR: request ask for transaction_id=46 but got id=234, Skipping.
2026-06-24T11:00:39  ERROR     ERROR: request ask for transaction_id=46 but got id=235, Skipping.
2026-06-24T11:00:39  ERROR     ERROR: request ask for transaction_id=46 but got id=236, Skipping.
2026-06-24T11:00:39  ERROR     ERROR: request ask for transaction_id=46 but got id=237, Skipping.
2026-06-24T11:00:39  ERROR     ERROR: request ask for transaction_id=46 but got id=238, Skipping.
2026-06-24T11:00:39  ERROR     ERROR: request ask for transaction_id=46 but got id=239, Skipping.
2026-06-24T11:00:39  ERROR     ERROR: request ask for transaction_id=46 but got id=240, Skipping.
2026-06-24T11:00:39  INFO      Poll OK — 2026-06-24T18:00:39.285441+00:00
2026-06-24T11:00:49  ERROR     ERROR: request ask for transaction_id=61 but got id=241, Skipping.
2026-06-24T11:00:49  ERROR     ERROR: request ask for transaction_id=61 but got id=242, Skipping.
2026-06-24T11:00:49  ERROR     ERROR: request ask for transaction_id=61 but got id=243, Skipping.
2026-06-24T11:00:49  ERROR     ERROR: request ask for transaction_id=61 but got id=244, Skipping.
2026-06-24T11:00:49  ERROR     ERROR: request ask for transaction_id=61 but got id=245, Skipping.
2026-06-24T11:00:49  ERROR     ERROR: request ask for transaction_id=61 but got id=246, Skipping.
2026-06-24T11:00:49  ERROR     ERROR: request ask for transaction_id=61 but got id=247, Skipping.
2026-06-24T11:00:49  ERROR     ERROR: request ask for transaction_id=61 but got id=248, Skipping.
2026-06-24T11:00:49  ERROR     ERROR: request ask for transaction_id=61 but got id=249, Skipping.
2026-06-24T11:00:49  ERROR     ERROR: request ask for transaction_id=61 but got id=250, Skipping.
2026-06-24T11:00:49  ERROR     ERROR: request ask for transaction_id=61 but got id=251, Skipping.
2026-06-24T11:00:49  ERROR     ERROR: request ask for transaction_id=61 but got id=252, Skipping.
2026-06-24T11:00:49  ERROR     ERROR: request ask for transaction_id=61 but got id=253, Skipping.
2026-06-24T11:00:49  ERROR     ERROR: request ask for transaction_id=61 but got id=254, Skipping.
2026-06-24T11:00:49  ERROR     ERROR: request ask for transaction_id=61 but got id=255, Skipping.
2026-06-24T11:00:50  INFO      Poll OK — 2026-06-24T18:00:49.751057+00:00
2026-06-24T11:01:00  ERROR     ERROR: request ask for transaction_id=76 but got id=256, Skipping.
2026-06-24T11:01:00  ERROR     ERROR: request ask for transaction_id=76 but got id=257, Skipping.
2026-06-24T11:01:00  ERROR     ERROR: request ask for transaction_id=76 but got id=258, Skipping.
2026-06-24T11:01:00  ERROR     ERROR: request ask for transaction_id=76 but got id=259, Skipping.
2026-06-24T11:01:00  ERROR     ERROR: request ask for transaction_id=76 but got id=260, Skipping.
2026-06-24T11:01:00  ERROR     ERROR: request ask for transaction_id=76 but got id=261, Skipping.
2026-06-24T11:01:00  ERROR     ERROR: request ask for transaction_id=76 but got id=262, Skipping.
2026-06-24T11:01:00  ERROR     ERROR: request ask for transaction_id=76 but got id=263, Skipping.
2026-06-24T11:01:00  ERROR     ERROR: request ask for transaction_id=76 but got id=264, Skipping.
2026-06-24T11:01:00  ERROR     ERROR: request ask for transaction_id=76 but got id=265, Skipping.
2026-06-24T11:01:00  ERROR     ERROR: request ask for transaction_id=76 but got id=266, Skipping.
2026-06-24T11:01:00  ERROR     ERROR: request ask for transaction_id=76 but got id=267, Skipping.
2026-06-24T11:01:00  ERROR     ERROR: request ask for transaction_id=76 but got id=268, Skipping.
2026-06-24T11:01:00  ERROR     ERROR: request ask for transaction_id=76 but got id=269, Skipping.
2026-06-24T11:01:00  ERROR     ERROR: request ask for transaction_id=76 but got id=270, Skipping.
2026-06-24T11:01:00  INFO      Poll OK — 2026-06-24T18:01:00.212321+00:00
2026-06-24T11:01:10  ERROR     ERROR: request ask for transaction_id=91 but got id=271, Skipping.
2026-06-24T11:01:10  ERROR     ERROR: request ask for transaction_id=91 but got id=272, Skipping.
2026-06-24T11:01:10  ERROR     ERROR: request ask for transaction_id=91 but got id=273, Skipping.
2026-06-24T11:01:10  ERROR     ERROR: request ask for transaction_id=91 but got id=274, Skipping.
2026-06-24T11:01:10  ERROR     ERROR: request ask for transaction_id=91 but got id=275, Skipping.
2026-06-24T11:01:10  ERROR     ERROR: request ask for transaction_id=91 but got id=276, Skipping.
2026-06-24T11:01:10  ERROR     ERROR: request ask for transaction_id=91 but got id=277, Skipping.
2026-06-24T11:01:10  ERROR     ERROR: request ask for transaction_id=91 but got id=278, Skipping.
2026-06-24T11:01:10  ERROR     ERROR: request ask for transaction_id=91 but got id=279, Skipping.
2026-06-24T11:01:10  ERROR     ERROR: request ask for transaction_id=91 but got id=280, Skipping.
2026-06-24T11:01:10  ERROR     ERROR: request ask for transaction_id=91 but got id=281, Skipping.
2026-06-24T11:01:10  ERROR     ERROR: request ask for transaction_id=91 but got id=282, Skipping.
2026-06-24T11:01:10  ERROR     ERROR: request ask for transaction_id=91 but got id=283, Skipping.
2026-06-24T11:01:10  ERROR     ERROR: request ask for transaction_id=91 but got id=284, Skipping.
2026-06-24T11:01:10  ERROR     ERROR: request ask for transaction_id=91 but got id=285, Skipping.
2026-06-24T11:01:11  INFO      Poll OK — 2026-06-24T18:01:10.683891+00:00
2026-06-24T11:01:21  ERROR     ERROR: request ask for transaction_id=106 but got id=286, Skipping.
2026-06-24T11:01:21  ERROR     ERROR: request ask for transaction_id=106 but got id=287, Skipping.
2026-06-24T11:01:21  ERROR     ERROR: request ask for transaction_id=106 but got id=288, Skipping.
2026-06-24T11:01:21  ERROR     ERROR: request ask for transaction_id=106 but got id=289, Skipping.
2026-06-24T11:01:21  ERROR     ERROR: request ask for transaction_id=106 but got id=290, Skipping.
2026-06-24T11:01:21  ERROR     ERROR: request ask for transaction_id=106 but got id=291, Skipping.
2026-06-24T11:01:21  ERROR     ERROR: request ask for transaction_id=106 but got id=292, Skipping.
2026-06-24T11:01:21  ERROR     ERROR: request ask for transaction_id=106 but got id=293, Skipping.
2026-06-24T11:01:21  ERROR     ERROR: request ask for transaction_id=106 but got id=294, Skipping.
2026-06-24T11:01:21  ERROR     ERROR: request ask for transaction_id=106 but got id=295, Skipping.
2026-06-24T11:01:21  ERROR     ERROR: request ask for transaction_id=106 but got id=296, Skipping.
2026-06-24T11:01:21  ERROR     ERROR: request ask for transaction_id=106 but got id=297, Skipping.
2026-06-24T11:01:21  ERROR     ERROR: request ask for transaction_id=106 but got id=298, Skipping.
2026-06-24T11:01:21  ERROR     ERROR: request ask for transaction_id=106 but got id=299, Skipping.
2026-06-24T11:01:21  ERROR     ERROR: request ask for transaction_id=106 but got id=300, Skipping.
2026-06-24T11:01:21  INFO      Poll OK — 2026-06-24T18:01:21.145943+00:00
2026-06-24T11:01:31  ERROR     ERROR: request ask for transaction_id=121 but got id=301, Skipping.
2026-06-24T11:01:31  ERROR     ERROR: request ask for transaction_id=121 but got id=302, Skipping.
2026-06-24T11:01:31  ERROR     ERROR: request ask for transaction_id=121 but got id=303, Skipping.
2026-06-24T11:01:31  ERROR     ERROR: request ask for transaction_id=121 but got id=304, Skipping.
2026-06-24T11:01:31  ERROR     ERROR: request ask for transaction_id=121 but got id=305, Skipping.
2026-06-24T11:01:31  ERROR     ERROR: request ask for transaction_id=121 but got id=306, Skipping.
2026-06-24T11:01:31  ERROR     ERROR: request ask for transaction_id=121 but got id=307, Skipping.
2026-06-24T11:01:31  ERROR     ERROR: request ask for transaction_id=121 but got id=308, Skipping.
2026-06-24T11:01:31  ERROR     ERROR: request ask for transaction_id=121 but got id=309, Skipping.
2026-06-24T11:01:31  ERROR     ERROR: request ask for transaction_id=121 but got id=310, Skipping.
2026-06-24T11:01:31  ERROR     ERROR: request ask for transaction_id=121 but got id=311, Skipping.
2026-06-24T11:01:31  ERROR     ERROR: request ask for transaction_id=121 but got id=312, Skipping.
2026-06-24T11:01:31  ERROR     ERROR: request ask for transaction_id=121 but got id=313, Skipping.
2026-06-24T11:01:31  ERROR     ERROR: request ask for transaction_id=121 but got id=314, Skipping.
2026-06-24T11:01:31  ERROR     ERROR: request ask for transaction_id=121 but got id=315, Skipping.
2026-06-24T11:01:32  INFO      Poll OK — 2026-06-24T18:01:31.617793+00:00
2026-06-24T11:01:42  ERROR     ERROR: request ask for transaction_id=136 but got id=316, Skipping.
2026-06-24T11:01:42  ERROR     ERROR: request ask for transaction_id=136 but got id=317, Skipping.
2026-06-24T11:01:42  ERROR     ERROR: request ask for transaction_id=136 but got id=318, Skipping.
2026-06-24T11:01:42  ERROR     ERROR: request ask for transaction_id=136 but got id=319, Skipping.
2026-06-24T11:01:42  ERROR     ERROR: request ask for transaction_id=136 but got id=320, Skipping.
2026-06-24T11:01:42  ERROR     ERROR: request ask for transaction_id=136 but got id=321, Skipping.
2026-06-24T11:01:42  ERROR     ERROR: request ask for transaction_id=136 but got id=322, Skipping.
2026-06-24T11:01:42  ERROR     ERROR: request ask for transaction_id=136 but got id=323, Skipping.
2026-06-24T11:01:42  ERROR     ERROR: request ask for transaction_id=136 but got id=324, Skipping.
2026-06-24T11:01:42  ERROR     ERROR: request ask for transaction_id=136 but got id=325, Skipping.
2026-06-24T11:01:42  ERROR     ERROR: request ask for transaction_id=136 but got id=326, Skipping.
2026-06-24T11:01:42  ERROR     ERROR: request ask for transaction_id=136 but got id=327, Skipping.
2026-06-24T11:01:42  ERROR     ERROR: request ask for transaction_id=136 but got id=328, Skipping.
2026-06-24T11:01:42  ERROR     ERROR: request ask for transaction_id=136 but got id=329, Skipping.
2026-06-24T11:01:42  ERROR     ERROR: request ask for transaction_id=136 but got id=330, Skipping.
2026-06-24T11:01:42  INFO      Poll OK — 2026-06-24T18:01:42.089211+00:00
2026-06-24T11:01:52  ERROR     ERROR: request ask for transaction_id=151 but got id=331, Skipping.
2026-06-24T11:01:52  ERROR     ERROR: request ask for transaction_id=151 but got id=332, Skipping.
2026-06-24T11:01:52  ERROR     ERROR: request ask for transaction_id=151 but got id=333, Skipping.
2026-06-24T11:01:52  ERROR     ERROR: request ask for transaction_id=151 but got id=334, Skipping.
2026-06-24T11:01:52  ERROR     ERROR: request ask for transaction_id=151 but got id=335, Skipping.
2026-06-24T11:01:52  ERROR     ERROR: request ask for transaction_id=151 but got id=336, Skipping.
2026-06-24T11:01:52  ERROR     ERROR: request ask for transaction_id=151 but got id=337, Skipping.
2026-06-24T11:01:52  ERROR     ERROR: request ask for transaction_id=151 but got id=338, Skipping.
2026-06-24T11:01:52  ERROR     ERROR: request ask for transaction_id=151 but got id=339, Skipping.
2026-06-24T11:01:52  ERROR     ERROR: request ask for transaction_id=151 but got id=340, Skipping.
2026-06-24T11:01:52  ERROR     ERROR: request ask for transaction_id=151 but got id=341, Skipping.
2026-06-24T11:01:52  ERROR     ERROR: request ask for transaction_id=151 but got id=342, Skipping.
2026-06-24T11:01:52  ERROR     ERROR: request ask for transaction_id=151 but got id=343, Skipping.
2026-06-24T11:01:52  ERROR     ERROR: request ask for transaction_id=151 but got id=344, Skipping.
2026-06-24T11:01:52  ERROR     ERROR: request ask for transaction_id=151 but got id=345, Skipping.
2026-06-24T11:01:53  INFO      Poll OK — 2026-06-24T18:01:52.550392+00:00
2026-06-24T11:02:03  ERROR     ERROR: request ask for transaction_id=166 but got id=346, Skipping.
2026-06-24T11:02:03  ERROR     ERROR: request ask for transaction_id=166 but got id=347, Skipping.
2026-06-24T11:02:03  ERROR     ERROR: request ask for transaction_id=166 but got id=348, Skipping.
2026-06-24T11:02:03  ERROR     ERROR: request ask for transaction_id=166 but got id=349, Skipping.
2026-06-24T11:02:03  ERROR     ERROR: request ask for transaction_id=166 but got id=350, Skipping.
2026-06-24T11:02:03  ERROR     ERROR: request ask for transaction_id=166 but got id=351, Skipping.
2026-06-24T11:02:03  ERROR     ERROR: request ask for transaction_id=166 but got id=352, Skipping.
2026-06-24T11:02:03  ERROR     ERROR: request ask for transaction_id=166 but got id=353, Skipping.
2026-06-24T11:02:03  ERROR     ERROR: request ask for transaction_id=166 but got id=354, Skipping.
2026-06-24T11:02:03  ERROR     ERROR: request ask for transaction_id=166 but got id=355, Skipping.
2026-06-24T11:02:03  ERROR     ERROR: request ask for transaction_id=166 but got id=356, Skipping.
2026-06-24T11:02:03  ERROR     ERROR: request ask for transaction_id=166 but got id=357, Skipping.
2026-06-24T11:02:03  ERROR     ERROR: request ask for transaction_id=166 but got id=358, Skipping.
2026-06-24T11:02:03  ERROR     ERROR: request ask for transaction_id=166 but got id=359, Skipping.
2026-06-24T11:02:03  ERROR     ERROR: request ask for transaction_id=166 but got id=360, Skipping.
2026-06-24T11:02:03  INFO      Poll OK — 2026-06-24T18:02:03.012707+00:00
2026-06-24T11:02:13  ERROR     ERROR: request ask for transaction_id=181 but got id=361, Skipping.
2026-06-24T11:02:13  ERROR     ERROR: request ask for transaction_id=181 but got id=362, Skipping.
2026-06-24T11:02:13  ERROR     ERROR: request ask for transaction_id=181 but got id=363, Skipping.
2026-06-24T11:02:13  ERROR     ERROR: request ask for transaction_id=181 but got id=364, Skipping.
2026-06-24T11:02:13  ERROR     ERROR: request ask for transaction_id=181 but got id=365, Skipping.
2026-06-24T11:02:13  ERROR     ERROR: request ask for transaction_id=181 but got id=366, Skipping.
2026-06-24T11:02:13  ERROR     ERROR: request ask for transaction_id=181 but got id=367, Skipping.
2026-06-24T11:02:13  ERROR     ERROR: request ask for transaction_id=181 but got id=368, Skipping.
2026-06-24T11:02:13  ERROR     ERROR: request ask for transaction_id=181 but got id=369, Skipping.
2026-06-24T11:02:13  ERROR     ERROR: request ask for transaction_id=181 but got id=370, Skipping.
2026-06-24T11:02:13  ERROR     ERROR: request ask for transaction_id=181 but got id=371, Skipping.
2026-06-24T11:02:13  ERROR     ERROR: request ask for transaction_id=181 but got id=372, Skipping.
2026-06-24T11:02:13  ERROR     ERROR: request ask for transaction_id=181 but got id=373, Skipping.
2026-06-24T11:02:13  ERROR     ERROR: request ask for transaction_id=181 but got id=374, Skipping.
2026-06-24T11:02:13  ERROR     ERROR: request ask for transaction_id=181 but got id=375, Skipping.
2026-06-24T11:02:13  INFO      Poll OK — 2026-06-24T18:02:13.472917+00:00
2026-06-24T11:02:23  ERROR     ERROR: request ask for transaction_id=196 but got id=376, Skipping.
2026-06-24T11:02:23  ERROR     ERROR: request ask for transaction_id=196 but got id=377, Skipping.
2026-06-24T11:02:23  ERROR     ERROR: request ask for transaction_id=196 but got id=378, Skipping.
2026-06-24T11:02:23  ERROR     ERROR: request ask for transaction_id=196 but got id=379, Skipping.
2026-06-24T11:02:23  ERROR     ERROR: request ask for transaction_id=196 but got id=380, Skipping.
2026-06-24T11:02:23  ERROR     ERROR: request ask for transaction_id=196 but got id=381, Skipping.
2026-06-24T11:02:23  ERROR     ERROR: request ask for transaction_id=196 but got id=382, Skipping.
2026-06-24T11:02:23  ERROR     ERROR: request ask for transaction_id=196 but got id=383, Skipping.
2026-06-24T11:02:23  ERROR     ERROR: request ask for transaction_id=196 but got id=384, Skipping.
2026-06-24T11:02:23  ERROR     ERROR: request ask for transaction_id=196 but got id=385, Skipping.
2026-06-24T11:02:23  ERROR     ERROR: request ask for transaction_id=196 but got id=386, Skipping.
2026-06-24T11:02:23  ERROR     ERROR: request ask for transaction_id=196 but got id=387, Skipping.
2026-06-24T11:02:23  ERROR     ERROR: request ask for transaction_id=196 but got id=388, Skipping.
2026-06-24T11:02:23  ERROR     ERROR: request ask for transaction_id=196 but got id=389, Skipping.
2026-06-24T11:02:23  ERROR     ERROR: request ask for transaction_id=196 but got id=390, Skipping.
2026-06-24T11:02:24  INFO      Poll OK — 2026-06-24T18:02:23.948321+00:00
2026-06-24T11:02:34  ERROR     ERROR: request ask for transaction_id=211 but got id=391, Skipping.
2026-06-24T11:02:34  ERROR     ERROR: request ask for transaction_id=211 but got id=392, Skipping.
2026-06-24T11:02:34  ERROR     ERROR: request ask for transaction_id=211 but got id=393, Skipping.
2026-06-24T11:02:34  ERROR     ERROR: request ask for transaction_id=211 but got id=394, Skipping.
2026-06-24T11:02:34  ERROR     ERROR: request ask for transaction_id=211 but got id=395, Skipping.
2026-06-24T11:02:34  ERROR     ERROR: request ask for transaction_id=211 but got id=396, Skipping.
2026-06-24T11:02:34  ERROR     ERROR: request ask for transaction_id=211 but got id=397, Skipping.
2026-06-24T11:02:34  ERROR     ERROR: request ask for transaction_id=211 but got id=398, Skipping.
2026-06-24T11:02:34  ERROR     ERROR: request ask for transaction_id=211 but got id=399, Skipping.
2026-06-24T11:02:34  ERROR     ERROR: request ask for transaction_id=211 but got id=400, Skipping.
2026-06-24T11:02:34  ERROR     ERROR: request ask for transaction_id=211 but got id=401, Skipping.
2026-06-24T11:02:34  ERROR     ERROR: request ask for transaction_id=211 but got id=402, Skipping.
2026-06-24T11:02:34  ERROR     ERROR: request ask for transaction_id=211 but got id=403, Skipping.
2026-06-24T11:02:34  ERROR     ERROR: request ask for transaction_id=211 but got id=404, Skipping.
2026-06-24T11:02:34  ERROR     ERROR: request ask for transaction_id=211 but got id=405, Skipping.
2026-06-24T11:02:34  INFO      Poll OK — 2026-06-24T18:02:34.411045+00:00
2026-06-24T11:02:44  ERROR     ERROR: request ask for transaction_id=226 but got id=406, Skipping.
2026-06-24T11:02:44  ERROR     ERROR: request ask for transaction_id=226 but got id=407, Skipping.
2026-06-24T11:02:44  ERROR     ERROR: request ask for transaction_id=226 but got id=408, Skipping.
2026-06-24T11:02:44  ERROR     ERROR: request ask for transaction_id=226 but got id=409, Skipping.
2026-06-24T11:02:44  ERROR     ERROR: request ask for transaction_id=226 but got id=410, Skipping.
2026-06-24T11:02:44  ERROR     ERROR: request ask for transaction_id=226 but got id=411, Skipping.
2026-06-24T11:02:44  ERROR     ERROR: request ask for transaction_id=226 but got id=412, Skipping.
2026-06-24T11:02:44  ERROR     ERROR: request ask for transaction_id=226 but got id=413, Skipping.
2026-06-24T11:02:44  ERROR     ERROR: request ask for transaction_id=226 but got id=414, Skipping.
2026-06-24T11:02:44  ERROR     ERROR: request ask for transaction_id=226 but got id=415, Skipping.
2026-06-24T11:02:44  ERROR     ERROR: request ask for transaction_id=226 but got id=416, Skipping.
2026-06-24T11:02:44  ERROR     ERROR: request ask for transaction_id=226 but got id=417, Skipping.
2026-06-24T11:02:44  ERROR     ERROR: request ask for transaction_id=226 but got id=418, Skipping.
2026-06-24T11:02:44  ERROR     ERROR: request ask for transaction_id=226 but got id=419, Skipping.
2026-06-24T11:02:44  ERROR     ERROR: request ask for transaction_id=226 but got id=420, Skipping.
2026-06-24T11:02:45  INFO      Poll OK — 2026-06-24T18:02:44.873484+00:00
2026-06-24T11:02:55  ERROR     ERROR: request ask for transaction_id=241 but got id=421, Skipping.
2026-06-24T11:02:55  ERROR     ERROR: request ask for transaction_id=241 but got id=422, Skipping.
2026-06-24T11:02:55  ERROR     ERROR: request ask for transaction_id=241 but got id=423, Skipping.
2026-06-24T11:02:55  ERROR     ERROR: request ask for transaction_id=241 but got id=424, Skipping.
2026-06-24T11:02:55  ERROR     ERROR: request ask for transaction_id=241 but got id=425, Skipping.
2026-06-24T11:02:55  ERROR     ERROR: request ask for transaction_id=241 but got id=426, Skipping.
2026-06-24T11:02:55  ERROR     ERROR: request ask for transaction_id=241 but got id=427, Skipping.
2026-06-24T11:02:55  ERROR     ERROR: request ask for transaction_id=241 but got id=428, Skipping.
2026-06-24T11:02:55  ERROR     ERROR: request ask for transaction_id=241 but got id=429, Skipping.
2026-06-24T11:02:55  ERROR     ERROR: request ask for transaction_id=241 but got id=430, Skipping.
2026-06-24T11:02:55  ERROR     ERROR: request ask for transaction_id=241 but got id=431, Skipping.
2026-06-24T11:02:55  ERROR     ERROR: request ask for transaction_id=241 but got id=432, Skipping.
2026-06-24T11:02:55  ERROR     ERROR: request ask for transaction_id=241 but got id=433, Skipping.
2026-06-24T11:02:55  ERROR     ERROR: request ask for transaction_id=241 but got id=434, Skipping.
2026-06-24T11:02:55  ERROR     ERROR: request ask for transaction_id=241 but got id=435, Skipping.
2026-06-24T11:02:55  INFO      Poll OK — 2026-06-24T18:02:55.338464+00:00
2026-06-24T11:03:05  ERROR     ERROR: request ask for transaction_id=256 but got id=436, Skipping.
2026-06-24T11:03:05  ERROR     ERROR: request ask for transaction_id=256 but got id=437, Skipping.
2026-06-24T11:03:05  ERROR     ERROR: request ask for transaction_id=256 but got id=438, Skipping.
2026-06-24T11:03:05  ERROR     ERROR: request ask for transaction_id=256 but got id=439, Skipping.
2026-06-24T11:03:05  ERROR     ERROR: request ask for transaction_id=256 but got id=440, Skipping.
2026-06-24T11:03:05  ERROR     ERROR: request ask for transaction_id=256 but got id=441, Skipping.
2026-06-24T11:03:05  ERROR     ERROR: request ask for transaction_id=256 but got id=442, Skipping.
2026-06-24T11:03:05  ERROR     ERROR: request ask for transaction_id=256 but got id=443, Skipping.
2026-06-24T11:03:05  ERROR     ERROR: request ask for transaction_id=256 but got id=444, Skipping.
2026-06-24T11:03:05  ERROR     ERROR: request ask for transaction_id=256 but got id=445, Skipping.
2026-06-24T11:03:05  ERROR     ERROR: request ask for transaction_id=256 but got id=446, Skipping.
2026-06-24T11:03:05  ERROR     ERROR: request ask for transaction_id=256 but got id=447, Skipping.
2026-06-24T11:03:05  ERROR     ERROR: request ask for transaction_id=256 but got id=448, Skipping.
2026-06-24T11:03:05  ERROR     ERROR: request ask for transaction_id=256 but got id=449, Skipping.
2026-06-24T11:03:05  ERROR     ERROR: request ask for transaction_id=256 but got id=450, Skipping.
2026-06-24T11:03:06  INFO      Poll OK — 2026-06-24T18:03:05.818377+00:00
2026-06-24T11:03:16  ERROR     ERROR: request ask for transaction_id=271 but got id=451, Skipping.
2026-06-24T11:03:16  ERROR     ERROR: request ask for transaction_id=271 but got id=452, Skipping.
2026-06-24T11:03:16  ERROR     ERROR: request ask for transaction_id=271 but got id=453, Skipping.
2026-06-24T11:03:16  ERROR     ERROR: request ask for transaction_id=271 but got id=454, Skipping.
2026-06-24T11:03:16  ERROR     ERROR: request ask for transaction_id=271 but got id=455, Skipping.
2026-06-24T11:03:16  ERROR     ERROR: request ask for transaction_id=271 but got id=456, Skipping.
2026-06-24T11:03:16  ERROR     ERROR: request ask for transaction_id=271 but got id=457, Skipping.
2026-06-24T11:03:16  ERROR     ERROR: request ask for transaction_id=271 but got id=458, Skipping.
2026-06-24T11:03:16  ERROR     ERROR: request ask for transaction_id=271 but got id=459, Skipping.
2026-06-24T11:03:16  ERROR     ERROR: request ask for transaction_id=271 but got id=460, Skipping.
2026-06-24T11:03:16  ERROR     ERROR: request ask for transaction_id=271 but got id=461, Skipping.
2026-06-24T11:03:16  ERROR     ERROR: request ask for transaction_id=271 but got id=462, Skipping.
2026-06-24T11:03:16  ERROR     ERROR: request ask for transaction_id=271 but got id=463, Skipping.
2026-06-24T11:03:16  ERROR     ERROR: request ask for transaction_id=271 but got id=464, Skipping.
2026-06-24T11:03:16  ERROR     ERROR: request ask for transaction_id=271 but got id=465, Skipping.
2026-06-24T11:03:16  INFO      Poll OK — 2026-06-24T18:03:16.291173+00:00
nohup: ignoring input
2026-06-24T11:03:26  INFO      EPEVER MQTT bridge starting
2026-06-24T11:03:26  INFO        Modbus: 192.168.88.5:4001  slave 2
2026-06-24T11:03:26  INFO        MQTT:   192.168.88.3:1883  base topic rvtc/sensors/solar
2026-06-24T11:03:26  INFO        Poll interval: 10s
/home/ve7cbh/RV-total-control/config/epever_mqtt.py:200: DeprecationWarning: Callback API version 1 is deprecated, update to latest version
  mqttc = mqtt.Client(client_id="epever_mqtt_bridge", clean_session=True)
2026-06-24T11:03:26  INFO      Connecting to Modbus gateway…
2026-06-24T11:03:27  INFO      Poll OK — 2026-06-24T18:03:26.957489+00:00
2026-06-24T11:03:37  INFO      Poll OK — 2026-06-24T18:03:37.435061+00:00
2026-06-24T11:03:48  INFO      Poll OK — 2026-06-24T18:03:47.902155+00:00
2026-06-24T11:03:58  INFO      Poll OK — 2026-06-24T18:03:58.377155+00:00
2026-06-24T11:04:09  INFO      Poll OK — 2026-06-24T18:04:08.857644+00:00
2026-06-24T11:04:19  INFO      Poll OK — 2026-06-24T18:04:19.333805+00:00
2026-06-24T11:04:30  INFO      Poll OK — 2026-06-24T18:04:29.812917+00:00
2026-06-24T11:04:40  INFO      Poll OK — 2026-06-24T18:04:40.289218+00:00
2026-06-24T11:04:51  INFO      Poll OK — 2026-06-24T18:04:50.765798+00:00
2026-06-24T11:05:01  INFO      Poll OK — 2026-06-24T18:05:01.242437+00:00
2026-06-24T11:05:12  INFO      Poll OK — 2026-06-24T18:05:11.706874+00:00
2026-06-24T11:05:22  INFO      Poll OK — 2026-06-24T18:05:22.185074+00:00
2026-06-24T11:05:33  INFO      Poll OK — 2026-06-24T18:05:32.659263+00:00
2026-06-24T11:05:43  INFO      Poll OK — 2026-06-24T18:05:43.125553+00:00
2026-06-24T11:05:54  INFO      Poll OK — 2026-06-24T18:05:53.602486+00:00
2026-06-24T11:06:04  INFO      Poll OK — 2026-06-24T18:06:04.079972+00:00
2026-06-24T11:06:15  INFO      Poll OK — 2026-06-24T18:06:14.559959+00:00
2026-06-24T11:06:25  INFO      Poll OK — 2026-06-24T18:06:25.025191+00:00
2026-06-24T11:06:35  INFO      Poll OK — 2026-06-24T18:06:35.502545+00:00
2026-06-24T11:06:46  INFO      Poll OK — 2026-06-24T18:06:45.976925+00:00
2026-06-24T11:06:56  INFO      Poll OK — 2026-06-24T18:06:56.454907+00:00
2026-06-24T11:07:07  INFO      Poll OK — 2026-06-24T18:07:06.942200+00:00
2026-06-24T11:07:17  INFO      Poll OK — 2026-06-24T18:07:17.417651+00:00
2026-06-24T11:07:28  INFO      Poll OK — 2026-06-24T18:07:27.896080+00:00
2026-06-24T11:07:38  INFO      Poll OK — 2026-06-24T18:07:38.370057+00:00
2026-06-24T11:07:49  INFO      Poll OK — 2026-06-24T18:07:48.848167+00:00
2026-06-24T11:07:59  INFO      Poll OK — 2026-06-24T18:07:59.327375+00:00
2026-06-24T11:08:10  INFO      Poll OK — 2026-06-24T18:08:09.795057+00:00
2026-06-24T11:08:20  INFO      Poll OK — 2026-06-24T18:08:20.272682+00:00
2026-06-24T11:08:31  INFO      Poll OK — 2026-06-24T18:08:30.747361+00:00
2026-06-24T11:08:41  INFO      Poll OK — 2026-06-24T18:08:41.215300+00:00
2026-06-24T11:08:52  INFO      Poll OK — 2026-06-24T18:08:51.691420+00:00
2026-06-24T11:09:02  INFO      Poll OK — 2026-06-24T18:09:02.156972+00:00
2026-06-24T11:09:13  INFO      Poll OK — 2026-06-24T18:09:12.634965+00:00
2026-06-24T11:09:23  INFO      Poll OK — 2026-06-24T18:09:23.099072+00:00
2026-06-24T11:09:34  INFO      Poll OK — 2026-06-24T18:09:33.567326+00:00
2026-06-24T11:09:44  INFO      Poll OK — 2026-06-24T18:09:44.044580+00:00
2026-06-24T11:09:54  INFO      Poll OK — 2026-06-24T18:09:54.514078+00:00
2026-06-24T11:10:05  INFO      Poll OK — 2026-06-24T18:10:04.991252+00:00
2026-06-24T11:10:15  INFO      Poll OK — 2026-06-24T18:10:15.456346+00:00
2026-06-24T11:10:26  INFO      Poll OK — 2026-06-24T18:10:25.923582+00:00
2026-06-24T11:10:36  INFO      Poll OK — 2026-06-24T18:10:36.397965+00:00
2026-06-24T11:10:47  INFO      Poll OK — 2026-06-24T18:10:46.875751+00:00
2026-06-24T11:10:57  INFO      Poll OK — 2026-06-24T18:10:57.341160+00:00
2026-06-24T11:11:08  INFO      Poll OK — 2026-06-24T18:11:07.817630+00:00
2026-06-24T11:11:18  INFO      Poll OK — 2026-06-24T18:11:18.293680+00:00
2026-06-24T11:11:29  INFO      Poll OK — 2026-06-24T18:11:28.761088+00:00
2026-06-24T11:11:39  INFO      Poll OK — 2026-06-24T18:11:39.239897+00:00
2026-06-24T11:11:50  INFO      Poll OK — 2026-06-24T18:11:49.716415+00:00
2026-06-24T11:12:00  INFO      Poll OK — 2026-06-24T18:12:00.194637+00:00
2026-06-24T11:12:11  INFO      Poll OK — 2026-06-24T18:12:10.659555+00:00
2026-06-24T11:12:21  INFO      Poll OK — 2026-06-24T18:12:21.136039+00:00
2026-06-24T11:12:32  INFO      Poll OK — 2026-06-24T18:12:31.613224+00:00
2026-06-24T11:12:42  INFO      Poll OK — 2026-06-24T18:12:42.087406+00:00
2026-06-24T11:12:53  INFO      Poll OK — 2026-06-24T18:12:52.564659+00:00
2026-06-24T11:13:03  INFO      Poll OK — 2026-06-24T18:13:03.039735+00:00
2026-06-24T11:13:13  INFO      Poll OK — 2026-06-24T18:13:13.516079+00:00
2026-06-24T11:13:24  INFO      Poll OK — 2026-06-24T18:13:23.995343+00:00
2026-06-24T11:13:34  INFO      Poll OK — 2026-06-24T18:13:34.472651+00:00
2026-06-24T11:13:45  INFO      Poll OK — 2026-06-24T18:13:44.951913+00:00
2026-06-24T11:13:55  INFO      Poll OK — 2026-06-24T18:13:55.426938+00:00
2026-06-24T11:14:06  INFO      Poll OK — 2026-06-24T18:14:05.894368+00:00
2026-06-24T11:14:16  INFO      Poll OK — 2026-06-24T18:14:16.368564+00:00
2026-06-24T11:14:27  INFO      Poll OK — 2026-06-24T18:14:26.844751+00:00
2026-06-24T11:14:37  INFO      Poll OK — 2026-06-24T18:14:37.311852+00:00
2026-06-24T11:14:48  INFO      Poll OK — 2026-06-24T18:14:47.786336+00:00
2026-06-24T11:14:58  INFO      Poll OK — 2026-06-24T18:14:58.265558+00:00
2026-06-24T11:15:09  INFO      Poll OK — 2026-06-24T18:15:08.740967+00:00
2026-06-24T11:15:19  INFO      Poll OK — 2026-06-24T18:15:19.219862+00:00
2026-06-24T11:15:30  INFO      Poll OK — 2026-06-24T18:15:29.697254+00:00
2026-06-24T11:15:40  INFO      Poll OK — 2026-06-24T18:15:40.162679+00:00
2026-06-24T11:15:51  INFO      Poll OK — 2026-06-24T18:15:50.630396+00:00
2026-06-24T11:16:01  INFO      Poll OK — 2026-06-24T18:16:01.095664+00:00
2026-06-24T11:16:12  INFO      Poll OK — 2026-06-24T18:16:11.572801+00:00
2026-06-24T11:16:22  INFO      Poll OK — 2026-06-24T18:16:22.048062+00:00
2026-06-24T11:16:32  INFO      Poll OK — 2026-06-24T18:16:32.513564+00:00
2026-06-24T11:16:43  INFO      Poll OK — 2026-06-24T18:16:42.991155+00:00
2026-06-24T11:16:53  INFO      Poll OK — 2026-06-24T18:16:53.465670+00:00
2026-06-24T11:17:04  INFO      Poll OK — 2026-06-24T18:17:03.947220+00:00
2026-06-24T11:17:14  INFO      Poll OK — 2026-06-24T18:17:14.423403+00:00
2026-06-24T11:17:25  INFO      Poll OK — 2026-06-24T18:17:24.901616+00:00
2026-06-24T11:17:35  INFO      Poll OK — 2026-06-24T18:17:35.376804+00:00
2026-06-24T11:17:46  INFO      Poll OK — 2026-06-24T18:17:45.842019+00:00
2026-06-24T11:17:56  INFO      Poll OK — 2026-06-24T18:17:56.330440+00:00
2026-06-24T11:18:07  INFO      Poll OK — 2026-06-24T18:18:06.804518+00:00
2026-06-24T11:18:17  INFO      Poll OK — 2026-06-24T18:18:17.272755+00:00
2026-06-24T11:18:28  INFO      Poll OK — 2026-06-24T18:18:27.736967+00:00
2026-06-24T11:18:38  INFO      Poll OK — 2026-06-24T18:18:38.213167+00:00
2026-06-24T11:18:49  INFO      Poll OK — 2026-06-24T18:18:48.681350+00:00
2026-06-24T11:18:59  INFO      Poll OK — 2026-06-24T18:18:59.158296+00:00
2026-06-24T11:19:10  INFO      Poll OK — 2026-06-24T18:19:09.638727+00:00
2026-06-24T11:19:20  INFO      Poll OK — 2026-06-24T18:19:20.112612+00:00
2026-06-24T11:19:31  INFO      Poll OK — 2026-06-24T18:19:30.590267+00:00
2026-06-24T11:19:41  INFO      Poll OK — 2026-06-24T18:19:41.056308+00:00
2026-06-24T11:19:52  INFO      Poll OK — 2026-06-24T18:19:51.531827+00:00
2026-06-24T11:20:02  INFO      Poll OK — 2026-06-24T18:20:02.009807+00:00
2026-06-24T11:20:12  INFO      Poll OK — 2026-06-24T18:20:12.474061+00:00
2026-06-24T11:20:23  INFO      Poll OK — 2026-06-24T18:20:22.961604+00:00
2026-06-24T11:20:33  INFO      Poll OK — 2026-06-24T18:20:33.436675+00:00
2026-06-24T11:20:44  INFO      Poll OK — 2026-06-24T18:20:43.915954+00:00
2026-06-24T11:20:54  INFO      Poll OK — 2026-06-24T18:20:54.384056+00:00
2026-06-24T11:21:05  INFO      Poll OK — 2026-06-24T18:21:04.861215+00:00
2026-06-24T11:21:15  INFO      Poll OK — 2026-06-24T18:21:15.338661+00:00
2026-06-24T11:21:26  INFO      Poll OK — 2026-06-24T18:21:25.822724+00:00
2026-06-24T11:21:36  INFO      Poll OK — 2026-06-24T18:21:36.289994+00:00
2026-06-24T11:21:47  INFO      Poll OK — 2026-06-24T18:21:46.765143+00:00
2026-06-24T11:21:57  INFO      Poll OK — 2026-06-24T18:21:57.240430+00:00
2026-06-24T11:22:08  INFO      Poll OK — 2026-06-24T18:22:07.719530+00:00
2026-06-24T11:22:18  INFO      Poll OK — 2026-06-24T18:22:18.193860+00:00
2026-06-24T11:22:29  INFO      Poll OK — 2026-06-24T18:22:28.662571+00:00
2026-06-24T11:22:39  INFO      Poll OK — 2026-06-24T18:22:39.140270+00:00
2026-06-24T11:22:50  INFO      Poll OK — 2026-06-24T18:22:49.619480+00:00
2026-06-24T11:23:00  INFO      Poll OK — 2026-06-24T18:23:00.096916+00:00
2026-06-24T11:23:11  INFO      Poll OK — 2026-06-24T18:23:10.572040+00:00
2026-06-24T11:23:21  INFO      Poll OK — 2026-06-24T18:23:21.050504+00:00
2026-06-24T11:23:31  INFO      Poll OK — 2026-06-24T18:23:31.514571+00:00
2026-06-24T11:23:42  INFO      Poll OK — 2026-06-24T18:23:41.991680+00:00
2026-06-24T11:23:52  INFO      Poll OK — 2026-06-24T18:23:52.466642+00:00
2026-06-24T11:24:03  INFO      Poll OK — 2026-06-24T18:24:02.943228+00:00
2026-06-24T11:24:13  INFO      Poll OK — 2026-06-24T18:24:13.421506+00:00
2026-06-24T11:24:24  INFO      Poll OK — 2026-06-24T18:24:23.909035+00:00
2026-06-24T11:24:34  INFO      Poll OK — 2026-06-24T18:24:34.389622+00:00
2026-06-24T11:24:45  INFO      Poll OK — 2026-06-24T18:24:44.855078+00:00
2026-06-24T11:24:55  INFO      Poll OK — 2026-06-24T18:24:55.332389+00:00
2026-06-24T11:25:06  INFO      Poll OK — 2026-06-24T18:25:05.809220+00:00
2026-06-24T11:25:16  INFO      Poll OK — 2026-06-24T18:25:16.284517+00:00
2026-06-24T11:25:27  INFO      Poll OK — 2026-06-24T18:25:26.762194+00:00
2026-06-24T11:25:37  INFO      Poll OK — 2026-06-24T18:25:37.227277+00:00
2026-06-24T11:25:48  INFO      Poll OK — 2026-06-24T18:25:47.694484+00:00
2026-06-24T11:25:58  INFO      Poll OK — 2026-06-24T18:25:58.169901+00:00
2026-06-24T11:26:09  INFO      Poll OK — 2026-06-24T18:26:08.648063+00:00
2026-06-24T11:26:19  INFO      Poll OK — 2026-06-24T18:26:19.128178+00:00
2026-06-24T11:26:30  INFO      Poll OK — 2026-06-24T18:26:29.605576+00:00
2026-06-24T11:26:40  INFO      Poll OK — 2026-06-24T18:26:40.082643+00:00
2026-06-24T11:26:51  INFO      Poll OK — 2026-06-24T18:26:50.557932+00:00
2026-06-24T11:27:01  INFO      Poll OK — 2026-06-24T18:27:01.034325+00:00
2026-06-24T11:27:11  INFO      Poll OK — 2026-06-24T18:27:11.501974+00:00
2026-06-24T11:27:22  INFO      Poll OK — 2026-06-24T18:27:21.976280+00:00
2026-06-24T11:27:32  INFO      Poll OK — 2026-06-24T18:27:32.454735+00:00
2026-06-24T11:27:43  INFO      Poll OK — 2026-06-24T18:27:42.918846+00:00
2026-06-24T11:27:53  INFO      Poll OK — 2026-06-24T18:27:53.395939+00:00
2026-06-24T11:28:04  INFO      Poll OK — 2026-06-24T18:28:03.874315+00:00
2026-06-24T11:28:14  INFO      Poll OK — 2026-06-24T18:28:14.353608+00:00
2026-06-24T11:28:25  INFO      Poll OK — 2026-06-24T18:28:24.832702+00:00
2026-06-24T11:28:35  INFO      Poll OK — 2026-06-24T18:28:35.297024+00:00
2026-06-24T11:28:46  INFO      Poll OK — 2026-06-24T18:28:45.774895+00:00
2026-06-24T11:28:56  INFO      Poll OK — 2026-06-24T18:28:56.239495+00:00
2026-06-24T11:29:07  INFO      Poll OK — 2026-06-24T18:29:06.716706+00:00
2026-06-24T11:29:17  INFO      Poll OK — 2026-06-24T18:29:17.193035+00:00
2026-06-24T11:29:28  INFO      Poll OK — 2026-06-24T18:29:27.668178+00:00
2026-06-24T11:29:38  INFO      Poll OK — 2026-06-24T18:29:38.146396+00:00
2026-06-24T11:29:49  INFO      Poll OK — 2026-06-24T18:29:48.612624+00:00
2026-06-24T11:29:59  INFO      Poll OK — 2026-06-24T18:29:59.092923+00:00
2026-06-24T11:30:10  INFO      Poll OK — 2026-06-24T18:30:09.570238+00:00
2026-06-24T11:30:20  INFO      Poll OK — 2026-06-24T18:30:20.046180+00:00
2026-06-24T11:30:30  INFO      Poll OK — 2026-06-24T18:30:30.524388+00:00
2026-06-24T11:30:41  INFO      Poll OK — 2026-06-24T18:30:40.988199+00:00
2026-06-24T11:30:51  INFO      Poll OK — 2026-06-24T18:30:51.466910+00:00
2026-06-24T11:31:02  INFO      Poll OK — 2026-06-24T18:31:01.941203+00:00
2026-06-24T11:31:12  INFO      Poll OK — 2026-06-24T18:31:12.419495+00:00
2026-06-24T11:31:23  INFO      Poll OK — 2026-06-24T18:31:22.894795+00:00
2026-06-24T11:31:33  INFO      Poll OK — 2026-06-24T18:31:33.370877+00:00
2026-06-24T11:31:44  INFO      Poll OK — 2026-06-24T18:31:43.841140+00:00
2026-06-24T11:31:54  INFO      Poll OK — 2026-06-24T18:31:54.328287+00:00
2026-06-24T11:32:05  INFO      Poll OK — 2026-06-24T18:32:04.806665+00:00
2026-06-24T11:32:15  INFO      Poll OK — 2026-06-24T18:32:15.282660+00:00
2026-06-24T11:32:26  INFO      Poll OK — 2026-06-24T18:32:25.758404+00:00
2026-06-24T11:32:36  INFO      Poll OK — 2026-06-24T18:32:36.226408+00:00
2026-06-24T11:32:47  INFO      Poll OK — 2026-06-24T18:32:46.701226+00:00
2026-06-24T11:32:57  INFO      Poll OK — 2026-06-24T18:32:57.168774+00:00
2026-06-24T11:33:08  INFO      Poll OK — 2026-06-24T18:33:07.642956+00:00
2026-06-24T11:33:18  INFO      Poll OK — 2026-06-24T18:33:18.111390+00:00
2026-06-24T11:33:29  INFO      Poll OK — 2026-06-24T18:33:28.588536+00:00
2026-06-24T11:33:39  INFO      Poll OK — 2026-06-24T18:33:39.076701+00:00
2026-06-24T11:33:50  INFO      Poll OK — 2026-06-24T18:33:49.557021+00:00
2026-06-24T11:34:00  INFO      Poll OK — 2026-06-24T18:34:00.032010+00:00
2026-06-24T11:34:10  INFO      Poll OK — 2026-06-24T18:34:10.508513+00:00
2026-06-24T11:34:21  INFO      Poll OK — 2026-06-24T18:34:20.984508+00:00
2026-06-24T11:34:31  INFO      Poll OK — 2026-06-24T18:34:31.461758+00:00
2026-06-24T11:34:42  INFO      Poll OK — 2026-06-24T18:34:41.938869+00:00
2026-06-24T11:34:52  INFO      Poll OK — 2026-06-24T18:34:52.413182+00:00
2026-06-24T11:35:03  INFO      Poll OK — 2026-06-24T18:35:02.891403+00:00
2026-06-24T11:35:13  INFO      Poll OK — 2026-06-24T18:35:13.366684+00:00
2026-06-24T11:35:24  INFO      Poll OK — 2026-06-24T18:35:23.856886+00:00
2026-06-24T11:35:34  INFO      Poll OK — 2026-06-24T18:35:34.335232+00:00
2026-06-24T11:35:45  INFO      Poll OK — 2026-06-24T18:35:44.802509+00:00
2026-06-24T11:35:55  INFO      Poll OK — 2026-06-24T18:35:55.269818+00:00
2026-06-24T11:36:06  INFO      Poll OK — 2026-06-24T18:36:05.744295+00:00
2026-06-24T11:36:16  INFO      Poll OK — 2026-06-24T18:36:16.211866+00:00
2026-06-24T11:36:27  INFO      Poll OK — 2026-06-24T18:36:26.677192+00:00
2026-06-24T11:36:37  INFO      Poll OK — 2026-06-24T18:36:37.154287+00:00
2026-06-24T11:36:48  INFO      Poll OK — 2026-06-24T18:36:47.620966+00:00
2026-06-24T11:36:58  INFO      Poll OK — 2026-06-24T18:36:58.085862+00:00
2026-06-24T11:37:09  INFO      Poll OK — 2026-06-24T18:37:08.575050+00:00
2026-06-24T11:37:19  INFO      Poll OK — 2026-06-24T18:37:19.053294+00:00
2026-06-24T11:37:30  INFO      Poll OK — 2026-06-24T18:37:29.541682+00:00
2026-06-24T11:37:40  INFO      Poll OK — 2026-06-24T18:37:40.017785+00:00
2026-06-24T11:37:50  INFO      Poll OK — 2026-06-24T18:37:50.493940+00:00
2026-06-24T11:38:01  INFO      Poll OK — 2026-06-24T18:38:00.971254+00:00
2026-06-24T11:38:11  INFO      Poll OK — 2026-06-24T18:38:11.435911+00:00
2026-06-24T11:38:22  INFO      Poll OK — 2026-06-24T18:38:21.904775+00:00
2026-06-24T11:38:32  INFO      Poll OK — 2026-06-24T18:38:32.379050+00:00
2026-06-24T11:38:43  INFO      Poll OK — 2026-06-24T18:38:42.856252+00:00
2026-06-24T11:38:53  INFO      Poll OK — 2026-06-24T18:38:53.332491+00:00
2026-06-24T11:39:04  INFO      Poll OK — 2026-06-24T18:39:03.809750+00:00
2026-06-24T11:39:14  INFO      Poll OK — 2026-06-24T18:39:14.289939+00:00
2026-06-24T11:39:25  INFO      Poll OK — 2026-06-24T18:39:24.766468+00:00
2026-06-24T11:39:35  INFO      Poll OK — 2026-06-24T18:39:35.233162+00:00
2026-06-24T11:39:46  INFO      Poll OK — 2026-06-24T18:39:45.707809+00:00
2026-06-24T11:39:56  INFO      Poll OK — 2026-06-24T18:39:56.174609+00:00
2026-06-24T11:40:07  INFO      Poll OK — 2026-06-24T18:40:06.652189+00:00
2026-06-24T11:40:17  INFO      Poll OK — 2026-06-24T18:40:17.127929+00:00
2026-06-24T11:40:28  INFO      Poll OK — 2026-06-24T18:40:27.607460+00:00
2026-06-24T11:40:38  INFO      Poll OK — 2026-06-24T18:40:38.082168+00:00
2026-06-24T11:40:49  INFO      Poll OK — 2026-06-24T18:40:48.560889+00:00
2026-06-24T11:40:59  INFO      Poll OK — 2026-06-24T18:40:59.028386+00:00
2026-06-24T11:41:09  INFO      Poll OK — 2026-06-24T18:41:09.506962+00:00
2026-06-24T11:41:20  INFO      Poll OK — 2026-06-24T18:41:19.975680+00:00
2026-06-24T11:41:30  INFO      Poll OK — 2026-06-24T18:41:30.453094+00:00
2026-06-24T11:41:41  INFO      Poll OK — 2026-06-24T18:41:40.940043+00:00
2026-06-24T11:41:51  INFO      Poll OK — 2026-06-24T18:41:51.405482+00:00
2026-06-24T11:42:02  INFO      Poll OK — 2026-06-24T18:42:01.882316+00:00
2026-06-24T11:42:12  INFO      Poll OK — 2026-06-24T18:42:12.359881+00:00
2026-06-24T11:42:23  INFO      Poll OK — 2026-06-24T18:42:22.835435+00:00
2026-06-24T11:42:33  INFO      Poll OK — 2026-06-24T18:42:33.323998+00:00
2026-06-24T11:42:44  INFO      Poll OK — 2026-06-24T18:42:43.790572+00:00
2026-06-24T11:42:54  INFO      Poll OK — 2026-06-24T18:42:54.270232+00:00
2026-06-24T11:43:05  INFO      Poll OK — 2026-06-24T18:43:04.738894+00:00
2026-06-24T11:43:15  INFO      Poll OK — 2026-06-24T18:43:15.214192+00:00
2026-06-24T11:43:26  INFO      Poll OK — 2026-06-24T18:43:25.692946+00:00
2026-06-24T11:43:36  INFO      Poll OK — 2026-06-24T18:43:36.158555+00:00
2026-06-24T11:43:47  INFO      Poll OK — 2026-06-24T18:43:46.636906+00:00
2026-06-24T11:43:57  INFO      Poll OK — 2026-06-24T18:43:57.111467+00:00
2026-06-24T11:44:08  INFO      Poll OK — 2026-06-24T18:44:07.577753+00:00
2026-06-24T11:44:18  INFO      Poll OK — 2026-06-24T18:44:18.055275+00:00
2026-06-24T11:44:29  INFO      Poll OK — 2026-06-24T18:44:28.531645+00:00
2026-06-24T11:44:39  INFO      Poll OK — 2026-06-24T18:44:39.017554+00:00
2026-06-24T11:44:49  INFO      Poll OK — 2026-06-24T18:44:49.489777+00:00
2026-06-24T11:45:00  INFO      Poll OK — 2026-06-24T18:44:59.968469+00:00
2026-06-24T11:45:10  INFO      Poll OK — 2026-06-24T18:45:10.444162+00:00
2026-06-24T11:45:21  INFO      Poll OK — 2026-06-24T18:45:20.919550+00:00
2026-06-24T11:45:31  INFO      Poll OK — 2026-06-24T18:45:31.398051+00:00
2026-06-24T11:45:42  INFO      Poll OK — 2026-06-24T18:45:41.861947+00:00
2026-06-24T11:45:52  INFO      Poll OK — 2026-06-24T18:45:52.341233+00:00
2026-06-24T11:46:03  INFO      Poll OK — 2026-06-24T18:46:02.815551+00:00
2026-06-24T11:46:13  INFO      Poll OK — 2026-06-24T18:46:13.291920+00:00
2026-06-24T11:46:24  INFO      Poll OK — 2026-06-24T18:46:23.760565+00:00
2026-06-24T11:46:34  INFO      Poll OK — 2026-06-24T18:46:34.238972+00:00
2026-06-24T11:46:45  INFO      Poll OK — 2026-06-24T18:46:44.708459+00:00
2026-06-24T11:46:55  INFO      Poll OK — 2026-06-24T18:46:55.172937+00:00
2026-06-24T11:47:06  INFO      Poll OK — 2026-06-24T18:47:05.650386+00:00
2026-06-24T11:47:16  INFO      Poll OK — 2026-06-24T18:47:16.125949+00:00
2026-06-24T11:47:27  INFO      Poll OK — 2026-06-24T18:47:26.601185+00:00
2026-06-24T11:47:37  INFO      Poll OK — 2026-06-24T18:47:37.079753+00:00
2026-06-24T11:47:48  INFO      Poll OK — 2026-06-24T18:47:47.545277+00:00
2026-06-24T11:47:58  INFO      Poll OK — 2026-06-24T18:47:58.023334+00:00
2026-06-24T11:48:08  INFO      Poll OK — 2026-06-24T18:48:08.487485+00:00
2026-06-24T11:48:19  INFO      Poll OK — 2026-06-24T18:48:18.958498+00:00
2026-06-24T11:48:29  INFO      Poll OK — 2026-06-24T18:48:29.426896+00:00
2026-06-24T11:48:40  INFO      Poll OK — 2026-06-24T18:48:39.903636+00:00
2026-06-24T11:48:50  INFO      Poll OK — 2026-06-24T18:48:50.382296+00:00
2026-06-24T11:49:01  INFO      Poll OK — 2026-06-24T18:49:00.857240+00:00
2026-06-24T11:49:11  INFO      Poll OK — 2026-06-24T18:49:11.324625+00:00
2026-06-24T11:49:22  INFO      Poll OK — 2026-06-24T18:49:21.800053+00:00
2026-06-24T11:49:32  INFO      Poll OK — 2026-06-24T18:49:32.266479+00:00
2026-06-24T11:49:43  INFO      Poll OK — 2026-06-24T18:49:42.743887+00:00
2026-06-24T11:49:53  INFO      Poll OK — 2026-06-24T18:49:53.209195+00:00
2026-06-24T11:50:04  INFO      Poll OK — 2026-06-24T18:50:03.678602+00:00
2026-06-24T11:50:14  INFO      Poll OK — 2026-06-24T18:50:14.145717+00:00
2026-06-24T11:50:25  INFO      Poll OK — 2026-06-24T18:50:24.624509+00:00
2026-06-24T11:50:35  INFO      Poll OK — 2026-06-24T18:50:35.112014+00:00
2026-06-24T11:50:46  INFO      Poll OK — 2026-06-24T18:50:45.587400+00:00
2026-06-24T11:50:56  INFO      Poll OK — 2026-06-24T18:50:56.065685+00:00
2026-06-24T11:51:07  INFO      Poll OK — 2026-06-24T18:51:06.540881+00:00
2026-06-24T11:51:17  INFO      Poll OK — 2026-06-24T18:51:17.009003+00:00
2026-06-24T11:51:27  INFO      Poll OK — 2026-06-24T18:51:27.482682+00:00
2026-06-24T11:51:38  INFO      Poll OK — 2026-06-24T18:51:37.960208+00:00
2026-06-24T11:51:48  INFO      Poll OK — 2026-06-24T18:51:48.427772+00:00
2026-06-24T11:51:59  INFO      Poll OK — 2026-06-24T18:51:58.905118+00:00
2026-06-24T11:52:09  INFO      Poll OK — 2026-06-24T18:52:09.385188+00:00
2026-06-24T11:52:20  INFO      Poll OK — 2026-06-24T18:52:19.861884+00:00
2026-06-24T11:52:30  INFO      Poll OK — 2026-06-24T18:52:30.339127+00:00
2026-06-24T11:52:41  INFO      Poll OK — 2026-06-24T18:52:40.826549+00:00
2026-06-24T11:52:51  INFO      Poll OK — 2026-06-24T18:52:51.302151+00:00
2026-06-24T11:53:02  INFO      Poll OK — 2026-06-24T18:53:01.769452+00:00
2026-06-24T11:53:12  INFO      Poll OK — 2026-06-24T18:53:12.244564+00:00
2026-06-24T11:53:23  INFO      Poll OK — 2026-06-24T18:53:22.712042+00:00
2026-06-24T11:53:33  INFO      Poll OK — 2026-06-24T18:53:33.187421+00:00
2026-06-24T11:53:44  INFO      Poll OK — 2026-06-24T18:53:43.665991+00:00
2026-06-24T11:53:54  INFO      Poll OK — 2026-06-24T18:53:54.145135+00:00
2026-06-24T11:54:05  INFO      Poll OK — 2026-06-24T18:54:04.622307+00:00
2026-06-24T11:54:15  INFO      Poll OK — 2026-06-24T18:54:15.101097+00:00
2026-06-24T11:54:26  INFO      Poll OK — 2026-06-24T18:54:25.575931+00:00
2026-06-24T11:54:36  INFO      Poll OK — 2026-06-24T18:54:36.053233+00:00
2026-06-24T11:54:46  INFO      Poll OK — 2026-06-24T18:54:46.518953+00:00
2026-06-24T11:54:57  INFO      Poll OK — 2026-06-24T18:54:56.995528+00:00
2026-06-24T11:55:07  INFO      Poll OK — 2026-06-24T18:55:07.462753+00:00
2026-06-24T11:55:18  INFO      Poll OK — 2026-06-24T18:55:17.937922+00:00
2026-06-24T11:55:28  INFO      Poll OK — 2026-06-24T18:55:28.405101+00:00
2026-06-24T11:55:39  INFO      Poll OK — 2026-06-24T18:55:38.872876+00:00
2026-06-24T11:55:49  INFO      Poll OK — 2026-06-24T18:55:49.342534+00:00
2026-06-24T11:56:00  INFO      Poll OK — 2026-06-24T18:55:59.810621+00:00
2026-06-24T11:56:10  INFO      Poll OK — 2026-06-24T18:56:10.305521+00:00
2026-06-24T11:56:21  INFO      Poll OK — 2026-06-24T18:56:20.784069+00:00
2026-06-24T11:56:31  INFO      Poll OK — 2026-06-24T18:56:31.258606+00:00
2026-06-24T11:56:42  INFO      Poll OK — 2026-06-24T18:56:41.766243+00:00
2026-06-24T11:56:52  INFO      Poll OK — 2026-06-24T18:56:52.243324+00:00
2026-06-24T11:57:03  INFO      Poll OK — 2026-06-24T18:57:02.718560+00:00
2026-06-24T11:57:13  INFO      Poll OK — 2026-06-24T18:57:13.186882+00:00
2026-06-24T11:57:24  INFO      Poll OK — 2026-06-24T18:57:23.663120+00:00
2026-06-24T11:57:34  INFO      Poll OK — 2026-06-24T18:57:34.143527+00:00
2026-06-24T11:57:45  INFO      Poll OK — 2026-06-24T18:57:44.620696+00:00
2026-06-24T11:57:55  INFO      Poll OK — 2026-06-24T18:57:55.098365+00:00
2026-06-24T11:58:06  INFO      Poll OK — 2026-06-24T18:58:05.574556+00:00
2026-06-24T11:58:16  INFO      Poll OK — 2026-06-24T18:58:16.039134+00:00
2026-06-24T11:58:26  INFO      Poll OK — 2026-06-24T18:58:26.518325+00:00
2026-06-24T11:58:37  INFO      Poll OK — 2026-06-24T18:58:36.992405+00:00
2026-06-24T11:58:47  INFO      Poll OK — 2026-06-24T18:58:47.470662+00:00
2026-06-24T11:58:58  INFO      Poll OK — 2026-06-24T18:58:57.946323+00:00
2026-06-24T11:59:08  INFO      Poll OK — 2026-06-24T18:59:08.412446+00:00
2026-06-24T11:59:19  INFO      Poll OK — 2026-06-24T18:59:18.892880+00:00
2026-06-24T11:59:29  INFO      Poll OK — 2026-06-24T18:59:29.360246+00:00
2026-06-24T11:59:40  INFO      Poll OK — 2026-06-24T18:59:39.839398+00:00
2026-06-24T11:59:50  INFO      Poll OK — 2026-06-24T18:59:50.304767+00:00
2026-06-24T12:00:01  INFO      Poll OK — 2026-06-24T19:00:00.772112+00:00
2026-06-24T12:00:11  INFO      Poll OK — 2026-06-24T19:00:11.248389+00:00
2026-06-24T12:00:22  INFO      Poll OK — 2026-06-24T19:00:21.723842+00:00
2026-06-24T12:00:32  INFO      Poll OK — 2026-06-24T19:00:32.202135+00:00
2026-06-24T12:00:43  INFO      Poll OK — 2026-06-24T19:00:42.666718+00:00
2026-06-24T12:00:53  INFO      Poll OK — 2026-06-24T19:00:53.144559+00:00
2026-06-24T12:01:04  INFO      Poll OK — 2026-06-24T19:01:03.622162+00:00
2026-06-24T12:01:14  INFO      Poll OK — 2026-06-24T19:01:14.100323+00:00
2026-06-24T12:01:25  INFO      Poll OK — 2026-06-24T19:01:24.580484+00:00
2026-06-24T12:01:35  INFO      Poll OK — 2026-06-24T19:01:35.045353+00:00
2026-06-24T12:01:45  INFO      Poll OK — 2026-06-24T19:01:45.514429+00:00
2026-06-24T12:01:56  INFO      Poll OK — 2026-06-24T19:01:55.977682+00:00
2026-06-24T12:02:06  INFO      Poll OK — 2026-06-24T19:02:06.455608+00:00
2026-06-24T12:02:17  INFO      Poll OK — 2026-06-24T19:02:16.932352+00:00
2026-06-24T12:02:27  INFO      Poll OK — 2026-06-24T19:02:27.407651+00:00
2026-06-24T12:02:38  INFO      Poll OK — 2026-06-24T19:02:37.886095+00:00
2026-06-24T12:02:48  INFO      Poll OK — 2026-06-24T19:02:48.361165+00:00
2026-06-24T12:02:59  INFO      Poll OK — 2026-06-24T19:02:58.831417+00:00
2026-06-24T12:03:09  INFO      Poll OK — 2026-06-24T19:03:09.308957+00:00
2026-06-24T12:03:20  INFO      Poll OK — 2026-06-24T19:03:19.786254+00:00
2026-06-24T12:03:30  INFO      Poll OK — 2026-06-24T19:03:30.264483+00:00
2026-06-24T12:03:41  INFO      Poll OK — 2026-06-24T19:03:40.728918+00:00
2026-06-24T12:03:51  INFO      Poll OK — 2026-06-24T19:03:51.208157+00:00
2026-06-24T12:04:02  INFO      Poll OK — 2026-06-24T19:04:01.672226+00:00
2026-06-24T12:04:12  INFO      Poll OK — 2026-06-24T19:04:12.149615+00:00
2026-06-24T12:04:23  INFO      Poll OK — 2026-06-24T19:04:22.626176+00:00
2026-06-24T12:04:33  INFO      Poll OK — 2026-06-24T19:04:33.101299+00:00
2026-06-24T12:04:44  INFO      Poll OK — 2026-06-24T19:04:43.580619+00:00
2026-06-24T12:04:54  INFO      Poll OK — 2026-06-24T19:04:54.059360+00:00
2026-06-24T12:05:05  INFO      Poll OK — 2026-06-24T19:05:04.538929+00:00
2026-06-24T12:05:15  INFO      Poll OK — 2026-06-24T19:05:15.023346+00:00
2026-06-24T12:05:25  INFO      Poll OK — 2026-06-24T19:05:25.491314+00:00
2026-06-24T12:05:36  INFO      Poll OK — 2026-06-24T19:05:35.956899+00:00
2026-06-24T12:05:46  INFO      Poll OK — 2026-06-24T19:05:46.433534+00:00
2026-06-24T12:05:57  INFO      Poll OK — 2026-06-24T19:05:56.911690+00:00
2026-06-24T12:06:07  INFO      Poll OK — 2026-06-24T19:06:07.386238+00:00
2026-06-24T12:06:18  INFO      Poll OK — 2026-06-24T19:06:17.853328+00:00
2026-06-24T12:06:28  INFO      Poll OK — 2026-06-24T19:06:28.329979+00:00
2026-06-24T12:06:39  INFO      Poll OK — 2026-06-24T19:06:38.808086+00:00
2026-06-24T12:06:49  INFO      Poll OK — 2026-06-24T19:06:49.278437+00:00
2026-06-24T12:07:00  INFO      Poll OK — 2026-06-24T19:06:59.754787+00:00
2026-06-24T12:07:10  INFO      Poll OK — 2026-06-24T19:07:10.222812+00:00
2026-06-24T12:07:21  INFO      Poll OK — 2026-06-24T19:07:20.687252+00:00
2026-06-24T12:07:31  INFO      Poll OK — 2026-06-24T19:07:31.163142+00:00
2026-06-24T12:07:42  INFO      Poll OK — 2026-06-24T19:07:41.641106+00:00
2026-06-24T12:07:52  INFO      Poll OK — 2026-06-24T19:07:52.117172+00:00
2026-06-24T12:08:03  INFO      Poll OK — 2026-06-24T19:08:02.594452+00:00
2026-06-24T12:08:13  INFO      Poll OK — 2026-06-24T19:08:13.079728+00:00
2026-06-24T12:08:24  INFO      Poll OK — 2026-06-24T19:08:23.549091+00:00
2026-06-24T12:08:34  INFO      Poll OK — 2026-06-24T19:08:34.016147+00:00
2026-06-24T12:08:44  INFO      Poll OK — 2026-06-24T19:08:44.493725+00:00
2026-06-24T12:08:55  INFO      Poll OK — 2026-06-24T19:08:54.972894+00:00
2026-06-24T12:09:05  INFO      Poll OK — 2026-06-24T19:09:05.438424+00:00
2026-06-24T12:09:16  INFO      Poll OK — 2026-06-24T19:09:15.905341+00:00
2026-06-24T12:09:26  INFO      Poll OK — 2026-06-24T19:09:26.390569+00:00
2026-06-24T12:09:37  INFO      Poll OK — 2026-06-24T19:09:36.867278+00:00
2026-06-24T12:09:47  INFO      Poll OK — 2026-06-24T19:09:47.344503+00:00
2026-06-24T12:09:58  INFO      Poll OK — 2026-06-24T19:09:57.820682+00:00
2026-06-24T12:10:08  INFO      Poll OK — 2026-06-24T19:10:08.288074+00:00
2026-06-24T12:10:19  INFO      Poll OK — 2026-06-24T19:10:18.765264+00:00
2026-06-24T12:10:29  INFO      Poll OK — 2026-06-24T19:10:29.234568+00:00
2026-06-24T12:10:40  INFO      Poll OK — 2026-06-24T19:10:39.711943+00:00
2026-06-24T12:10:50  INFO      Poll OK — 2026-06-24T19:10:50.178367+00:00
2026-06-24T12:11:01  INFO      Poll OK — 2026-06-24T19:11:00.656487+00:00
2026-06-24T12:11:11  INFO      Poll OK — 2026-06-24T19:11:11.140978+00:00
2026-06-24T12:11:22  INFO      Poll OK — 2026-06-24T19:11:21.619599+00:00
2026-06-24T12:11:32  INFO      Poll OK — 2026-06-24T19:11:32.093168+00:00
2026-06-24T12:11:43  INFO      Poll OK — 2026-06-24T19:11:42.580677+00:00
2026-06-24T12:11:53  INFO      Poll OK — 2026-06-24T19:11:53.047843+00:00
2026-06-24T12:12:03  INFO      Poll OK — 2026-06-24T19:12:03.515300+00:00
2026-06-24T12:12:14  INFO      Poll OK — 2026-06-24T19:12:13.983680+00:00
2026-06-24T12:12:24  INFO      Poll OK — 2026-06-24T19:12:24.460931+00:00
2026-06-24T12:12:35  INFO      Poll OK — 2026-06-24T19:12:34.940146+00:00
2026-06-24T12:12:45  INFO      Poll OK — 2026-06-24T19:12:45.415537+00:00
2026-06-24T12:12:56  INFO      Poll OK — 2026-06-24T19:12:55.891750+00:00
2026-06-24T12:13:06  INFO      Poll OK — 2026-06-24T19:13:06.369160+00:00
2026-06-24T12:13:17  INFO      Poll OK — 2026-06-24T19:13:16.834435+00:00
2026-06-24T12:13:27  INFO      Poll OK — 2026-06-24T19:13:27.312605+00:00
2026-06-24T12:13:38  INFO      Poll OK — 2026-06-24T19:13:37.777049+00:00
2026-06-24T12:13:48  INFO      Poll OK — 2026-06-24T19:13:48.254242+00:00
2026-06-24T12:13:59  INFO      Poll OK — 2026-06-24T19:13:58.732438+00:00
2026-06-24T12:14:09  INFO      Poll OK — 2026-06-24T19:14:09.210583+00:00
2026-06-24T12:14:20  INFO      Poll OK — 2026-06-24T19:14:19.689551+00:00
2026-06-24T12:14:30  INFO      Poll OK — 2026-06-24T19:14:30.164644+00:00
2026-06-24T12:14:41  INFO      Poll OK — 2026-06-24T19:14:40.642749+00:00
2026-06-24T12:14:51  INFO      Poll OK — 2026-06-24T19:14:51.116595+00:00
2026-06-24T12:15:02  INFO      Poll OK — 2026-06-24T19:15:01.603897+00:00
2026-06-24T12:15:12  INFO      Poll OK — 2026-06-24T19:15:12.070795+00:00
2026-06-24T12:15:23  INFO      Poll OK — 2026-06-24T19:15:22.546187+00:00
2026-06-24T12:15:33  INFO      Poll OK — 2026-06-24T19:15:33.024063+00:00
2026-06-24T12:15:43  INFO      Poll OK — 2026-06-24T19:15:43.499146+00:00
2026-06-24T12:15:54  INFO      Poll OK — 2026-06-24T19:15:53.978449+00:00
2026-06-24T12:16:04  INFO      Poll OK — 2026-06-24T19:16:04.457667+00:00
2026-06-24T12:16:15  INFO      Poll OK — 2026-06-24T19:16:14.923610+00:00
2026-06-24T12:16:25  INFO      Poll OK — 2026-06-24T19:16:25.401275+00:00
2026-06-24T12:16:36  INFO      Poll OK — 2026-06-24T19:16:35.865866+00:00
2026-06-24T12:16:46  INFO      Poll OK — 2026-06-24T19:16:46.343967+00:00
2026-06-24T12:16:57  INFO      Poll OK — 2026-06-24T19:16:56.818795+00:00
2026-06-24T12:17:07  INFO      Poll OK — 2026-06-24T19:17:07.295202+00:00
2026-06-24T12:17:18  INFO      Poll OK — 2026-06-24T19:17:17.762413+00:00
2026-06-24T12:17:28  INFO      Poll OK — 2026-06-24T19:17:28.237504+00:00
2026-06-24T12:17:39  INFO      Poll OK — 2026-06-24T19:17:38.716357+00:00
2026-06-24T12:17:49  INFO      Poll OK — 2026-06-24T19:17:49.193700+00:00
2026-06-24T12:18:00  INFO      Poll OK — 2026-06-24T19:17:59.673794+00:00
2026-06-24T12:18:10  INFO      Poll OK — 2026-06-24T19:18:10.138252+00:00
2026-06-24T12:18:21  INFO      Poll OK — 2026-06-24T19:18:20.614890+00:00
2026-06-24T12:18:31  INFO      Poll OK — 2026-06-24T19:18:31.092098+00:00
2026-06-24T12:18:42  INFO      Poll OK — 2026-06-24T19:18:41.567404+00:00
2026-06-24T12:18:52  INFO      Poll OK — 2026-06-24T19:18:52.045607+00:00
2026-06-24T12:19:02  INFO      Poll OK — 2026-06-24T19:19:02.520600+00:00
2026-06-24T12:19:13  INFO      Poll OK — 2026-06-24T19:19:12.986863+00:00
2026-06-24T12:19:23  INFO      Poll OK — 2026-06-24T19:19:23.464008+00:00
2026-06-24T12:19:34  INFO      Poll OK — 2026-06-24T19:19:33.931060+00:00
2026-06-24T12:19:44  INFO      Poll OK — 2026-06-24T19:19:44.411129+00:00
2026-06-24T12:19:55  INFO      Poll OK — 2026-06-24T19:19:54.887464+00:00
2026-06-24T12:20:05  INFO      Poll OK — 2026-06-24T19:20:05.365698+00:00
2026-06-24T12:20:16  INFO      Poll OK — 2026-06-24T19:20:15.830801+00:00
2026-06-24T12:20:26  INFO      Poll OK — 2026-06-24T19:20:26.306828+00:00
2026-06-24T12:20:37  INFO      Poll OK — 2026-06-24T19:20:36.784169+00:00
2026-06-24T12:20:47  INFO      Poll OK — 2026-06-24T19:20:47.269259+00:00
2026-06-24T12:20:58  INFO      Poll OK — 2026-06-24T19:20:57.736542+00:00
2026-06-24T12:21:08  INFO      Poll OK — 2026-06-24T19:21:08.201784+00:00
2026-06-24T12:21:19  INFO      Poll OK — 2026-06-24T19:21:18.680899+00:00
2026-06-24T12:21:29  INFO      Poll OK — 2026-06-24T19:21:29.158930+00:00
2026-06-24T12:21:40  INFO      Poll OK — 2026-06-24T19:21:39.625301+00:00
2026-06-24T12:21:50  INFO      Poll OK — 2026-06-24T19:21:50.094334+00:00
2026-06-24T12:22:01  INFO      Poll OK — 2026-06-24T19:22:00.571218+00:00
2026-06-24T12:22:11  INFO      Poll OK — 2026-06-24T19:22:11.036647+00:00
2026-06-24T12:22:21  INFO      Poll OK — 2026-06-24T19:22:21.501564+00:00
2026-06-24T12:22:32  INFO      Poll OK — 2026-06-24T19:22:31.978178+00:00
2026-06-24T12:22:42  INFO      Poll OK — 2026-06-24T19:22:42.455334+00:00
2026-06-24T12:22:53  INFO      Poll OK — 2026-06-24T19:22:52.930645+00:00
2026-06-24T12:23:03  INFO      Poll OK — 2026-06-24T19:23:03.409739+00:00
2026-06-24T12:23:14  INFO      Poll OK — 2026-06-24T19:23:13.885849+00:00
2026-06-24T12:23:24  INFO      Poll OK — 2026-06-24T19:23:24.366142+00:00
2026-06-24T12:23:35  INFO      Poll OK — 2026-06-24T19:23:34.843235+00:00
2026-06-24T12:23:45  INFO      Poll OK — 2026-06-24T19:23:45.318519+00:00
2026-06-24T12:23:56  INFO      Poll OK — 2026-06-24T19:23:55.785298+00:00
2026-06-24T12:24:06  INFO      Poll OK — 2026-06-24T19:24:06.261887+00:00
2026-06-24T12:24:17  INFO      Poll OK — 2026-06-24T19:24:16.729138+00:00
2026-06-24T12:24:27  INFO      Poll OK — 2026-06-24T19:24:27.204210+00:00
2026-06-24T12:24:38  INFO      Poll OK — 2026-06-24T19:24:37.680340+00:00
2026-06-24T12:24:48  INFO      Poll OK — 2026-06-24T19:24:48.157769+00:00
2026-06-24T12:24:59  INFO      Poll OK — 2026-06-24T19:24:58.633894+00:00
2026-06-24T12:25:09  INFO      Poll OK — 2026-06-24T19:25:09.114878+00:00
2026-06-24T12:25:20  INFO      Poll OK — 2026-06-24T19:25:19.600847+00:00
2026-06-24T12:25:30  INFO      Poll OK — 2026-06-24T19:25:30.078220+00:00
2026-06-24T12:25:41  INFO      Poll OK — 2026-06-24T19:25:40.543674+00:00
2026-06-24T12:25:51  INFO      Poll OK — 2026-06-24T19:25:51.019569+00:00
2026-06-24T12:26:01  INFO      Poll OK — 2026-06-24T19:26:01.497720+00:00
2026-06-24T12:26:12  INFO      Poll OK — 2026-06-24T19:26:11.973096+00:00
2026-06-24T12:26:22  INFO      Poll OK — 2026-06-24T19:26:22.451445+00:00
2026-06-24T12:26:33  INFO      Poll OK — 2026-06-24T19:26:32.915557+00:00
2026-06-24T12:26:43  INFO      Poll OK — 2026-06-24T19:26:43.382801+00:00
2026-06-24T12:26:54  INFO      Poll OK — 2026-06-24T19:26:53.862174+00:00
2026-06-24T12:27:04  INFO      Poll OK — 2026-06-24T19:27:04.339258+00:00
2026-06-24T12:27:15  INFO      Poll OK — 2026-06-24T19:27:14.819397+00:00
2026-06-24T12:27:25  INFO      Poll OK — 2026-06-24T19:27:25.293766+00:00
2026-06-24T12:27:36  INFO      Poll OK — 2026-06-24T19:27:35.760457+00:00
2026-06-24T12:27:46  INFO      Poll OK — 2026-06-24T19:27:46.226163+00:00
2026-06-24T12:27:57  INFO      Poll OK — 2026-06-24T19:27:56.702474+00:00
2026-06-24T12:28:07  INFO      Poll OK — 2026-06-24T19:28:07.169288+00:00
2026-06-24T12:28:18  INFO      Poll OK — 2026-06-24T19:28:17.644491+00:00
2026-06-24T12:28:28  INFO      Poll OK — 2026-06-24T19:28:28.133058+00:00
2026-06-24T12:28:39  INFO      Poll OK — 2026-06-24T19:28:38.609130+00:00
2026-06-24T12:28:49  INFO      Poll OK — 2026-06-24T19:28:49.088436+00:00
2026-06-24T12:29:00  INFO      Poll OK — 2026-06-24T19:28:59.567691+00:00
2026-06-24T12:29:10  INFO      Poll OK — 2026-06-24T19:29:10.042501+00:00
2026-06-24T12:29:20  INFO      Poll OK — 2026-06-24T19:29:20.521160+00:00
2026-06-24T12:29:31  INFO      Poll OK — 2026-06-24T19:29:30.995318+00:00
2026-06-24T12:29:41  INFO      Poll OK — 2026-06-24T19:29:41.472518+00:00
2026-06-24T12:29:52  INFO      Poll OK — 2026-06-24T19:29:51.948773+00:00
2026-06-24T12:30:02  INFO      Poll OK — 2026-06-24T19:30:02.424041+00:00
2026-06-24T12:30:13  INFO      Poll OK — 2026-06-24T19:30:12.912273+00:00
2026-06-24T12:30:23  INFO      Poll OK — 2026-06-24T19:30:23.377321+00:00
2026-06-24T12:30:34  INFO      Poll OK — 2026-06-24T19:30:33.857312+00:00
2026-06-24T12:30:44  INFO      Poll OK — 2026-06-24T19:30:44.335774+00:00
2026-06-24T12:30:55  INFO      Poll OK — 2026-06-24T19:30:54.813060+00:00
2026-06-24T12:31:05  INFO      Poll OK — 2026-06-24T19:31:05.278626+00:00
2026-06-24T12:31:16  INFO      Poll OK — 2026-06-24T19:31:15.765171+00:00
2026-06-24T12:31:26  INFO      Poll OK — 2026-06-24T19:31:26.232937+00:00
2026-06-24T12:31:37  INFO      Poll OK — 2026-06-24T19:31:36.698291+00:00
2026-06-24T12:31:47  INFO      Poll OK — 2026-06-24T19:31:47.165324+00:00
2026-06-24T12:31:58  INFO      Poll OK — 2026-06-24T19:31:57.640584+00:00
2026-06-24T12:32:08  INFO      Poll OK — 2026-06-24T19:32:08.126670+00:00
2026-06-24T12:32:19  INFO      Poll OK — 2026-06-24T19:32:18.595817+00:00
2026-06-24T12:32:29  INFO      Poll OK — 2026-06-24T19:32:29.072319+00:00
2026-06-24T12:32:40  INFO      Poll OK — 2026-06-24T19:32:39.542728+00:00
2026-06-24T12:32:50  INFO      Poll OK — 2026-06-24T19:32:50.017418+00:00
2026-06-24T12:33:00  INFO      Poll OK — 2026-06-24T19:33:00.494269+00:00
2026-06-24T12:33:11  INFO      Poll OK — 2026-06-24T19:33:10.970557+00:00
2026-06-24T12:33:21  INFO      Poll OK — 2026-06-24T19:33:21.447416+00:00
2026-06-24T12:33:32  INFO      Poll OK — 2026-06-24T19:33:31.924629+00:00
2026-06-24T12:33:42  INFO      Poll OK — 2026-06-24T19:33:42.399752+00:00
2026-06-24T12:33:53  INFO      Poll OK — 2026-06-24T19:33:52.876652+00:00
2026-06-24T12:34:03  INFO      Poll OK — 2026-06-24T19:34:03.342608+00:00
2026-06-24T12:34:14  INFO      Poll OK — 2026-06-24T19:34:13.821529+00:00
2026-06-24T12:34:24  INFO      Poll OK — 2026-06-24T19:34:24.291628+00:00
2026-06-24T12:34:35  INFO      Poll OK — 2026-06-24T19:34:34.757910+00:00
nohup: ignoring input
  File "/home/ve7cbh/RV-total-control/config/epever_mqtt.py", line 172
    for address, scale, field, unit in DOUBLE_REGISTERS:
IndentationError: expected an indented block after 'if' statement on line 166
nohup: ignoring input
2026-06-24T12:37:00  INFO      EPEVER MQTT bridge starting
2026-06-24T12:37:00  INFO        Modbus: 192.168.88.5:4001  slave 2
2026-06-24T12:37:00  INFO        MQTT:   192.168.88.3:1883  base topic rvtc/sensors/solar
2026-06-24T12:37:00  INFO        Poll interval: 10s
/home/ve7cbh/RV-total-control/config/epever_mqtt.py:201: DeprecationWarning: Callback API version 1 is deprecated, update to latest version
  mqttc = mqtt.Client(client_id="epever_mqtt_bridge", clean_session=True)
2026-06-24T12:37:00  INFO      Connecting to Modbus gateway…
2026-06-24T12:37:00  INFO      Poll OK — 2026-06-24T19:37:00.430020+00:00
2026-06-24T12:37:11  INFO      Poll OK — 2026-06-24T19:37:10.911792+00:00
2026-06-24T12:37:21  INFO      Poll OK — 2026-06-24T19:37:21.387047+00:00
2026-06-24T12:37:32  INFO      Poll OK — 2026-06-24T19:37:31.853159+00:00
2026-06-24T12:37:42  INFO      Poll OK — 2026-06-24T19:37:42.320472+00:00
2026-06-24T12:37:53  INFO      Poll OK — 2026-06-24T19:37:52.785818+00:00
2026-06-24T12:38:03  INFO      Poll OK — 2026-06-24T19:38:03.254023+00:00
2026-06-24T12:38:14  INFO      Poll OK — 2026-06-24T19:38:13.720074+00:00
2026-06-24T12:38:24  INFO      Poll OK — 2026-06-24T19:38:24.189520+00:00
2026-06-24T12:38:35  INFO      Poll OK — 2026-06-24T19:38:34.657592+00:00
2026-06-24T12:38:45  INFO      Poll OK — 2026-06-24T19:38:45.123275+00:00
2026-06-24T12:38:56  INFO      Poll OK — 2026-06-24T19:38:55.591422+00:00
2026-06-24T12:39:06  INFO      Poll OK — 2026-06-24T19:39:06.064610+00:00
2026-06-24T12:39:16  INFO      Poll OK — 2026-06-24T19:39:16.533674+00:00
2026-06-24T12:39:27  INFO      Poll OK — 2026-06-24T19:39:26.998623+00:00
2026-06-24T12:39:37  INFO      Poll OK — 2026-06-24T19:39:37.464988+00:00
2026-06-24T12:39:48  INFO      Poll OK — 2026-06-24T19:39:47.932122+00:00
2026-06-24T12:39:58  INFO      Poll OK — 2026-06-24T19:39:58.406547+00:00
2026-06-24T12:40:09  INFO      Poll OK — 2026-06-24T19:40:08.877856+00:00
2026-06-24T12:40:19  INFO      Poll OK — 2026-06-24T19:40:19.353983+00:00
2026-06-24T12:40:30  INFO      Poll OK — 2026-06-24T19:40:29.823018+00:00
2026-06-24T12:40:40  INFO      Poll OK — 2026-06-24T19:40:40.288439+00:00
2026-06-24T12:40:51  INFO      Poll OK — 2026-06-24T19:40:50.754650+00:00
2026-06-24T12:41:01  INFO      Poll OK — 2026-06-24T19:41:01.232119+00:00
2026-06-24T12:41:12  INFO      Poll OK — 2026-06-24T19:41:11.697167+00:00
2026-06-24T12:41:22  INFO      Poll OK — 2026-06-24T19:41:22.165194+00:00
2026-06-24T12:41:33  INFO      Poll OK — 2026-06-24T19:41:32.650743+00:00
2026-06-24T12:41:43  INFO      Poll OK — 2026-06-24T19:41:43.117033+00:00
2026-06-24T12:41:54  INFO      Poll OK — 2026-06-24T19:41:53.585474+00:00
2026-06-24T12:42:04  INFO      Poll OK — 2026-06-24T19:42:04.052333+00:00
2026-06-24T12:42:14  INFO      Poll OK — 2026-06-24T19:42:14.522390+00:00
2026-06-24T12:42:25  INFO      Poll OK — 2026-06-24T19:42:24.997656+00:00
2026-06-24T12:42:35  INFO      Poll OK — 2026-06-24T19:42:35.465092+00:00
2026-06-24T12:42:46  INFO      Poll OK — 2026-06-24T19:42:45.931025+00:00
2026-06-24T12:42:56  INFO      Poll OK — 2026-06-24T19:42:56.396324+00:00
2026-06-24T12:43:07  INFO      Poll OK — 2026-06-24T19:43:06.864070+00:00
2026-06-24T12:43:17  INFO      Poll OK — 2026-06-24T19:43:17.329157+00:00
2026-06-24T12:43:28  INFO      Poll OK — 2026-06-24T19:43:27.797075+00:00
2026-06-24T12:43:38  INFO      Poll OK — 2026-06-24T19:43:38.261737+00:00
2026-06-24T12:43:49  INFO      Poll OK — 2026-06-24T19:43:48.730649+00:00
2026-06-24T12:43:59  INFO      Poll OK — 2026-06-24T19:43:59.199057+00:00
2026-06-24T12:44:10  INFO      Poll OK — 2026-06-24T19:44:09.665639+00:00
2026-06-24T12:44:20  INFO      Poll OK — 2026-06-24T19:44:20.132391+00:00
2026-06-24T12:44:31  INFO      Poll OK — 2026-06-24T19:44:30.607946+00:00
2026-06-24T12:44:41  INFO      Poll OK — 2026-06-24T19:44:41.075021+00:00
2026-06-24T12:44:52  INFO      Poll OK — 2026-06-24T19:44:51.540056+00:00
2026-06-24T12:45:02  INFO      Poll OK — 2026-06-24T19:45:02.008480+00:00
2026-06-24T12:45:12  INFO      Poll OK — 2026-06-24T19:45:12.472955+00:00
2026-06-24T12:45:23  INFO      Poll OK — 2026-06-24T19:45:22.937169+00:00
2026-06-24T12:45:33  INFO      Poll OK — 2026-06-24T19:45:33.406264+00:00
2026-06-24T12:45:44  INFO      Poll OK — 2026-06-24T19:45:43.872745+00:00
2026-06-24T12:45:54  INFO      Poll OK — 2026-06-24T19:45:54.341990+00:00
2026-06-24T12:46:05  INFO      Poll OK — 2026-06-24T19:46:04.809032+00:00
2026-06-24T12:46:15  INFO      Poll OK — 2026-06-24T19:46:15.274594+00:00
2026-06-24T12:46:26  INFO      Poll OK — 2026-06-24T19:46:25.741931+00:00
2026-06-24T12:46:36  INFO      Poll OK — 2026-06-24T19:46:36.206782+00:00
2026-06-24T12:46:47  INFO      Poll OK — 2026-06-24T19:46:46.674258+00:00
2026-06-24T12:46:57  INFO      Poll OK — 2026-06-24T19:46:57.138572+00:00
2026-06-24T12:47:08  INFO      Poll OK — 2026-06-24T19:47:07.604590+00:00
2026-06-24T12:47:18  INFO      Poll OK — 2026-06-24T19:47:18.071444+00:00
2026-06-24T12:47:29  INFO      Poll OK — 2026-06-24T19:47:28.538960+00:00
2026-06-24T12:47:39  INFO      Poll OK — 2026-06-24T19:47:39.009606+00:00
2026-06-24T12:47:49  INFO      Poll OK — 2026-06-24T19:47:49.474551+00:00
2026-06-24T12:48:00  INFO      Poll OK — 2026-06-24T19:47:59.941854+00:00
2026-06-24T12:48:10  INFO      Poll OK — 2026-06-24T19:48:10.407244+00:00
2026-06-24T12:48:21  INFO      Poll OK — 2026-06-24T19:48:20.872508+00:00
2026-06-24T12:48:31  INFO      Poll OK — 2026-06-24T19:48:31.340552+00:00
2026-06-24T12:48:42  INFO      Poll OK — 2026-06-24T19:48:41.805600+00:00
2026-06-24T12:48:52  INFO      Poll OK — 2026-06-24T19:48:52.273624+00:00
2026-06-24T12:49:03  INFO      Poll OK — 2026-06-24T19:49:02.736608+00:00
2026-06-24T12:49:13  INFO      Poll OK — 2026-06-24T19:49:13.204098+00:00
2026-06-24T12:49:24  INFO      Poll OK — 2026-06-24T19:49:23.672409+00:00
2026-06-24T12:49:34  INFO      Poll OK — 2026-06-24T19:49:34.139656+00:00
2026-06-24T12:49:45  INFO      Poll OK — 2026-06-24T19:49:44.610022+00:00
2026-06-24T12:49:55  INFO      Poll OK — 2026-06-24T19:49:55.074203+00:00
2026-06-24T12:50:06  INFO      Poll OK — 2026-06-24T19:50:05.541913+00:00
2026-06-24T12:50:16  INFO      Poll OK — 2026-06-24T19:50:16.005870+00:00
2026-06-24T12:50:26  INFO      Poll OK — 2026-06-24T19:50:26.472937+00:00
2026-06-24T12:50:37  INFO      Poll OK — 2026-06-24T19:50:36.939572+00:00
2026-06-24T12:50:47  INFO      Poll OK — 2026-06-24T19:50:47.404068+00:00
2026-06-24T12:50:58  INFO      Poll OK — 2026-06-24T19:50:57.871918+00:00
2026-06-24T12:51:08  INFO      Poll OK — 2026-06-24T19:51:08.336127+00:00
2026-06-24T12:51:19  INFO      Poll OK — 2026-06-24T19:51:18.805782+00:00
2026-06-24T12:51:29  INFO      Poll OK — 2026-06-24T19:51:29.274250+00:00
2026-06-24T12:51:40  INFO      Poll OK — 2026-06-24T19:51:39.740221+00:00
2026-06-24T12:51:50  INFO      Poll OK — 2026-06-24T19:51:50.207796+00:00
2026-06-24T12:52:01  INFO      Poll OK — 2026-06-24T19:52:00.671960+00:00
2026-06-24T12:52:11  INFO      Poll OK — 2026-06-24T19:52:11.139083+00:00
2026-06-24T12:52:22  INFO      Poll OK — 2026-06-24T19:52:21.604258+00:00
2026-06-24T12:52:32  INFO      Poll OK — 2026-06-24T19:52:32.070731+00:00
2026-06-24T12:52:43  INFO      Poll OK — 2026-06-24T19:52:42.537119+00:00
2026-06-24T12:52:53  INFO      Poll OK — 2026-06-24T19:52:53.012544+00:00
2026-06-24T12:53:03  INFO      Poll OK — 2026-06-24T19:53:03.480923+00:00
2026-06-24T12:53:14  INFO      Poll OK — 2026-06-24T19:53:13.946965+00:00
2026-06-24T12:53:24  INFO      Poll OK — 2026-06-24T19:53:24.416402+00:00
2026-06-24T12:53:35  INFO      Poll OK — 2026-06-24T19:53:34.882768+00:00
2026-06-24T12:53:45  INFO      Poll OK — 2026-06-24T19:53:45.348225+00:00
2026-06-24T12:53:56  INFO      Poll OK — 2026-06-24T19:53:55.813924+00:00
2026-06-24T12:54:06  INFO      Poll OK — 2026-06-24T19:54:06.278515+00:00
2026-06-24T12:54:17  INFO      Poll OK — 2026-06-24T19:54:16.746086+00:00
2026-06-24T12:54:27  INFO      Poll OK — 2026-06-24T19:54:27.220163+00:00
2026-06-24T12:54:38  INFO      Poll OK — 2026-06-24T19:54:37.686505+00:00
2026-06-24T12:54:48  INFO      Poll OK — 2026-06-24T19:54:48.152757+00:00
2026-06-24T12:54:59  INFO      Poll OK — 2026-06-24T19:54:58.628909+00:00
2026-06-24T12:55:09  INFO      Poll OK — 2026-06-24T19:55:09.098528+00:00
2026-06-24T12:55:20  INFO      Poll OK — 2026-06-24T19:55:19.564227+00:00
2026-06-24T12:55:30  INFO      Poll OK — 2026-06-24T19:55:30.032115+00:00
2026-06-24T12:55:40  INFO      Poll OK — 2026-06-24T19:55:40.496333+00:00
2026-06-24T12:55:51  INFO      Poll OK — 2026-06-24T19:55:50.962393+00:00
2026-06-24T12:56:01  INFO      Poll OK — 2026-06-24T19:56:01.429849+00:00
2026-06-24T12:56:12  INFO      Poll OK — 2026-06-24T19:56:11.894012+00:00
2026-06-24T12:56:22  INFO      Poll OK — 2026-06-24T19:56:22.361148+00:00
2026-06-24T12:56:33  INFO      Poll OK — 2026-06-24T19:56:32.825616+00:00
2026-06-24T12:56:43  INFO      Poll OK — 2026-06-24T19:56:43.293773+00:00
2026-06-24T12:56:54  INFO      Poll OK — 2026-06-24T19:56:53.760265+00:00
2026-06-24T12:57:04  INFO      Poll OK — 2026-06-24T19:57:04.227822+00:00
2026-06-24T12:57:15  INFO      Poll OK — 2026-06-24T19:57:14.695787+00:00
2026-06-24T12:57:25  INFO      Poll OK — 2026-06-24T19:57:25.158875+00:00
2026-06-24T12:57:36  INFO      Poll OK — 2026-06-24T19:57:35.625199+00:00
2026-06-24T12:57:46  INFO      Poll OK — 2026-06-24T19:57:46.091118+00:00
2026-06-24T12:57:57  INFO      Poll OK — 2026-06-24T19:57:56.555585+00:00
2026-06-24T12:58:07  INFO      Poll OK — 2026-06-24T19:58:07.022326+00:00
2026-06-24T12:58:17  INFO      Poll OK — 2026-06-24T19:58:17.486362+00:00
2026-06-24T12:58:28  INFO      Poll OK — 2026-06-24T19:58:27.954096+00:00
2026-06-24T12:58:38  INFO      Poll OK — 2026-06-24T19:58:38.419932+00:00
2026-06-24T12:58:49  INFO      Poll OK — 2026-06-24T19:58:48.886441+00:00
2026-06-24T12:58:59  INFO      Poll OK — 2026-06-24T19:58:59.353767+00:00
2026-06-24T12:59:10  INFO      Poll OK — 2026-06-24T19:59:09.819580+00:00
2026-06-24T12:59:20  INFO      Poll OK — 2026-06-24T19:59:20.296091+00:00
2026-06-24T12:59:31  INFO      Poll OK — 2026-06-24T19:59:30.760471+00:00
2026-06-24T12:59:41  INFO      Poll OK — 2026-06-24T19:59:41.237804+00:00
2026-06-24T12:59:52  INFO      Poll OK — 2026-06-24T19:59:51.702009+00:00
2026-06-24T13:00:02  INFO      Poll OK — 2026-06-24T20:00:02.166403+00:00
2026-06-24T13:00:13  INFO      Poll OK — 2026-06-24T20:00:12.632545+00:00
2026-06-24T13:00:23  INFO      Poll OK — 2026-06-24T20:00:23.096780+00:00
2026-06-24T13:00:34  INFO      Poll OK — 2026-06-24T20:00:33.565061+00:00
2026-06-24T13:00:44  INFO      Poll OK — 2026-06-24T20:00:44.030918+00:00
2026-06-24T13:00:54  INFO      Poll OK — 2026-06-24T20:00:54.499263+00:00
2026-06-24T13:01:05  INFO      Poll OK — 2026-06-24T20:01:04.964956+00:00
2026-06-24T13:01:15  INFO      Poll OK — 2026-06-24T20:01:15.430120+00:00
2026-06-24T13:01:26  INFO      Poll OK — 2026-06-24T20:01:25.895442+00:00
2026-06-24T13:01:36  INFO      Poll OK — 2026-06-24T20:01:36.359501+00:00
2026-06-24T13:01:47  INFO      Poll OK — 2026-06-24T20:01:46.826910+00:00
2026-06-24T13:01:57  INFO      Poll OK — 2026-06-24T20:01:57.290942+00:00
2026-06-24T13:02:08  INFO      Poll OK — 2026-06-24T20:02:07.755528+00:00
2026-06-24T13:02:18  INFO      Poll OK — 2026-06-24T20:02:18.221722+00:00
2026-06-24T13:02:29  INFO      Poll OK — 2026-06-24T20:02:28.688902+00:00
2026-06-24T13:02:39  INFO      Poll OK — 2026-06-24T20:02:39.157308+00:00
2026-06-24T13:02:50  INFO      Poll OK — 2026-06-24T20:02:49.623614+00:00
2026-06-24T13:03:00  INFO      Poll OK — 2026-06-24T20:03:00.088772+00:00
2026-06-24T13:03:11  INFO      Poll OK — 2026-06-24T20:03:10.553261+00:00
2026-06-24T13:03:21  INFO      Poll OK — 2026-06-24T20:03:21.018091+00:00
2026-06-24T13:03:31  INFO      Poll OK — 2026-06-24T20:03:31.484572+00:00
2026-06-24T13:03:42  INFO      Poll OK — 2026-06-24T20:03:41.949102+00:00
2026-06-24T13:03:52  INFO      Poll OK — 2026-06-24T20:03:52.416194+00:00
2026-06-24T13:04:03  INFO      Poll OK — 2026-06-24T20:04:02.879621+00:00
2026-06-24T13:04:13  INFO      Poll OK — 2026-06-24T20:04:13.346764+00:00
2026-06-24T13:04:24  INFO      Poll OK — 2026-06-24T20:04:23.812895+00:00
2026-06-24T13:04:34  INFO      Poll OK — 2026-06-24T20:04:34.280317+00:00
2026-06-24T13:04:45  INFO      Poll OK — 2026-06-24T20:04:44.747354+00:00
2026-06-24T13:04:55  INFO      Poll OK — 2026-06-24T20:04:55.222237+00:00
2026-06-24T13:05:06  INFO      Poll OK — 2026-06-24T20:05:05.686903+00:00
2026-06-24T13:05:16  INFO      Poll OK — 2026-06-24T20:05:16.163503+00:00
2026-06-24T13:05:27  INFO      Poll OK — 2026-06-24T20:05:26.627590+00:00
2026-06-24T13:05:37  INFO      Poll OK — 2026-06-24T20:05:37.093856+00:00
2026-06-24T13:05:48  INFO      Poll OK — 2026-06-24T20:05:47.558650+00:00
2026-06-24T13:05:58  INFO      Poll OK — 2026-06-24T20:05:58.025373+00:00
2026-06-24T13:06:08  INFO      Poll OK — 2026-06-24T20:06:08.491769+00:00
2026-06-24T13:06:19  INFO      Poll OK — 2026-06-24T20:06:18.959931+00:00
2026-06-24T13:06:29  INFO      Poll OK — 2026-06-24T20:06:29.426459+00:00
2026-06-24T13:06:40  INFO      Poll OK — 2026-06-24T20:06:39.901597+00:00
2026-06-24T13:06:50  INFO      Poll OK — 2026-06-24T20:06:50.368117+00:00
2026-06-24T13:07:01  INFO      Poll OK — 2026-06-24T20:07:00.841893+00:00
2026-06-24T13:07:11  INFO      Poll OK — 2026-06-24T20:07:11.307963+00:00
2026-06-24T13:07:22  INFO      Poll OK — 2026-06-24T20:07:21.772472+00:00
2026-06-24T13:07:32  INFO      Poll OK — 2026-06-24T20:07:32.237822+00:00
2026-06-24T13:07:43  INFO      Poll OK — 2026-06-24T20:07:42.703139+00:00
2026-06-24T13:07:53  INFO      Poll OK — 2026-06-24T20:07:53.168431+00:00
2026-06-24T13:08:04  INFO      Poll OK — 2026-06-24T20:08:03.636456+00:00
2026-06-24T13:08:14  INFO      Poll OK — 2026-06-24T20:08:14.102015+00:00
2026-06-24T13:08:25  INFO      Poll OK — 2026-06-24T20:08:24.570096+00:00
2026-06-24T13:08:35  INFO      Poll OK — 2026-06-24T20:08:35.035427+00:00
2026-06-24T13:08:45  INFO      Poll OK — 2026-06-24T20:08:45.500606+00:00
2026-06-24T13:08:56  INFO      Poll OK — 2026-06-24T20:08:55.967275+00:00
2026-06-24T13:09:06  INFO      Poll OK — 2026-06-24T20:09:06.430408+00:00
2026-06-24T13:09:17  INFO      Poll OK — 2026-06-24T20:09:16.896333+00:00
2026-06-24T13:09:27  INFO      Poll OK — 2026-06-24T20:09:27.360705+00:00
2026-06-24T13:09:38  INFO      Poll OK — 2026-06-24T20:09:37.826154+00:00
2026-06-24T13:09:48  INFO      Poll OK — 2026-06-24T20:09:48.292092+00:00
2026-06-24T13:09:59  INFO      Poll OK — 2026-06-24T20:09:58.759716+00:00
2026-06-24T13:10:09  INFO      Poll OK — 2026-06-24T20:10:09.228961+00:00
2026-06-24T13:10:20  INFO      Poll OK — 2026-06-24T20:10:19.693225+00:00
2026-06-24T13:10:30  INFO      Poll OK — 2026-06-24T20:10:30.159251+00:00
2026-06-24T13:10:41  INFO      Poll OK — 2026-06-24T20:10:40.623132+00:00
2026-06-24T13:10:51  INFO      Poll OK — 2026-06-24T20:10:51.088675+00:00
2026-06-24T13:11:02  INFO      Poll OK — 2026-06-24T20:11:01.554224+00:00
2026-06-24T13:11:12  INFO      Poll OK — 2026-06-24T20:11:12.018924+00:00
2026-06-24T13:11:22  INFO      Poll OK — 2026-06-24T20:11:22.483657+00:00
2026-06-24T13:11:33  INFO      Poll OK — 2026-06-24T20:11:32.947805+00:00
2026-06-24T13:11:43  INFO      Poll OK — 2026-06-24T20:11:43.414325+00:00
2026-06-24T13:11:54  INFO      Poll OK — 2026-06-24T20:11:53.881337+00:00
2026-06-24T13:12:04  INFO      Poll OK — 2026-06-24T20:12:04.347762+00:00
2026-06-24T13:12:15  INFO      Poll OK — 2026-06-24T20:12:14.814181+00:00
2026-06-24T13:12:25  INFO      Poll OK — 2026-06-24T20:12:25.288434+00:00
2026-06-24T13:12:36  INFO      Poll OK — 2026-06-24T20:12:35.752896+00:00
2026-06-24T13:12:46  INFO      Poll OK — 2026-06-24T20:12:46.217597+00:00
2026-06-24T13:12:57  INFO      Poll OK — 2026-06-24T20:12:56.682942+00:00
2026-06-24T13:13:07  INFO      Poll OK — 2026-06-24T20:13:07.158244+00:00
2026-06-24T13:13:18  INFO      Poll OK — 2026-06-24T20:13:17.632374+00:00
2026-06-24T13:13:28  INFO      Poll OK — 2026-06-24T20:13:28.098664+00:00
2026-06-24T13:13:39  INFO      Poll OK — 2026-06-24T20:13:38.563749+00:00
2026-06-24T13:13:49  INFO      Poll OK — 2026-06-24T20:13:49.041027+00:00
2026-06-24T13:13:59  INFO      Poll OK — 2026-06-24T20:13:59.509099+00:00
2026-06-24T13:14:10  INFO      Poll OK — 2026-06-24T20:14:09.973922+00:00
2026-06-24T13:14:20  INFO      Poll OK — 2026-06-24T20:14:20.438897+00:00
2026-06-24T13:14:31  INFO      Poll OK — 2026-06-24T20:14:30.903556+00:00
2026-06-24T13:14:41  INFO      Poll OK — 2026-06-24T20:14:41.369843+00:00
2026-06-24T13:14:52  INFO      Poll OK — 2026-06-24T20:14:51.833993+00:00
2026-06-24T13:15:02  INFO      Poll OK — 2026-06-24T20:15:02.309068+00:00
2026-06-24T13:15:13  INFO      Poll OK — 2026-06-24T20:15:12.774503+00:00
2026-06-24T13:15:23  INFO      Poll OK — 2026-06-24T20:15:23.238611+00:00
2026-06-24T13:15:34  INFO      Poll OK — 2026-06-24T20:15:33.707789+00:00
2026-06-24T13:15:44  INFO      Poll OK — 2026-06-24T20:15:44.174132+00:00
2026-06-24T13:15:55  INFO      Poll OK — 2026-06-24T20:15:54.641180+00:00
2026-06-24T13:16:05  INFO      Poll OK — 2026-06-24T20:16:05.106860+00:00
2026-06-24T13:16:16  INFO      Poll OK — 2026-06-24T20:16:15.570585+00:00
2026-06-24T13:16:26  INFO      Poll OK — 2026-06-24T20:16:26.036730+00:00
2026-06-24T13:16:36  INFO      Poll OK — 2026-06-24T20:16:36.501944+00:00
2026-06-24T13:16:47  INFO      Poll OK — 2026-06-24T20:16:46.966759+00:00
2026-06-24T13:16:57  INFO      Poll OK — 2026-06-24T20:16:57.432512+00:00
2026-06-24T13:17:08  INFO      Poll OK — 2026-06-24T20:17:07.897348+00:00
2026-06-24T13:17:18  INFO      Poll OK — 2026-06-24T20:17:18.363592+00:00
2026-06-24T13:17:29  INFO      Poll OK — 2026-06-24T20:17:28.829997+00:00
2026-06-24T13:17:39  INFO      Poll OK — 2026-06-24T20:17:39.298194+00:00
2026-06-24T13:17:50  INFO      Poll OK — 2026-06-24T20:17:49.762355+00:00
2026-06-24T13:18:00  INFO      Poll OK — 2026-06-24T20:18:00.229691+00:00
2026-06-24T13:18:11  INFO      Poll OK — 2026-06-24T20:18:10.694066+00:00
2026-06-24T13:18:21  INFO      Poll OK — 2026-06-24T20:18:21.169247+00:00
2026-06-24T13:18:32  INFO      Poll OK — 2026-06-24T20:18:31.634626+00:00
2026-06-24T13:18:42  INFO      Poll OK — 2026-06-24T20:18:42.098817+00:00
2026-06-24T13:18:53  INFO      Poll OK — 2026-06-24T20:18:52.565038+00:00
2026-06-24T13:19:03  INFO      Poll OK — 2026-06-24T20:19:03.030192+00:00
2026-06-24T13:19:13  INFO      Poll OK — 2026-06-24T20:19:13.496243+00:00
2026-06-24T13:19:24  INFO      Poll OK — 2026-06-24T20:19:23.963709+00:00
2026-06-24T13:19:34  INFO      Poll OK — 2026-06-24T20:19:34.430945+00:00
2026-06-24T13:19:45  INFO      Poll OK — 2026-06-24T20:19:44.897288+00:00
2026-06-24T13:19:55  INFO      Poll OK — 2026-06-24T20:19:55.360432+00:00
2026-06-24T13:20:06  INFO      Poll OK — 2026-06-24T20:20:05.827475+00:00
2026-06-24T13:20:16  INFO      Poll OK — 2026-06-24T20:20:16.292047+00:00
2026-06-24T13:20:27  INFO      Poll OK — 2026-06-24T20:20:26.756905+00:00
2026-06-24T13:20:37  INFO      Poll OK — 2026-06-24T20:20:37.222631+00:00
2026-06-24T13:20:48  INFO      Poll OK — 2026-06-24T20:20:47.696915+00:00
2026-06-24T13:20:58  INFO      Poll OK — 2026-06-24T20:20:58.162996+00:00
2026-06-24T13:21:09  INFO      Poll OK — 2026-06-24T20:21:08.630267+00:00
2026-06-24T13:21:19  INFO      Poll OK — 2026-06-24T20:21:19.097898+00:00
2026-06-24T13:21:30  INFO      Poll OK — 2026-06-24T20:21:29.563514+00:00
2026-06-24T13:21:40  INFO      Poll OK — 2026-06-24T20:21:40.028813+00:00
2026-06-24T13:21:50  INFO      Poll OK — 2026-06-24T20:21:50.494400+00:00
2026-06-24T13:22:01  INFO      Poll OK — 2026-06-24T20:22:00.959547+00:00
2026-06-24T13:22:11  INFO      Poll OK — 2026-06-24T20:22:11.425853+00:00
2026-06-24T13:22:22  INFO      Poll OK — 2026-06-24T20:22:21.898749+00:00
2026-06-24T13:22:32  INFO      Poll OK — 2026-06-24T20:22:32.374251+00:00
2026-06-24T13:22:43  INFO      Poll OK — 2026-06-24T20:22:42.839638+00:00
2026-06-24T13:22:53  INFO      Poll OK — 2026-06-24T20:22:53.303945+00:00
2026-06-24T13:23:04  INFO      Poll OK — 2026-06-24T20:23:03.774179+00:00
2026-06-24T13:23:14  INFO      Poll OK — 2026-06-24T20:23:14.240143+00:00
2026-06-24T13:23:25  INFO      Poll OK — 2026-06-24T20:23:24.705988+00:00
2026-06-24T13:23:35  INFO      Poll OK — 2026-06-24T20:23:35.171188+00:00
2026-06-24T13:23:46  INFO      Poll OK — 2026-06-24T20:23:45.635222+00:00
2026-06-24T13:23:56  INFO      Poll OK — 2026-06-24T20:23:56.101280+00:00
2026-06-24T13:24:07  INFO      Poll OK — 2026-06-24T20:24:06.566553+00:00
2026-06-24T13:24:17  INFO      Poll OK — 2026-06-24T20:24:17.032441+00:00
2026-06-24T13:24:27  INFO      Poll OK — 2026-06-24T20:24:27.496392+00:00
2026-06-24T13:24:38  INFO      Poll OK — 2026-06-24T20:24:37.960645+00:00
2026-06-24T13:24:48  INFO      Poll OK — 2026-06-24T20:24:48.427772+00:00
2026-06-24T13:24:59  INFO      Poll OK — 2026-06-24T20:24:58.894727+00:00
2026-06-24T13:25:09  INFO      Poll OK — 2026-06-24T20:25:09.363928+00:00
2026-06-24T13:25:20  INFO      Poll OK — 2026-06-24T20:25:19.837894+00:00
2026-06-24T13:25:30  INFO      Poll OK — 2026-06-24T20:25:30.302910+00:00
2026-06-24T13:25:41  INFO      Poll OK — 2026-06-24T20:25:40.777655+00:00
2026-06-24T13:25:51  INFO      Poll OK — 2026-06-24T20:25:51.242513+00:00
2026-06-24T13:26:02  INFO      Poll OK — 2026-06-24T20:26:01.708544+00:00
2026-06-24T13:26:12  INFO      Poll OK — 2026-06-24T20:26:12.173291+00:00
2026-06-24T13:26:23  INFO      Poll OK — 2026-06-24T20:26:22.639456+00:00
2026-06-24T13:26:33  INFO      Poll OK — 2026-06-24T20:26:33.103884+00:00
2026-06-24T13:26:44  INFO      Poll OK — 2026-06-24T20:26:43.570058+00:00
2026-06-24T13:26:54  INFO      Poll OK — 2026-06-24T20:26:54.038381+00:00
2026-06-24T13:27:04  INFO      Poll OK — 2026-06-24T20:27:04.514254+00:00
2026-06-24T13:27:15  INFO      Poll OK — 2026-06-24T20:27:14.981136+00:00
2026-06-24T13:27:25  INFO      Poll OK — 2026-06-24T20:27:25.443421+00:00
2026-06-24T13:27:36  INFO      Poll OK — 2026-06-24T20:27:35.910721+00:00
2026-06-24T13:27:46  INFO      Poll OK — 2026-06-24T20:27:46.385629+00:00
2026-06-24T13:27:57  INFO      Poll OK — 2026-06-24T20:27:56.849862+00:00
2026-06-24T13:28:07  INFO      Poll OK — 2026-06-24T20:28:07.315916+00:00
2026-06-24T13:28:18  INFO      Poll OK — 2026-06-24T20:28:17.780201+00:00
2026-06-24T13:28:28  INFO      Poll OK — 2026-06-24T20:28:28.247296+00:00
2026-06-24T13:28:39  INFO      Poll OK — 2026-06-24T20:28:38.713796+00:00
2026-06-24T13:28:49  INFO      Poll OK — 2026-06-24T20:28:49.180295+00:00
2026-06-24T13:29:00  INFO      Poll OK — 2026-06-24T20:28:59.646614+00:00
2026-06-24T13:29:10  INFO      Poll OK — 2026-06-24T20:29:10.112561+00:00
2026-06-24T13:29:21  INFO      Poll OK — 2026-06-24T20:29:20.578009+00:00
2026-06-24T13:29:31  INFO      Poll OK — 2026-06-24T20:29:31.051873+00:00
2026-06-24T13:29:41  INFO      Poll OK — 2026-06-24T20:29:41.518535+00:00
2026-06-24T13:29:52  INFO      Poll OK — 2026-06-24T20:29:51.982385+00:00
2026-06-24T13:30:02  INFO      Poll OK — 2026-06-24T20:30:02.447458+00:00
2026-06-24T13:30:13  INFO      Poll OK — 2026-06-24T20:30:12.913729+00:00
2026-06-24T13:30:23  INFO      Poll OK — 2026-06-24T20:30:23.380391+00:00
2026-06-24T13:30:34  INFO      Poll OK — 2026-06-24T20:30:33.848220+00:00
2026-06-24T13:30:44  INFO      Poll OK — 2026-06-24T20:30:44.313273+00:00
2026-06-24T13:30:55  INFO      Poll OK — 2026-06-24T20:30:54.779653+00:00
2026-06-24T13:31:05  INFO      Poll OK — 2026-06-24T20:31:05.244847+00:00
2026-06-24T13:31:16  INFO      Poll OK — 2026-06-24T20:31:15.709336+00:00
2026-06-24T13:31:26  INFO      Poll OK — 2026-06-24T20:31:26.175451+00:00
2026-06-24T13:31:37  INFO      Poll OK — 2026-06-24T20:31:36.638790+00:00
2026-06-24T13:31:47  INFO      Poll OK — 2026-06-24T20:31:47.115162+00:00
2026-06-24T13:31:58  INFO      Poll OK — 2026-06-24T20:31:57.580477+00:00
2026-06-24T13:32:08  INFO      Poll OK — 2026-06-24T20:32:08.044492+00:00
2026-06-24T13:32:18  INFO      Poll OK — 2026-06-24T20:32:18.512800+00:00
2026-06-24T13:32:29  INFO      Poll OK — 2026-06-24T20:32:28.979052+00:00
2026-06-24T13:32:39  INFO      Poll OK — 2026-06-24T20:32:39.446979+00:00
2026-06-24T13:32:50  INFO      Poll OK — 2026-06-24T20:32:49.910118+00:00
2026-06-24T13:33:00  INFO      Poll OK — 2026-06-24T20:33:00.375737+00:00
2026-06-24T13:33:11  INFO      Poll OK — 2026-06-24T20:33:10.841748+00:00
2026-06-24T13:33:21  INFO      Poll OK — 2026-06-24T20:33:21.306759+00:00
2026-06-24T13:33:32  INFO      Poll OK — 2026-06-24T20:33:31.771959+00:00
2026-06-24T13:33:42  INFO      Poll OK — 2026-06-24T20:33:42.236073+00:00
2026-06-24T13:33:53  INFO      Poll OK — 2026-06-24T20:33:52.702505+00:00
2026-06-24T13:34:03  INFO      Poll OK — 2026-06-24T20:34:03.176811+00:00
2026-06-24T13:34:14  INFO      Poll OK — 2026-06-24T20:34:13.644776+00:00
2026-06-24T13:34:24  INFO      Poll OK — 2026-06-24T20:34:24.112003+00:00
2026-06-24T13:34:35  INFO      Poll OK — 2026-06-24T20:34:34.577199+00:00
2026-06-24T13:34:45  INFO      Poll OK — 2026-06-24T20:34:45.043019+00:00
2026-06-24T13:34:55  INFO      Poll OK — 2026-06-24T20:34:55.507239+00:00
2026-06-24T13:35:06  INFO      Poll OK — 2026-06-24T20:35:05.973034+00:00
2026-06-24T13:35:16  INFO      Poll OK — 2026-06-24T20:35:16.438109+00:00
2026-06-24T13:35:27  INFO      Poll OK — 2026-06-24T20:35:26.903223+00:00
2026-06-24T13:35:37  INFO      Poll OK — 2026-06-24T20:35:37.368385+00:00
2026-06-24T13:35:48  INFO      Poll OK — 2026-06-24T20:35:47.832600+00:00
2026-06-24T13:35:58  INFO      Poll OK — 2026-06-24T20:35:58.298578+00:00
2026-06-24T13:36:09  INFO      Poll OK — 2026-06-24T20:36:08.765019+00:00
2026-06-24T13:36:19  INFO      Poll OK — 2026-06-24T20:36:19.233155+00:00
2026-06-24T13:36:30  INFO      Poll OK — 2026-06-24T20:36:29.699102+00:00
2026-06-24T13:36:40  INFO      Poll OK — 2026-06-24T20:36:40.164572+00:00
2026-06-24T13:36:51  INFO      Poll OK — 2026-06-24T20:36:50.629763+00:00
2026-06-24T13:37:01  INFO      Poll OK — 2026-06-24T20:37:01.093695+00:00
2026-06-24T13:37:12  INFO      Poll OK — 2026-06-24T20:37:11.560975+00:00
2026-06-24T13:37:22  INFO      Poll OK — 2026-06-24T20:37:22.024318+00:00
2026-06-24T13:37:32  INFO      Poll OK — 2026-06-24T20:37:32.489449+00:00
2026-06-24T13:37:43  INFO      Poll OK — 2026-06-24T20:37:42.954692+00:00
2026-06-24T13:37:53  INFO      Poll OK — 2026-06-24T20:37:53.419835+00:00
2026-06-24T13:38:04  INFO      Poll OK — 2026-06-24T20:38:03.889103+00:00
2026-06-24T13:38:14  INFO      Poll OK — 2026-06-24T20:38:14.354457+00:00
2026-06-24T13:38:25  INFO      Poll OK — 2026-06-24T20:38:24.820588+00:00
2026-06-24T13:38:35  INFO      Poll OK — 2026-06-24T20:38:35.285806+00:00
2026-06-24T13:38:46  INFO      Poll OK — 2026-06-24T20:38:45.749298+00:00
2026-06-24T13:38:56  INFO      Poll OK — 2026-06-24T20:38:56.215235+00:00
2026-06-24T13:39:07  INFO      Poll OK — 2026-06-24T20:39:06.679367+00:00
2026-06-24T13:39:17  INFO      Poll OK — 2026-06-24T20:39:17.146030+00:00
2026-06-24T13:39:28  INFO      Poll OK — 2026-06-24T20:39:27.610013+00:00
2026-06-24T13:39:38  INFO      Poll OK — 2026-06-24T20:39:38.075024+00:00
2026-06-24T13:39:49  INFO      Poll OK — 2026-06-24T20:39:48.541800+00:00
2026-06-24T13:39:59  INFO      Poll OK — 2026-06-24T20:39:59.007300+00:00
2026-06-24T13:40:09  INFO      Poll OK — 2026-06-24T20:40:09.475567+00:00
2026-06-24T13:40:20  INFO      Poll OK — 2026-06-24T20:40:19.939905+00:00
2026-06-24T13:40:30  INFO      Poll OK — 2026-06-24T20:40:30.416048+00:00
2026-06-24T13:40:41  INFO      Poll OK — 2026-06-24T20:40:40.880662+00:00
2026-06-24T13:40:51  INFO      Poll OK — 2026-06-24T20:40:51.344600+00:00
2026-06-24T13:41:02  INFO      Poll OK — 2026-06-24T20:41:01.810759+00:00
2026-06-24T13:41:12  INFO      Poll OK — 2026-06-24T20:41:12.274074+00:00
2026-06-24T13:41:23  INFO      Poll OK — 2026-06-24T20:41:22.741584+00:00
2026-06-24T13:41:33  INFO      Poll OK — 2026-06-24T20:41:33.205172+00:00
2026-06-24T13:41:44  INFO      Poll OK — 2026-06-24T20:41:43.673655+00:00
2026-06-24T13:41:54  INFO      Poll OK — 2026-06-24T20:41:54.140407+00:00
2026-06-24T13:42:05  INFO      Poll OK — 2026-06-24T20:42:04.606070+00:00
2026-06-24T13:42:15  INFO      Poll OK — 2026-06-24T20:42:15.072041+00:00
2026-06-24T13:42:26  INFO      Poll OK — 2026-06-24T20:42:25.538628+00:00
2026-06-24T13:42:36  INFO      Poll OK — 2026-06-24T20:42:36.003724+00:00
2026-06-24T13:42:46  INFO      Poll OK — 2026-06-24T20:42:46.467873+00:00
2026-06-24T13:42:57  INFO      Poll OK — 2026-06-24T20:42:56.931931+00:00
2026-06-24T13:43:07  INFO      Poll OK — 2026-06-24T20:43:07.397119+00:00
2026-06-24T13:43:18  INFO      Poll OK — 2026-06-24T20:43:17.861608+00:00
2026-06-24T13:43:28  INFO      Poll OK — 2026-06-24T20:43:28.330357+00:00
2026-06-24T13:43:39  INFO      Poll OK — 2026-06-24T20:43:38.796174+00:00
2026-06-24T13:43:49  INFO      Poll OK — 2026-06-24T20:43:49.262023+00:00
2026-06-24T13:44:00  INFO      Poll OK — 2026-06-24T20:43:59.728317+00:00
2026-06-24T13:44:10  INFO      Poll OK — 2026-06-24T20:44:10.192455+00:00
2026-06-24T13:44:21  INFO      Poll OK — 2026-06-24T20:44:20.658707+00:00
2026-06-24T13:44:31  INFO      Poll OK — 2026-06-24T20:44:31.123080+00:00
2026-06-24T13:44:42  INFO      Poll OK — 2026-06-24T20:44:41.589144+00:00
2026-06-24T13:44:52  INFO      Poll OK — 2026-06-24T20:44:52.053511+00:00
2026-06-24T13:45:02  INFO      Poll OK — 2026-06-24T20:45:02.518744+00:00
2026-06-24T13:45:13  INFO      Poll OK — 2026-06-24T20:45:12.983938+00:00
2026-06-24T13:45:23  INFO      Poll OK — 2026-06-24T20:45:23.459889+00:00
2026-06-24T13:45:34  INFO      Poll OK — 2026-06-24T20:45:33.930278+00:00
2026-06-24T13:45:44  INFO      Poll OK — 2026-06-24T20:45:44.394767+00:00
2026-06-24T13:45:55  INFO      Poll OK — 2026-06-24T20:45:54.880918+00:00
2026-06-24T13:46:05  INFO      Poll OK — 2026-06-24T20:46:05.346887+00:00
2026-06-24T13:46:16  INFO      Poll OK — 2026-06-24T20:46:15.811207+00:00
2026-06-24T13:46:26  INFO      Poll OK — 2026-06-24T20:46:26.278367+00:00
2026-06-24T13:46:37  INFO      Poll OK — 2026-06-24T20:46:36.742650+00:00
2026-06-24T13:46:47  INFO      Poll OK — 2026-06-24T20:46:47.209055+00:00
2026-06-24T13:46:58  INFO      Poll OK — 2026-06-24T20:46:57.673214+00:00
2026-06-24T13:47:08  INFO      Poll OK — 2026-06-24T20:47:08.138633+00:00
2026-06-24T13:47:19  INFO      Poll OK — 2026-06-24T20:47:18.606753+00:00
2026-06-24T13:47:29  INFO      Poll OK — 2026-06-24T20:47:29.073956+00:00
2026-06-24T13:47:40  INFO      Poll OK — 2026-06-24T20:47:39.541601+00:00
2026-06-24T13:47:50  INFO      Poll OK — 2026-06-24T20:47:50.006772+00:00
2026-06-24T13:48:00  INFO      Poll OK — 2026-06-24T20:48:00.470398+00:00
2026-06-24T13:48:11  INFO      Poll OK — 2026-06-24T20:48:10.945869+00:00
2026-06-24T13:48:21  INFO      Poll OK — 2026-06-24T20:48:21.409949+00:00
2026-06-24T13:48:32  INFO      Poll OK — 2026-06-24T20:48:31.877135+00:00
2026-06-24T13:48:42  INFO      Poll OK — 2026-06-24T20:48:42.341282+00:00
2026-06-24T13:48:53  INFO      Poll OK — 2026-06-24T20:48:52.818171+00:00
2026-06-24T13:49:03  INFO      Poll OK — 2026-06-24T20:49:03.282910+00:00
2026-06-24T13:49:14  INFO      Poll OK — 2026-06-24T20:49:13.748972+00:00
2026-06-24T13:49:24  INFO      Poll OK — 2026-06-24T20:49:24.217338+00:00
2026-06-24T13:49:35  INFO      Poll OK — 2026-06-24T20:49:34.683601+00:00
2026-06-24T13:49:45  INFO      Poll OK — 2026-06-24T20:49:45.149772+00:00
2026-06-24T13:49:56  INFO      Poll OK — 2026-06-24T20:49:55.613100+00:00
2026-06-24T13:50:06  INFO      Poll OK — 2026-06-24T20:50:06.078929+00:00
2026-06-24T13:50:17  INFO      Poll OK — 2026-06-24T20:50:16.543599+00:00
2026-06-24T13:50:27  INFO      Poll OK — 2026-06-24T20:50:27.008200+00:00
2026-06-24T13:50:37  INFO      Poll OK — 2026-06-24T20:50:37.474925+00:00
2026-06-24T13:50:48  INFO      Poll OK — 2026-06-24T20:50:47.939176+00:00
2026-06-24T13:50:58  INFO      Poll OK — 2026-06-24T20:50:58.407530+00:00
2026-06-24T13:51:09  INFO      Poll OK — 2026-06-24T20:51:08.873947+00:00
2026-06-24T13:51:19  INFO      Poll OK — 2026-06-24T20:51:19.340729+00:00
2026-06-24T13:51:30  INFO      Poll OK — 2026-06-24T20:51:29.807162+00:00
2026-06-24T13:51:40  INFO      Poll OK — 2026-06-24T20:51:40.271639+00:00
2026-06-24T13:51:51  INFO      Poll OK — 2026-06-24T20:51:50.737805+00:00
2026-06-24T13:52:01  INFO      Poll OK — 2026-06-24T20:52:01.202005+00:00
2026-06-24T13:52:12  INFO      Poll OK — 2026-06-24T20:52:11.666825+00:00
2026-06-24T13:52:22  INFO      Poll OK — 2026-06-24T20:52:22.132135+00:00
2026-06-24T13:52:33  INFO      Poll OK — 2026-06-24T20:52:32.607506+00:00
2026-06-24T13:52:43  INFO      Poll OK — 2026-06-24T20:52:43.072599+00:00
2026-06-24T13:52:54  INFO      Poll OK — 2026-06-24T20:52:53.539926+00:00
2026-06-24T13:53:04  INFO      Poll OK — 2026-06-24T20:53:04.007706+00:00
2026-06-24T13:53:14  INFO      Poll OK — 2026-06-24T20:53:14.473268+00:00
2026-06-24T13:53:25  INFO      Poll OK — 2026-06-24T20:53:24.947761+00:00
2026-06-24T13:53:35  INFO      Poll OK — 2026-06-24T20:53:35.414600+00:00
2026-06-24T13:53:46  INFO      Poll OK — 2026-06-24T20:53:45.879005+00:00
2026-06-24T13:53:56  INFO      Poll OK — 2026-06-24T20:53:56.345558+00:00
2026-06-24T13:54:07  INFO      Poll OK — 2026-06-24T20:54:06.808368+00:00
2026-06-24T13:54:17  INFO      Poll OK — 2026-06-24T20:54:17.274895+00:00
2026-06-24T13:54:28  INFO      Poll OK — 2026-06-24T20:54:27.738923+00:00
2026-06-24T13:54:38  INFO      Poll OK — 2026-06-24T20:54:38.205286+00:00
2026-06-24T13:54:49  INFO      Poll OK — 2026-06-24T20:54:48.672432+00:00
2026-06-24T13:54:59  INFO      Poll OK — 2026-06-24T20:54:59.139475+00:00
2026-06-24T13:55:10  INFO      Poll OK — 2026-06-24T20:55:09.606668+00:00
2026-06-24T13:55:20  INFO      Poll OK — 2026-06-24T20:55:20.069976+00:00
2026-06-24T13:55:31  INFO      Poll OK — 2026-06-24T20:55:30.536216+00:00
2026-06-24T13:55:41  INFO      Poll OK — 2026-06-24T20:55:41.000621+00:00
2026-06-24T13:55:51  INFO      Poll OK — 2026-06-24T20:55:51.467225+00:00
2026-06-24T13:56:02  INFO      Poll OK — 2026-06-24T20:56:01.932183+00:00
2026-06-24T13:56:12  INFO      Poll OK — 2026-06-24T20:56:12.396041+00:00
2026-06-24T13:56:23  INFO      Poll OK — 2026-06-24T20:56:22.861776+00:00
2026-06-24T13:56:33  INFO      Poll OK — 2026-06-24T20:56:33.327950+00:00
2026-06-24T13:56:44  INFO      Poll OK — 2026-06-24T20:56:43.796646+00:00
2026-06-24T13:56:54  INFO      Poll OK — 2026-06-24T20:56:54.263508+00:00
2026-06-24T13:57:05  INFO      Poll OK — 2026-06-24T20:57:04.727857+00:00
2026-06-24T13:57:15  INFO      Poll OK — 2026-06-24T20:57:15.193791+00:00
2026-06-24T13:57:26  INFO      Poll OK — 2026-06-24T20:57:25.657161+00:00
2026-06-24T13:57:36  INFO      Poll OK — 2026-06-24T20:57:36.124677+00:00
2026-06-24T13:57:47  INFO      Poll OK — 2026-06-24T20:57:46.588970+00:00
2026-06-24T13:57:57  INFO      Poll OK — 2026-06-24T20:57:57.054505+00:00
2026-06-24T13:58:07  INFO      Poll OK — 2026-06-24T20:58:07.519448+00:00
2026-06-24T13:58:18  INFO      Poll OK — 2026-06-24T20:58:17.982684+00:00
2026-06-24T13:58:28  INFO      Poll OK — 2026-06-24T20:58:28.450821+00:00
2026-06-24T13:58:39  INFO      Poll OK — 2026-06-24T20:58:38.918556+00:00
2026-06-24T13:58:49  INFO      Poll OK — 2026-06-24T20:58:49.385859+00:00
2026-06-24T13:59:00  INFO      Poll OK — 2026-06-24T20:58:59.850052+00:00
2026-06-24T13:59:10  INFO      Poll OK — 2026-06-24T20:59:10.315223+00:00
2026-06-24T13:59:21  INFO      Poll OK — 2026-06-24T20:59:20.780603+00:00
2026-06-24T13:59:31  INFO      Poll OK — 2026-06-24T20:59:31.245178+00:00
2026-06-24T13:59:42  INFO      Poll OK — 2026-06-24T20:59:41.711314+00:00
2026-06-24T13:59:52  INFO      Poll OK — 2026-06-24T20:59:52.175270+00:00
2026-06-24T14:00:03  INFO      Poll OK — 2026-06-24T21:00:02.640950+00:00
2026-06-24T14:00:13  INFO      Poll OK — 2026-06-24T21:00:13.106314+00:00
2026-06-24T14:00:24  INFO      Poll OK — 2026-06-24T21:00:23.572471+00:00
2026-06-24T14:00:34  INFO      Poll OK — 2026-06-24T21:00:34.041725+00:00
2026-06-24T14:00:44  INFO      Poll OK — 2026-06-24T21:00:44.507444+00:00
2026-06-24T14:00:55  INFO      Poll OK — 2026-06-24T21:00:54.974357+00:00
2026-06-24T14:01:05  INFO      Poll OK — 2026-06-24T21:01:05.437327+00:00
2026-06-24T14:01:16  INFO      Poll OK — 2026-06-24T21:01:15.901831+00:00
2026-06-24T14:01:26  INFO      Poll OK — 2026-06-24T21:01:26.366822+00:00
2026-06-24T14:01:37  INFO      Poll OK — 2026-06-24T21:01:36.831411+00:00
2026-06-24T14:01:47  INFO      Poll OK — 2026-06-24T21:01:47.297768+00:00
2026-06-24T14:01:58  INFO      Poll OK — 2026-06-24T21:01:57.762050+00:00
2026-06-24T14:02:08  INFO      Poll OK — 2026-06-24T21:02:08.237096+00:00
2026-06-24T14:02:19  INFO      Poll OK — 2026-06-24T21:02:18.704216+00:00
2026-06-24T14:02:29  INFO      Poll OK — 2026-06-24T21:02:29.171686+00:00
2026-06-24T14:02:40  INFO      Poll OK — 2026-06-24T21:02:39.638878+00:00
2026-06-24T14:02:50  INFO      Poll OK — 2026-06-24T21:02:50.113384+00:00
2026-06-24T14:03:01  INFO      Poll OK — 2026-06-24T21:03:00.579693+00:00
2026-06-24T14:03:11  INFO      Poll OK — 2026-06-24T21:03:11.043456+00:00
2026-06-24T14:03:21  INFO      Poll OK — 2026-06-24T21:03:21.509042+00:00
2026-06-24T14:03:32  INFO      Poll OK — 2026-06-24T21:03:31.974459+00:00
2026-06-24T14:03:42  INFO      Poll OK — 2026-06-24T21:03:42.438744+00:00
2026-06-24T14:03:53  INFO      Poll OK — 2026-06-24T21:03:52.905084+00:00
2026-06-24T14:04:03  INFO      Poll OK — 2026-06-24T21:04:03.381348+00:00
2026-06-24T14:04:14  INFO      Poll OK — 2026-06-24T21:04:13.848475+00:00
2026-06-24T14:04:24  INFO      Poll OK — 2026-06-24T21:04:24.315642+00:00
2026-06-24T14:04:35  INFO      Poll OK — 2026-06-24T21:04:34.781070+00:00
2026-06-24T14:04:45  INFO      Poll OK — 2026-06-24T21:04:45.246944+00:00
2026-06-24T14:04:56  INFO      Poll OK — 2026-06-24T21:04:55.710413+00:00
2026-06-24T14:05:06  INFO      Poll OK — 2026-06-24T21:05:06.176983+00:00
2026-06-24T14:05:17  INFO      Poll OK — 2026-06-24T21:05:16.642080+00:00
2026-06-24T14:05:27  INFO      Poll OK — 2026-06-24T21:05:27.106511+00:00
2026-06-24T14:05:38  INFO      Poll OK — 2026-06-24T21:05:37.572666+00:00
2026-06-24T14:05:48  INFO      Poll OK — 2026-06-24T21:05:48.036758+00:00
2026-06-24T14:05:58  INFO      Poll OK — 2026-06-24T21:05:58.507054+00:00
2026-06-24T14:06:09  INFO      Poll OK — 2026-06-24T21:06:08.971300+00:00
2026-06-24T14:06:19  INFO      Poll OK — 2026-06-24T21:06:19.438816+00:00
2026-06-24T14:06:30  INFO      Poll OK — 2026-06-24T21:06:29.904054+00:00
2026-06-24T14:06:40  INFO      Poll OK — 2026-06-24T21:06:40.368141+00:00
2026-06-24T14:06:51  INFO      Poll OK — 2026-06-24T21:06:50.835212+00:00
2026-06-24T14:07:01  INFO      Poll OK — 2026-06-24T21:07:01.298770+00:00
2026-06-24T14:07:12  INFO      Poll OK — 2026-06-24T21:07:11.765077+00:00
2026-06-24T14:07:22  INFO      Poll OK — 2026-06-24T21:07:22.229173+00:00
2026-06-24T14:07:33  INFO      Poll OK — 2026-06-24T21:07:32.693301+00:00
2026-06-24T14:07:43  INFO      Poll OK — 2026-06-24T21:07:43.160449+00:00
2026-06-24T14:07:54  INFO      Poll OK — 2026-06-24T21:07:53.626813+00:00
2026-06-24T14:08:04  INFO      Poll OK — 2026-06-24T21:08:04.094458+00:00
2026-06-24T14:08:15  INFO      Poll OK — 2026-06-24T21:08:14.560219+00:00
2026-06-24T14:08:25  INFO      Poll OK — 2026-06-24T21:08:25.025330+00:00
2026-06-24T14:08:35  INFO      Poll OK — 2026-06-24T21:08:35.491327+00:00
2026-06-24T14:08:46  INFO      Poll OK — 2026-06-24T21:08:45.955036+00:00
2026-06-24T14:08:56  INFO      Poll OK — 2026-06-24T21:08:56.421859+00:00
2026-06-24T14:09:07  INFO      Poll OK — 2026-06-24T21:09:06.885525+00:00
2026-06-24T14:09:17  INFO      Poll OK — 2026-06-24T21:09:17.352011+00:00
2026-06-24T14:09:28  INFO      Poll OK — 2026-06-24T21:09:27.816352+00:00
2026-06-24T14:09:38  INFO      Poll OK — 2026-06-24T21:09:38.282515+00:00
2026-06-24T14:09:49  INFO      Poll OK — 2026-06-24T21:09:48.751877+00:00
2026-06-24T14:09:59  INFO      Poll OK — 2026-06-24T21:09:59.217263+00:00
2026-06-24T14:10:10  INFO      Poll OK — 2026-06-24T21:10:09.684755+00:00
2026-06-24T14:10:20  INFO      Poll OK — 2026-06-24T21:10:20.148686+00:00
2026-06-24T14:10:31  INFO      Poll OK — 2026-06-24T21:10:30.614454+00:00
2026-06-24T14:10:41  INFO      Poll OK — 2026-06-24T21:10:41.079177+00:00
2026-06-24T14:10:52  INFO      Poll OK — 2026-06-24T21:10:51.544480+00:00
2026-06-24T14:11:02  INFO      Poll OK — 2026-06-24T21:11:02.010663+00:00
2026-06-24T14:11:12  INFO      Poll OK — 2026-06-24T21:11:12.474198+00:00
2026-06-24T14:11:23  INFO      Poll OK — 2026-06-24T21:11:22.940641+00:00
2026-06-24T14:11:33  INFO      Poll OK — 2026-06-24T21:11:33.406549+00:00
2026-06-24T14:11:44  INFO      Poll OK — 2026-06-24T21:11:43.883725+00:00
2026-06-24T14:11:54  INFO      Poll OK — 2026-06-24T21:11:54.351904+00:00
2026-06-24T14:12:05  INFO      Poll OK — 2026-06-24T21:12:04.816136+00:00
2026-06-24T14:12:15  INFO      Poll OK — 2026-06-24T21:12:15.282302+00:00
2026-06-24T14:12:26  INFO      Poll OK — 2026-06-24T21:12:25.746375+00:00
2026-06-24T14:12:36  INFO      Poll OK — 2026-06-24T21:12:36.222005+00:00
2026-06-24T14:12:47  INFO      Poll OK — 2026-06-24T21:12:46.687563+00:00
2026-06-24T14:12:57  INFO      Poll OK — 2026-06-24T21:12:57.152415+00:00
2026-06-24T14:13:08  INFO      Poll OK — 2026-06-24T21:13:07.616914+00:00
2026-06-24T14:13:18  INFO      Poll OK — 2026-06-24T21:13:18.081997+00:00
2026-06-24T14:13:29  INFO      Poll OK — 2026-06-24T21:13:28.561253+00:00
2026-06-24T14:13:39  INFO      Poll OK — 2026-06-24T21:13:39.027663+00:00
2026-06-24T14:13:49  INFO      Poll OK — 2026-06-24T21:13:49.493821+00:00
2026-06-24T14:14:00  INFO      Poll OK — 2026-06-24T21:13:59.958861+00:00
2026-06-24T14:14:10  INFO      Poll OK — 2026-06-24T21:14:10.424060+00:00
2026-06-24T14:14:21  INFO      Poll OK — 2026-06-24T21:14:20.889337+00:00
2026-06-24T14:14:31  INFO      Poll OK — 2026-06-24T21:14:31.353659+00:00
2026-06-24T14:14:42  INFO      Poll OK — 2026-06-24T21:14:41.819496+00:00
2026-06-24T14:14:52  INFO      Poll OK — 2026-06-24T21:14:52.284375+00:00
2026-06-24T14:15:03  INFO      Poll OK — 2026-06-24T21:15:02.749635+00:00
2026-06-24T14:15:13  INFO      Poll OK — 2026-06-24T21:15:13.214874+00:00
2026-06-24T14:15:24  INFO      Poll OK — 2026-06-24T21:15:23.682339+00:00
2026-06-24T14:15:34  INFO      Poll OK — 2026-06-24T21:15:34.150236+00:00
2026-06-24T14:15:45  INFO      Poll OK — 2026-06-24T21:15:44.614764+00:00
2026-06-24T14:15:55  INFO      Poll OK — 2026-06-24T21:15:55.091258+00:00
2026-06-24T14:16:06  INFO      Poll OK — 2026-06-24T21:16:05.556087+00:00
2026-06-24T14:16:16  INFO      Poll OK — 2026-06-24T21:16:16.020313+00:00
2026-06-24T14:16:26  INFO      Poll OK — 2026-06-24T21:16:26.486622+00:00
2026-06-24T14:16:37  INFO      Poll OK — 2026-06-24T21:16:36.960623+00:00
2026-06-24T14:16:47  INFO      Poll OK — 2026-06-24T21:16:47.427100+00:00
2026-06-24T14:16:58  INFO      Poll OK — 2026-06-24T21:16:57.892265+00:00
2026-06-24T14:17:08  INFO      Poll OK — 2026-06-24T21:17:08.358332+00:00
2026-06-24T14:17:19  INFO      Poll OK — 2026-06-24T21:17:18.825981+00:00
2026-06-24T14:17:29  INFO      Poll OK — 2026-06-24T21:17:29.292232+00:00
2026-06-24T14:17:40  INFO      Poll OK — 2026-06-24T21:17:39.769275+00:00
2026-06-24T14:17:50  INFO      Poll OK — 2026-06-24T21:17:50.232628+00:00
2026-06-24T14:18:01  INFO      Poll OK — 2026-06-24T21:18:00.698757+00:00
2026-06-24T14:18:11  INFO      Poll OK — 2026-06-24T21:18:11.164087+00:00
2026-06-24T14:18:22  INFO      Poll OK — 2026-06-24T21:18:21.628260+00:00
2026-06-24T14:18:32  INFO      Poll OK — 2026-06-24T21:18:32.094654+00:00
2026-06-24T14:18:43  INFO      Poll OK — 2026-06-24T21:18:42.558431+00:00
2026-06-24T14:18:53  INFO      Poll OK — 2026-06-24T21:18:53.023878+00:00
2026-06-24T14:19:03  INFO      Poll OK — 2026-06-24T21:19:03.492686+00:00
2026-06-24T14:19:14  INFO      Poll OK — 2026-06-24T21:19:13.958750+00:00
2026-06-24T14:19:24  INFO      Poll OK — 2026-06-24T21:19:24.425867+00:00
2026-06-24T14:19:35  INFO      Poll OK — 2026-06-24T21:19:34.890308+00:00
2026-06-24T14:19:45  INFO      Poll OK — 2026-06-24T21:19:45.356456+00:00
2026-06-24T14:19:56  INFO      Poll OK — 2026-06-24T21:19:55.819450+00:00
2026-06-24T14:20:06  INFO      Poll OK — 2026-06-24T21:20:06.286845+00:00
2026-06-24T14:20:17  INFO      Poll OK — 2026-06-24T21:20:16.750987+00:00
2026-06-24T14:20:27  INFO      Poll OK — 2026-06-24T21:20:27.216399+00:00
2026-06-24T14:20:38  INFO      Poll OK — 2026-06-24T21:20:37.681693+00:00
2026-06-24T14:20:48  INFO      Poll OK — 2026-06-24T21:20:48.147255+00:00
2026-06-24T14:20:59  INFO      Poll OK — 2026-06-24T21:20:58.615487+00:00
2026-06-24T14:21:09  INFO      Poll OK — 2026-06-24T21:21:09.082378+00:00
2026-06-24T14:21:20  INFO      Poll OK — 2026-06-24T21:21:19.548418+00:00
2026-06-24T14:21:30  INFO      Poll OK — 2026-06-24T21:21:30.014008+00:00
2026-06-24T14:21:40  INFO      Poll OK — 2026-06-24T21:21:40.478918+00:00
2026-06-24T14:21:51  INFO      Poll OK — 2026-06-24T21:21:50.945237+00:00
2026-06-24T14:22:01  INFO      Poll OK — 2026-06-24T21:22:01.409675+00:00
2026-06-24T14:22:12  INFO      Poll OK — 2026-06-24T21:22:11.875899+00:00
2026-06-24T14:22:22  INFO      Poll OK — 2026-06-24T21:22:22.340070+00:00
2026-06-24T14:22:33  INFO      Poll OK — 2026-06-24T21:22:32.805328+00:00
2026-06-24T14:22:43  INFO      Poll OK — 2026-06-24T21:22:43.272493+00:00
2026-06-24T14:22:54  INFO      Poll OK — 2026-06-24T21:22:53.738909+00:00
2026-06-24T14:23:04  INFO      Poll OK — 2026-06-24T21:23:04.207945+00:00
2026-06-24T14:23:15  INFO      Poll OK — 2026-06-24T21:23:14.671699+00:00
2026-06-24T14:23:25  INFO      Poll OK — 2026-06-24T21:23:25.137571+00:00
2026-06-24T14:23:36  INFO      Poll OK — 2026-06-24T21:23:35.602416+00:00
2026-06-24T14:23:46  INFO      Poll OK — 2026-06-24T21:23:46.066484+00:00
2026-06-24T14:23:56  INFO      Poll OK — 2026-06-24T21:23:56.533339+00:00
2026-06-24T14:24:07  INFO      Poll OK — 2026-06-24T21:24:06.997396+00:00
2026-06-24T14:24:17  INFO      Poll OK — 2026-06-24T21:24:17.463846+00:00
2026-06-24T14:24:28  INFO      Poll OK — 2026-06-24T21:24:27.928115+00:00
2026-06-24T14:24:38  INFO      Poll OK — 2026-06-24T21:24:38.394123+00:00
2026-06-24T14:24:49  INFO      Poll OK — 2026-06-24T21:24:48.870634+00:00
2026-06-24T14:24:59  INFO      Poll OK — 2026-06-24T21:24:59.336768+00:00
2026-06-24T14:25:10  INFO      Poll OK — 2026-06-24T21:25:09.802994+00:00
2026-06-24T14:25:20  INFO      Poll OK — 2026-06-24T21:25:20.266405+00:00
2026-06-24T14:25:31  INFO      Poll OK — 2026-06-24T21:25:30.731362+00:00
2026-06-24T14:25:41  INFO      Poll OK — 2026-06-24T21:25:41.194101+00:00
2026-06-24T14:25:52  INFO      Poll OK — 2026-06-24T21:25:51.660284+00:00
2026-06-24T14:26:02  INFO      Poll OK — 2026-06-24T21:26:02.124469+00:00
2026-06-24T14:26:13  INFO      Poll OK — 2026-06-24T21:26:12.588205+00:00
2026-06-24T14:26:23  INFO      Poll OK — 2026-06-24T21:26:23.053767+00:00
2026-06-24T14:26:33  INFO      Poll OK — 2026-06-24T21:26:33.520940+00:00
2026-06-24T14:26:44  INFO      Poll OK — 2026-06-24T21:26:43.987002+00:00
2026-06-24T14:26:54  INFO      Poll OK — 2026-06-24T21:26:54.452648+00:00
2026-06-24T14:27:05  INFO      Poll OK — 2026-06-24T21:27:04.917831+00:00
2026-06-24T14:27:15  INFO      Poll OK — 2026-06-24T21:27:15.383389+00:00
2026-06-24T14:27:26  INFO      Poll OK — 2026-06-24T21:27:25.846832+00:00
2026-06-24T14:27:36  INFO      Poll OK — 2026-06-24T21:27:36.310665+00:00
2026-06-24T14:27:47  INFO      Poll OK — 2026-06-24T21:27:46.775129+00:00
2026-06-24T14:27:57  INFO      Poll OK — 2026-06-24T21:27:57.239018+00:00
2026-06-24T14:28:08  INFO      Poll OK — 2026-06-24T21:28:07.703986+00:00
2026-06-24T14:28:18  INFO      Poll OK — 2026-06-24T21:28:18.188258+00:00
2026-06-24T14:28:29  INFO      Poll OK — 2026-06-24T21:28:28.656592+00:00
2026-06-24T14:28:39  INFO      Poll OK — 2026-06-24T21:28:39.122990+00:00
2026-06-24T14:28:50  INFO      Poll OK — 2026-06-24T21:28:49.588178+00:00
2026-06-24T14:29:00  INFO      Poll OK — 2026-06-24T21:29:00.052395+00:00
2026-06-24T14:29:10  INFO      Poll OK — 2026-06-24T21:29:10.517757+00:00
2026-06-24T14:29:21  INFO      Poll OK — 2026-06-24T21:29:20.982938+00:00
2026-06-24T14:29:31  INFO      Poll OK — 2026-06-24T21:29:31.449170+00:00
2026-06-24T14:29:42  INFO      Poll OK — 2026-06-24T21:29:41.908333+00:00
2026-06-24T14:29:52  INFO      Poll OK — 2026-06-24T21:29:52.372904+00:00
2026-06-24T14:30:03  INFO      Poll OK — 2026-06-24T21:30:02.837022+00:00
2026-06-24T14:30:13  INFO      Poll OK — 2026-06-24T21:30:13.301245+00:00
2026-06-24T14:30:24  INFO      Poll OK — 2026-06-24T21:30:23.765362+00:00
2026-06-24T14:30:34  INFO      Poll OK — 2026-06-24T21:30:34.230980+00:00
2026-06-24T14:30:45  INFO      Poll OK — 2026-06-24T21:30:44.695517+00:00
2026-06-24T14:30:55  INFO      Poll OK — 2026-06-24T21:30:55.159748+00:00
2026-06-24T14:31:06  INFO      Poll OK — 2026-06-24T21:31:05.626637+00:00
2026-06-24T14:31:16  INFO      Poll OK — 2026-06-24T21:31:16.093427+00:00
2026-06-24T14:31:27  INFO      Poll OK — 2026-06-24T21:31:26.560236+00:00
2026-06-24T14:31:37  INFO      Poll OK — 2026-06-24T21:31:37.025366+00:00
2026-06-24T14:31:47  INFO      Poll OK — 2026-06-24T21:31:47.489191+00:00
2026-06-24T14:31:58  INFO      Poll OK — 2026-06-24T21:31:57.953918+00:00
2026-06-24T14:32:08  INFO      Poll OK — 2026-06-24T21:32:08.418345+00:00
2026-06-24T14:32:19  INFO      Poll OK — 2026-06-24T21:32:18.882709+00:00
2026-06-24T14:32:29  INFO      Poll OK — 2026-06-24T21:32:29.347027+00:00
2026-06-24T14:32:40  INFO      Poll OK — 2026-06-24T21:32:39.813847+00:00
2026-06-24T14:32:50  INFO      Poll OK — 2026-06-24T21:32:50.277778+00:00
2026-06-24T14:33:01  INFO      Poll OK — 2026-06-24T21:33:00.745361+00:00
2026-06-24T14:33:11  INFO      Poll OK — 2026-06-24T21:33:11.211881+00:00
2026-06-24T14:33:22  INFO      Poll OK — 2026-06-24T21:33:21.676368+00:00
2026-06-24T14:33:32  INFO      Poll OK — 2026-06-24T21:33:32.151760+00:00
2026-06-24T14:33:43  INFO      Poll OK — 2026-06-24T21:33:42.616200+00:00
2026-06-24T14:33:53  INFO      Poll OK — 2026-06-24T21:33:53.081932+00:00
2026-06-24T14:34:04  INFO      Poll OK — 2026-06-24T21:34:03.545131+00:00
2026-06-24T14:34:14  INFO      Poll OK — 2026-06-24T21:34:14.009067+00:00
2026-06-24T14:34:24  INFO      Poll OK — 2026-06-24T21:34:24.474942+00:00
2026-06-24T14:34:35  INFO      Poll OK — 2026-06-24T21:34:34.939257+00:00
2026-06-24T14:34:45  INFO      Poll OK — 2026-06-24T21:34:45.406587+00:00
2026-06-24T14:34:56  INFO      Poll OK — 2026-06-24T21:34:55.872286+00:00
2026-06-24T14:35:06  INFO      Poll OK — 2026-06-24T21:35:06.338640+00:00
2026-06-24T14:35:17  INFO      Poll OK — 2026-06-24T21:35:16.802800+00:00
2026-06-24T14:35:27  INFO      Poll OK — 2026-06-24T21:35:27.268319+00:00
2026-06-24T14:35:38  INFO      Poll OK — 2026-06-24T21:35:37.732585+00:00
2026-06-24T14:35:48  INFO      Poll OK — 2026-06-24T21:35:48.195993+00:00
2026-06-24T14:35:59  INFO      Poll OK — 2026-06-24T21:35:58.662284+00:00
2026-06-24T14:36:09  INFO      Poll OK — 2026-06-24T21:36:09.126259+00:00
2026-06-24T14:36:20  INFO      Poll OK — 2026-06-24T21:36:19.590007+00:00
2026-06-24T14:36:30  INFO      Poll OK — 2026-06-24T21:36:30.055121+00:00
2026-06-24T14:36:41  INFO      Poll OK — 2026-06-24T21:36:40.522175+00:00
2026-06-24T14:36:51  INFO      Poll OK — 2026-06-24T21:36:51.000631+00:00
2026-06-24T14:37:01  INFO      Poll OK — 2026-06-24T21:37:01.464746+00:00
2026-06-24T14:37:12  INFO      Poll OK — 2026-06-24T21:37:11.930471+00:00
2026-06-24T14:37:22  INFO      Poll OK — 2026-06-24T21:37:22.393228+00:00
2026-06-24T14:37:33  INFO      Poll OK — 2026-06-24T21:37:32.860046+00:00
2026-06-24T14:37:43  INFO      Poll OK — 2026-06-24T21:37:43.323208+00:00
2026-06-24T14:37:54  INFO      Poll OK — 2026-06-24T21:37:53.786615+00:00
2026-06-24T14:38:04  INFO      Poll OK — 2026-06-24T21:38:04.252781+00:00
2026-06-24T14:38:15  INFO      Poll OK — 2026-06-24T21:38:14.716402+00:00
2026-06-24T14:38:25  INFO      Poll OK — 2026-06-24T21:38:25.181582+00:00
2026-06-24T14:38:36  INFO      Poll OK — 2026-06-24T21:38:35.647943+00:00
2026-06-24T14:38:46  INFO      Poll OK — 2026-06-24T21:38:46.115354+00:00
2026-06-24T14:38:57  INFO      Poll OK — 2026-06-24T21:38:56.580659+00:00
2026-06-24T14:39:07  INFO      Poll OK — 2026-06-24T21:39:07.045156+00:00
2026-06-24T14:39:17  INFO      Poll OK — 2026-06-24T21:39:17.509544+00:00
2026-06-24T14:39:28  INFO      Poll OK — 2026-06-24T21:39:27.973726+00:00
2026-06-24T14:39:38  INFO      Poll OK — 2026-06-24T21:39:38.438991+00:00
2026-06-24T14:39:49  INFO      Poll OK — 2026-06-24T21:39:48.903419+00:00
2026-06-24T14:39:59  INFO      Poll OK — 2026-06-24T21:39:59.366979+00:00
2026-06-24T14:40:10  INFO      Poll OK — 2026-06-24T21:40:09.833031+00:00
2026-06-24T14:40:20  INFO      Poll OK — 2026-06-24T21:40:20.298465+00:00
2026-06-24T14:40:31  INFO      Poll OK — 2026-06-24T21:40:30.766003+00:00
2026-06-24T14:40:41  INFO      Poll OK — 2026-06-24T21:40:41.232450+00:00
2026-06-24T14:40:52  INFO      Poll OK — 2026-06-24T21:40:51.696638+00:00
2026-06-24T14:41:02  INFO      Poll OK — 2026-06-24T21:41:02.161054+00:00
2026-06-24T14:41:13  INFO      Poll OK — 2026-06-24T21:41:12.634504+00:00
2026-06-24T14:41:23  INFO      Poll OK — 2026-06-24T21:41:23.100430+00:00
2026-06-24T14:41:34  INFO      Poll OK — 2026-06-24T21:41:33.564878+00:00
2026-06-24T14:41:44  INFO      Poll OK — 2026-06-24T21:41:44.029308+00:00
2026-06-24T14:41:54  INFO      Poll OK — 2026-06-24T21:41:54.494216+00:00
2026-06-24T14:42:05  INFO      Poll OK — 2026-06-24T21:42:04.957901+00:00
2026-06-24T14:42:15  INFO      Poll OK — 2026-06-24T21:42:15.424473+00:00
2026-06-24T14:42:26  INFO      Poll OK — 2026-06-24T21:42:25.889631+00:00
2026-06-24T14:42:36  INFO      Poll OK — 2026-06-24T21:42:36.358281+00:00
2026-06-24T14:42:47  INFO      Poll OK — 2026-06-24T21:42:46.822394+00:00
2026-06-24T14:42:57  INFO      Poll OK — 2026-06-24T21:42:57.286580+00:00
2026-06-24T14:43:08  INFO      Poll OK — 2026-06-24T21:43:07.750684+00:00
2026-06-24T14:43:18  INFO      Poll OK — 2026-06-24T21:43:18.213395+00:00
2026-06-24T14:43:29  INFO      Poll OK — 2026-06-24T21:43:28.680741+00:00
2026-06-24T14:43:39  INFO      Poll OK — 2026-06-24T21:43:39.145004+00:00
2026-06-24T14:43:50  INFO      Poll OK — 2026-06-24T21:43:49.610058+00:00
2026-06-24T14:44:00  INFO      Poll OK — 2026-06-24T21:44:00.073237+00:00
2026-06-24T14:44:11  INFO      Poll OK — 2026-06-24T21:44:10.542268+00:00
2026-06-24T14:44:21  INFO      Poll OK — 2026-06-24T21:44:21.008940+00:00
2026-06-24T14:44:31  INFO      Poll OK — 2026-06-24T21:44:31.472600+00:00
2026-06-24T14:44:42  INFO      Poll OK — 2026-06-24T21:44:41.937844+00:00
2026-06-24T14:44:52  INFO      Poll OK — 2026-06-24T21:44:52.402326+00:00
2026-06-24T14:45:03  INFO      Poll OK — 2026-06-24T21:45:02.866607+00:00
2026-06-24T14:45:13  INFO      Poll OK — 2026-06-24T21:45:13.330735+00:00
2026-06-24T14:45:24  INFO      Poll OK — 2026-06-24T21:45:23.794105+00:00
2026-06-24T14:45:34  INFO      Poll OK — 2026-06-24T21:45:34.259895+00:00
2026-06-24T14:45:45  INFO      Poll OK — 2026-06-24T21:45:44.723905+00:00
2026-06-24T14:45:55  INFO      Poll OK — 2026-06-24T21:45:55.191293+00:00
2026-06-24T14:46:06  INFO      Poll OK — 2026-06-24T21:46:05.656225+00:00
2026-06-24T14:46:16  INFO      Poll OK — 2026-06-24T21:46:16.122662+00:00
2026-06-24T14:46:27  INFO      Poll OK — 2026-06-24T21:46:26.588654+00:00
2026-06-24T14:46:37  INFO      Poll OK — 2026-06-24T21:46:37.053210+00:00
2026-06-24T14:46:47  INFO      Poll OK — 2026-06-24T21:46:47.518429+00:00
2026-06-24T14:46:58  INFO      Poll OK — 2026-06-24T21:46:57.982872+00:00
2026-06-24T14:47:08  INFO      Poll OK — 2026-06-24T21:47:08.445801+00:00
2026-06-24T14:47:19  INFO      Poll OK — 2026-06-24T21:47:18.930634+00:00
2026-06-24T14:47:29  INFO      Poll OK — 2026-06-24T21:47:29.394803+00:00
2026-06-24T14:47:40  INFO      Poll OK — 2026-06-24T21:47:39.862030+00:00
2026-06-24T14:47:50  INFO      Poll OK — 2026-06-24T21:47:50.326589+00:00
2026-06-24T14:48:01  INFO      Poll OK — 2026-06-24T21:48:00.793780+00:00
2026-06-24T14:48:11  INFO      Poll OK — 2026-06-24T21:48:11.279096+00:00
2026-06-24T14:48:22  INFO      Poll OK — 2026-06-24T21:48:21.765015+00:00
2026-06-24T14:48:32  INFO      Poll OK — 2026-06-24T21:48:32.229513+00:00
2026-06-24T14:48:43  INFO      Poll OK — 2026-06-24T21:48:42.693907+00:00
2026-06-24T14:48:53  INFO      Poll OK — 2026-06-24T21:48:53.158927+00:00
2026-06-24T14:49:04  INFO      Poll OK — 2026-06-24T21:49:03.623375+00:00
2026-06-24T14:49:14  INFO      Poll OK — 2026-06-24T21:49:14.087613+00:00
2026-06-24T14:49:25  INFO      Poll OK — 2026-06-24T21:49:24.562064+00:00
2026-06-24T14:49:35  INFO      Poll OK — 2026-06-24T21:49:35.027445+00:00
2026-06-24T14:49:45  INFO      Poll OK — 2026-06-24T21:49:45.494065+00:00
2026-06-24T14:49:56  INFO      Poll OK — 2026-06-24T21:49:55.971382+00:00
2026-06-24T14:50:06  INFO      Poll OK — 2026-06-24T21:50:06.437155+00:00
2026-06-24T14:50:17  INFO      Poll OK — 2026-06-24T21:50:16.901562+00:00
2026-06-24T14:50:27  INFO      Poll OK — 2026-06-24T21:50:27.375850+00:00
2026-06-24T14:50:38  INFO      Poll OK — 2026-06-24T21:50:37.850171+00:00
2026-06-24T14:50:48  INFO      Poll OK — 2026-06-24T21:50:48.314336+00:00
2026-06-24T14:50:59  INFO      Poll OK — 2026-06-24T21:50:58.790439+00:00
2026-06-24T14:51:09  INFO      Poll OK — 2026-06-24T21:51:09.263873+00:00
2026-06-24T14:51:20  INFO      Poll OK — 2026-06-24T21:51:19.738317+00:00
2026-06-24T14:51:30  INFO      Poll OK — 2026-06-24T21:51:30.204588+00:00
2026-06-24T14:51:41  INFO      Poll OK — 2026-06-24T21:51:40.670791+00:00
2026-06-24T14:51:51  INFO      Poll OK — 2026-06-24T21:51:51.149166+00:00
2026-06-24T14:52:02  INFO      Poll OK — 2026-06-24T21:52:01.632355+00:00
2026-06-24T14:52:12  INFO      Poll OK — 2026-06-24T21:52:12.097739+00:00
2026-06-24T14:52:23  INFO      Poll OK — 2026-06-24T21:52:22.562073+00:00
2026-06-24T14:52:33  INFO      Poll OK — 2026-06-24T21:52:33.025755+00:00
2026-06-24T14:52:43  INFO      Poll OK — 2026-06-24T21:52:43.491675+00:00
2026-06-24T14:52:54  INFO      Poll OK — 2026-06-24T21:52:53.954816+00:00
2026-06-24T14:53:04  INFO      Poll OK — 2026-06-24T21:53:04.421278+00:00
2026-06-24T14:53:15  INFO      Poll OK — 2026-06-24T21:53:14.884479+00:00
2026-06-24T14:53:25  INFO      Poll OK — 2026-06-24T21:53:25.360962+00:00
2026-06-24T14:53:36  INFO      Poll OK — 2026-06-24T21:53:35.837077+00:00
2026-06-24T14:53:46  INFO      Poll OK — 2026-06-24T21:53:46.304345+00:00
2026-06-24T14:53:57  INFO      Poll OK — 2026-06-24T21:53:56.779670+00:00
2026-06-24T14:54:07  INFO      Poll OK — 2026-06-24T21:54:07.242767+00:00
2026-06-24T14:54:18  INFO      Poll OK — 2026-06-24T21:54:17.707856+00:00
2026-06-24T14:54:28  INFO      Poll OK — 2026-06-24T21:54:28.172670+00:00
2026-06-24T14:54:39  INFO      Poll OK — 2026-06-24T21:54:38.637020+00:00
2026-06-24T14:54:49  INFO      Poll OK — 2026-06-24T21:54:49.101870+00:00
2026-06-24T14:55:00  INFO      Poll OK — 2026-06-24T21:54:59.575611+00:00
2026-06-24T14:55:10  INFO      Poll OK — 2026-06-24T21:55:10.041231+00:00
2026-06-24T14:55:20  INFO      Poll OK — 2026-06-24T21:55:20.507893+00:00
2026-06-24T14:55:31  INFO      Poll OK — 2026-06-24T21:55:30.974335+00:00
2026-06-24T14:55:41  INFO      Poll OK — 2026-06-24T21:55:41.438601+00:00
2026-06-24T14:55:52  INFO      Poll OK — 2026-06-24T21:55:51.904774+00:00
2026-06-24T14:56:02  INFO      Poll OK — 2026-06-24T21:56:02.370189+00:00
2026-06-24T14:56:13  INFO      Poll OK — 2026-06-24T21:56:12.833211+00:00
2026-06-24T14:56:23  INFO      Poll OK — 2026-06-24T21:56:23.298863+00:00
2026-06-24T14:56:34  INFO      Poll OK — 2026-06-24T21:56:33.762674+00:00
2026-06-24T14:56:44  INFO      Poll OK — 2026-06-24T21:56:44.226068+00:00
2026-06-24T14:56:55  INFO      Poll OK — 2026-06-24T21:56:54.691112+00:00
2026-06-24T14:57:05  INFO      Poll OK — 2026-06-24T21:57:05.157502+00:00
2026-06-24T14:57:16  INFO      Poll OK — 2026-06-24T21:57:15.624104+00:00
2026-06-24T14:57:26  INFO      Poll OK — 2026-06-24T21:57:26.089154+00:00
2026-06-24T14:57:37  INFO      Poll OK — 2026-06-24T21:57:36.555586+00:00
2026-06-24T14:57:47  INFO      Poll OK — 2026-06-24T21:57:47.020628+00:00
2026-06-24T14:57:57  INFO      Poll OK — 2026-06-24T21:57:57.485198+00:00
2026-06-24T14:58:08  INFO      Poll OK — 2026-06-24T21:58:07.949168+00:00
2026-06-24T14:58:18  INFO      Poll OK — 2026-06-24T21:58:18.413128+00:00
2026-06-24T14:58:29  INFO      Poll OK — 2026-06-24T21:58:28.879000+00:00
2026-06-24T14:58:39  INFO      Poll OK — 2026-06-24T21:58:39.342357+00:00
2026-06-24T14:58:50  INFO      Poll OK — 2026-06-24T21:58:49.807428+00:00
2026-06-24T14:59:00  INFO      Poll OK — 2026-06-24T21:59:00.273847+00:00
2026-06-24T14:59:11  INFO      Poll OK — 2026-06-24T21:59:10.739726+00:00
2026-06-24T14:59:21  INFO      Poll OK — 2026-06-24T21:59:21.207172+00:00
2026-06-24T14:59:32  INFO      Poll OK — 2026-06-24T21:59:31.670607+00:00
2026-06-24T14:59:42  INFO      Poll OK — 2026-06-24T21:59:42.135775+00:00
2026-06-24T14:59:53  INFO      Poll OK — 2026-06-24T21:59:52.600107+00:00
2026-06-24T15:00:03  INFO      Poll OK — 2026-06-24T22:00:03.074401+00:00
2026-06-24T15:00:14  INFO      Poll OK — 2026-06-24T22:00:13.539603+00:00
2026-06-24T15:00:24  INFO      Poll OK — 2026-06-24T22:00:24.002620+00:00
2026-06-24T15:00:34  INFO      Poll OK — 2026-06-24T22:00:34.467554+00:00
2026-06-24T15:00:45  INFO      Poll OK — 2026-06-24T22:00:44.932543+00:00
2026-06-24T15:00:55  INFO      Poll OK — 2026-06-24T22:00:55.399873+00:00
2026-06-24T15:01:06  INFO      Poll OK — 2026-06-24T22:01:05.865163+00:00
2026-06-24T15:01:16  INFO      Poll OK — 2026-06-24T22:01:16.342287+00:00
2026-06-24T15:01:27  INFO      Poll OK — 2026-06-24T22:01:26.807874+00:00
2026-06-24T15:01:37  INFO      Poll OK — 2026-06-24T22:01:37.270520+00:00
2026-06-24T15:01:48  INFO      Poll OK — 2026-06-24T22:01:47.736534+00:00
2026-06-24T15:01:58  INFO      Poll OK — 2026-06-24T22:01:58.200183+00:00
2026-06-24T15:02:09  INFO      Poll OK — 2026-06-24T22:02:08.665063+00:00
2026-06-24T15:02:19  INFO      Poll OK — 2026-06-24T22:02:19.129146+00:00
2026-06-24T15:02:30  INFO      Poll OK — 2026-06-24T22:02:29.593220+00:00
2026-06-24T15:02:40  INFO      Poll OK — 2026-06-24T22:02:40.058627+00:00
2026-06-24T15:02:50  INFO      Poll OK — 2026-06-24T22:02:50.524960+00:00
2026-06-24T15:03:01  INFO      Poll OK — 2026-06-24T22:03:00.992214+00:00
2026-06-24T15:03:11  INFO      Poll OK — 2026-06-24T22:03:11.457147+00:00
2026-06-24T15:03:22  INFO      Poll OK — 2026-06-24T22:03:21.921809+00:00
2026-06-24T15:03:32  INFO      Poll OK — 2026-06-24T22:03:32.386748+00:00
2026-06-24T15:03:43  INFO      Poll OK — 2026-06-24T22:03:42.850466+00:00
2026-06-24T15:03:53  INFO      Poll OK — 2026-06-24T22:03:53.316242+00:00
2026-06-24T15:04:04  INFO      Poll OK — 2026-06-24T22:04:03.780943+00:00
2026-06-24T15:04:14  INFO      Poll OK — 2026-06-24T22:04:14.244079+00:00
2026-06-24T15:04:25  INFO      Poll OK — 2026-06-24T22:04:24.709143+00:00
2026-06-24T15:04:35  INFO      Poll OK — 2026-06-24T22:04:35.174688+00:00
2026-06-24T15:04:46  INFO      Poll OK — 2026-06-24T22:04:45.641869+00:00
2026-06-24T15:04:56  INFO      Poll OK — 2026-06-24T22:04:56.106466+00:00
2026-06-24T15:05:07  INFO      Poll OK — 2026-06-24T22:05:06.573163+00:00
2026-06-24T15:05:17  INFO      Poll OK — 2026-06-24T22:05:17.036741+00:00
2026-06-24T15:05:27  INFO      Poll OK — 2026-06-24T22:05:27.500979+00:00
2026-06-24T15:05:38  INFO      Poll OK — 2026-06-24T22:05:37.965773+00:00
2026-06-24T15:05:48  INFO      Poll OK — 2026-06-24T22:05:48.430231+00:00
2026-06-24T15:05:59  INFO      Poll OK — 2026-06-24T22:05:58.895923+00:00
2026-06-24T15:06:09  INFO      Poll OK — 2026-06-24T22:06:09.358973+00:00
2026-06-24T15:06:20  INFO      Poll OK — 2026-06-24T22:06:19.823532+00:00
2026-06-24T15:06:30  INFO      Poll OK — 2026-06-24T22:06:30.289340+00:00
2026-06-24T15:06:41  INFO      Poll OK — 2026-06-24T22:06:40.755599+00:00
2026-06-24T15:06:51  INFO      Poll OK — 2026-06-24T22:06:51.222704+00:00
2026-06-24T15:07:02  INFO      Poll OK — 2026-06-24T22:07:01.686883+00:00
2026-06-24T15:07:12  INFO      Poll OK — 2026-06-24T22:07:12.151936+00:00
2026-06-24T15:07:23  INFO      Poll OK — 2026-06-24T22:07:22.626128+00:00
2026-06-24T15:07:33  INFO      Poll OK — 2026-06-24T22:07:33.089901+00:00
2026-06-24T15:07:44  INFO      Poll OK — 2026-06-24T22:07:43.554967+00:00
2026-06-24T15:07:54  INFO      Poll OK — 2026-06-24T22:07:54.017669+00:00
2026-06-24T15:08:04  INFO      Poll OK — 2026-06-24T22:08:04.483923+00:00
2026-06-24T15:08:15  INFO      Poll OK — 2026-06-24T22:08:14.948110+00:00
2026-06-24T15:08:25  INFO      Poll OK — 2026-06-24T22:08:25.414932+00:00
2026-06-24T15:08:36  INFO      Poll OK — 2026-06-24T22:08:35.880582+00:00
2026-06-24T15:08:46  INFO      Poll OK — 2026-06-24T22:08:46.346661+00:00
2026-06-24T15:08:57  INFO      Poll OK — 2026-06-24T22:08:56.811651+00:00
2026-06-24T15:09:07  INFO      Poll OK — 2026-06-24T22:09:07.274837+00:00
2026-06-24T15:09:18  INFO      Poll OK — 2026-06-24T22:09:17.740211+00:00
2026-06-24T15:09:28  INFO      Poll OK — 2026-06-24T22:09:28.204482+00:00
2026-06-24T15:09:39  INFO      Poll OK — 2026-06-24T22:09:38.668677+00:00
2026-06-24T15:09:49  INFO      Poll OK — 2026-06-24T22:09:49.133276+00:00
2026-06-24T15:10:00  INFO      Poll OK — 2026-06-24T22:09:59.597016+00:00
2026-06-24T15:10:10  INFO      Poll OK — 2026-06-24T22:10:10.063317+00:00
2026-06-24T15:10:20  INFO      Poll OK — 2026-06-24T22:10:20.529268+00:00
2026-06-24T15:10:31  INFO      Poll OK — 2026-06-24T22:10:30.995575+00:00
2026-06-24T15:10:41  INFO      Poll OK — 2026-06-24T22:10:41.460729+00:00
2026-06-24T15:10:52  INFO      Poll OK — 2026-06-24T22:10:51.926364+00:00
2026-06-24T15:11:02  INFO      Poll OK — 2026-06-24T22:11:02.391354+00:00
2026-06-24T15:11:13  INFO      Poll OK — 2026-06-24T22:11:12.854512+00:00
2026-06-24T15:11:23  INFO      Poll OK — 2026-06-24T22:11:23.318869+00:00
2026-06-24T15:11:34  INFO      Poll OK — 2026-06-24T22:11:33.783931+00:00
2026-06-24T15:11:44  INFO      Poll OK — 2026-06-24T22:11:44.248256+00:00
2026-06-24T15:11:55  INFO      Poll OK — 2026-06-24T22:11:54.712374+00:00
2026-06-24T15:12:05  INFO      Poll OK — 2026-06-24T22:12:05.178498+00:00
2026-06-24T15:12:16  INFO      Poll OK — 2026-06-24T22:12:15.645842+00:00
2026-06-24T15:12:26  INFO      Poll OK — 2026-06-24T22:12:26.111533+00:00
2026-06-24T15:12:37  INFO      Poll OK — 2026-06-24T22:12:36.576374+00:00
2026-06-24T15:12:47  INFO      Poll OK — 2026-06-24T22:12:47.040311+00:00
2026-06-24T15:12:57  INFO      Poll OK — 2026-06-24T22:12:57.504439+00:00
2026-06-24T15:13:08  INFO      Poll OK — 2026-06-24T22:13:07.969577+00:00
2026-06-24T15:13:18  INFO      Poll OK — 2026-06-24T22:13:18.433637+00:00
2026-06-24T15:13:29  INFO      Poll OK — 2026-06-24T22:13:28.899474+00:00
2026-06-24T15:13:39  INFO      Poll OK — 2026-06-24T22:13:39.362602+00:00
2026-06-24T15:13:50  INFO      Poll OK — 2026-06-24T22:13:49.837159+00:00
2026-06-24T15:14:00  INFO      Poll OK — 2026-06-24T22:14:00.302852+00:00
2026-06-24T15:14:11  INFO      Poll OK — 2026-06-24T22:14:10.780345+00:00
2026-06-24T15:14:21  INFO      Poll OK — 2026-06-24T22:14:21.257416+00:00
2026-06-24T15:14:32  INFO      Poll OK — 2026-06-24T22:14:31.720610+00:00
2026-06-24T15:14:42  INFO      Poll OK — 2026-06-24T22:14:42.185873+00:00
2026-06-24T15:14:53  INFO      Poll OK — 2026-06-24T22:14:52.650331+00:00
2026-06-24T15:15:03  INFO      Poll OK — 2026-06-24T22:15:03.114685+00:00
2026-06-24T15:15:14  INFO      Poll OK — 2026-06-24T22:15:13.579831+00:00
2026-06-24T15:15:24  INFO      Poll OK — 2026-06-24T22:15:24.042396+00:00
2026-06-24T15:15:34  INFO      Poll OK — 2026-06-24T22:15:34.509110+00:00
2026-06-24T15:15:45  INFO      Poll OK — 2026-06-24T22:15:44.971491+00:00
2026-06-24T15:15:55  INFO      Poll OK — 2026-06-24T22:15:55.439582+00:00
2026-06-24T15:16:06  INFO      Poll OK — 2026-06-24T22:16:05.906808+00:00
2026-06-24T15:16:16  INFO      Poll OK — 2026-06-24T22:16:16.381730+00:00
2026-06-24T15:16:27  INFO      Poll OK — 2026-06-24T22:16:26.846962+00:00
2026-06-24T15:16:37  INFO      Poll OK — 2026-06-24T22:16:37.320314+00:00
2026-06-24T15:16:48  INFO      Poll OK — 2026-06-24T22:16:47.785559+00:00
2026-06-24T15:16:58  INFO      Poll OK — 2026-06-24T22:16:58.249843+00:00
2026-06-24T15:17:09  INFO      Poll OK — 2026-06-24T22:17:08.714128+00:00
2026-06-24T15:17:19  INFO      Poll OK — 2026-06-24T22:17:19.178395+00:00
2026-06-24T15:17:30  INFO      Poll OK — 2026-06-24T22:17:29.642779+00:00
2026-06-24T15:17:40  INFO      Poll OK — 2026-06-24T22:17:40.110004+00:00
2026-06-24T15:17:51  INFO      Poll OK — 2026-06-24T22:17:50.573325+00:00
2026-06-24T15:18:01  INFO      Poll OK — 2026-06-24T22:18:01.041222+00:00
2026-06-24T15:18:11  INFO      Poll OK — 2026-06-24T22:18:11.517405+00:00
2026-06-24T15:18:22  INFO      Poll OK — 2026-06-24T22:18:21.981938+00:00
2026-06-24T15:18:32  INFO      Poll OK — 2026-06-24T22:18:32.445966+00:00
2026-06-24T15:18:43  INFO      Poll OK — 2026-06-24T22:18:42.910481+00:00
2026-06-24T15:18:53  INFO      Poll OK — 2026-06-24T22:18:53.375507+00:00
2026-06-24T15:19:04  INFO      Poll OK — 2026-06-24T22:19:03.838680+00:00
2026-06-24T15:19:14  INFO      Poll OK — 2026-06-24T22:19:14.304026+00:00
2026-06-24T15:19:25  INFO      Poll OK — 2026-06-24T22:19:24.768557+00:00
2026-06-24T15:19:35  INFO      Poll OK — 2026-06-24T22:19:35.233203+00:00
2026-06-24T15:19:46  INFO      Poll OK — 2026-06-24T22:19:45.700631+00:00
2026-06-24T15:19:56  INFO      Poll OK — 2026-06-24T22:19:56.167122+00:00
2026-06-24T15:20:07  INFO      Poll OK — 2026-06-24T22:20:06.632019+00:00
2026-06-24T15:20:17  INFO      Poll OK — 2026-06-24T22:20:17.106158+00:00
2026-06-24T15:20:28  INFO      Poll OK — 2026-06-24T22:20:27.571840+00:00
2026-06-24T15:20:38  INFO      Poll OK — 2026-06-24T22:20:38.045559+00:00
2026-06-24T15:20:48  INFO      Poll OK — 2026-06-24T22:20:48.509029+00:00
2026-06-24T15:20:59  INFO      Poll OK — 2026-06-24T22:20:58.975609+00:00
2026-06-24T15:21:09  INFO      Poll OK — 2026-06-24T22:21:09.439732+00:00
2026-06-24T15:21:20  INFO      Poll OK — 2026-06-24T22:21:19.904367+00:00
2026-06-24T15:21:30  INFO      Poll OK — 2026-06-24T22:21:30.371221+00:00
2026-06-24T15:21:41  INFO      Poll OK — 2026-06-24T22:21:40.837552+00:00
2026-06-24T15:21:51  INFO      Poll OK — 2026-06-24T22:21:51.303641+00:00
2026-06-24T15:22:02  INFO      Poll OK — 2026-06-24T22:22:01.766851+00:00
2026-06-24T15:22:12  INFO      Poll OK — 2026-06-24T22:22:12.233161+00:00
2026-06-24T15:22:23  INFO      Poll OK — 2026-06-24T22:22:22.696252+00:00
2026-06-24T15:22:33  INFO      Poll OK — 2026-06-24T22:22:33.159527+00:00
2026-06-24T15:22:44  INFO      Poll OK — 2026-06-24T22:22:43.626381+00:00
2026-06-24T15:22:54  INFO      Poll OK — 2026-06-24T22:22:54.089193+00:00
2026-06-24T15:23:05  INFO      Poll OK — 2026-06-24T22:23:04.554263+00:00
2026-06-24T15:23:15  INFO      Poll OK — 2026-06-24T22:23:15.018770+00:00
2026-06-24T15:23:25  INFO      Poll OK — 2026-06-24T22:23:25.485852+00:00
2026-06-24T15:23:36  INFO      Poll OK — 2026-06-24T22:23:35.951598+00:00
2026-06-24T15:23:46  INFO      Poll OK — 2026-06-24T22:23:46.418345+00:00
2026-06-24T15:23:57  INFO      Poll OK — 2026-06-24T22:23:56.882537+00:00
2026-06-24T15:24:07  INFO      Poll OK — 2026-06-24T22:24:07.345707+00:00
2026-06-24T15:24:18  INFO      Poll OK — 2026-06-24T22:24:17.811995+00:00
2026-06-24T15:24:28  INFO      Poll OK — 2026-06-24T22:24:28.295575+00:00
2026-06-24T15:24:39  INFO      Poll OK — 2026-06-24T22:24:38.760685+00:00
2026-06-24T15:24:49  INFO      Poll OK — 2026-06-24T22:24:49.224424+00:00
2026-06-24T15:25:00  INFO      Poll OK — 2026-06-24T22:24:59.689155+00:00
2026-06-24T15:25:10  INFO      Poll OK — 2026-06-24T22:25:10.156111+00:00
2026-06-24T15:25:21  INFO      Poll OK — 2026-06-24T22:25:20.621740+00:00
2026-06-24T15:25:31  INFO      Poll OK — 2026-06-24T22:25:31.088726+00:00
2026-06-24T15:25:42  INFO      Poll OK — 2026-06-24T22:25:41.552648+00:00
2026-06-24T15:25:52  INFO      Poll OK — 2026-06-24T22:25:52.017650+00:00
2026-06-24T15:26:02  INFO      Poll OK — 2026-06-24T22:26:02.483222+00:00
2026-06-24T15:26:13  INFO      Poll OK — 2026-06-24T22:26:12.945697+00:00
2026-06-24T15:26:23  INFO      Poll OK — 2026-06-24T22:26:23.412060+00:00
2026-06-24T15:26:34  INFO      Poll OK — 2026-06-24T22:26:33.876463+00:00
2026-06-24T15:26:44  INFO      Poll OK — 2026-06-24T22:26:44.340744+00:00
2026-06-24T15:26:55  INFO      Poll OK — 2026-06-24T22:26:54.804674+00:00
2026-06-24T15:27:05  INFO      Poll OK — 2026-06-24T22:27:05.270163+00:00
2026-06-24T15:27:16  INFO      Poll OK — 2026-06-24T22:27:15.747768+00:00
2026-06-24T15:27:26  INFO      Poll OK — 2026-06-24T22:27:26.214697+00:00
2026-06-24T15:27:37  INFO      Poll OK — 2026-06-24T22:27:36.678900+00:00
2026-06-24T15:27:47  INFO      Poll OK — 2026-06-24T22:27:47.142910+00:00
2026-06-24T15:27:58  INFO      Poll OK — 2026-06-24T22:27:57.607370+00:00
2026-06-24T15:28:08  INFO      Poll OK — 2026-06-24T22:28:08.072684+00:00
2026-06-24T15:28:19  INFO      Poll OK — 2026-06-24T22:28:18.536795+00:00
2026-06-24T15:28:29  INFO      Poll OK — 2026-06-24T22:28:29.001868+00:00
2026-06-24T15:28:39  INFO      Poll OK — 2026-06-24T22:28:39.465174+00:00
2026-06-24T15:28:50  INFO      Poll OK — 2026-06-24T22:28:49.929853+00:00
2026-06-24T15:29:00  INFO      Poll OK — 2026-06-24T22:29:00.397055+00:00
2026-06-24T15:29:11  INFO      Poll OK — 2026-06-24T22:29:10.873168+00:00
2026-06-24T15:29:21  INFO      Poll OK — 2026-06-24T22:29:21.340668+00:00
2026-06-24T15:29:32  INFO      Poll OK — 2026-06-24T22:29:31.804116+00:00
2026-06-24T15:29:42  INFO      Poll OK — 2026-06-24T22:29:42.269088+00:00
2026-06-24T15:29:53  INFO      Poll OK — 2026-06-24T22:29:52.732908+00:00
2026-06-24T15:30:03  INFO      Poll OK — 2026-06-24T22:30:03.197308+00:00
2026-06-24T15:30:14  INFO      Poll OK — 2026-06-24T22:30:13.661753+00:00
2026-06-24T15:30:24  INFO      Poll OK — 2026-06-24T22:30:24.147031+00:00
2026-06-24T15:30:35  INFO      Poll OK — 2026-06-24T22:30:34.611825+00:00
2026-06-24T15:30:45  INFO      Poll OK — 2026-06-24T22:30:45.076433+00:00
2026-06-24T15:30:56  INFO      Poll OK — 2026-06-24T22:30:55.543333+00:00
2026-06-24T15:31:06  INFO      Poll OK — 2026-06-24T22:31:06.009646+00:00
2026-06-24T15:31:16  INFO      Poll OK — 2026-06-24T22:31:16.474967+00:00
2026-06-24T15:31:27  INFO      Poll OK — 2026-06-24T22:31:26.940507+00:00
2026-06-24T15:31:37  INFO      Poll OK — 2026-06-24T22:31:37.403689+00:00
2026-06-24T15:31:48  INFO      Poll OK — 2026-06-24T22:31:47.869217+00:00
2026-06-24T15:31:58  INFO      Poll OK — 2026-06-24T22:31:58.333078+00:00
2026-06-24T15:32:09  INFO      Poll OK — 2026-06-24T22:32:08.807038+00:00
2026-06-24T15:32:19  INFO      Poll OK — 2026-06-24T22:32:19.272879+00:00
2026-06-24T15:32:30  INFO      Poll OK — 2026-06-24T22:32:29.737122+00:00
2026-06-24T15:32:40  INFO      Poll OK — 2026-06-24T22:32:40.204415+00:00
2026-06-24T15:32:51  INFO      Poll OK — 2026-06-24T22:32:50.668545+00:00
2026-06-24T15:33:01  INFO      Poll OK — 2026-06-24T22:33:01.136926+00:00
2026-06-24T15:33:12  INFO      Poll OK — 2026-06-24T22:33:11.600752+00:00
2026-06-24T15:33:22  INFO      Poll OK — 2026-06-24T22:33:22.066321+00:00
2026-06-24T15:33:32  INFO      Poll OK — 2026-06-24T22:33:32.530797+00:00
2026-06-24T15:33:43  INFO      Poll OK — 2026-06-24T22:33:42.993936+00:00
2026-06-24T15:33:53  INFO      Poll OK — 2026-06-24T22:33:53.459146+00:00
2026-06-24T15:34:04  INFO      Poll OK — 2026-06-24T22:34:03.923137+00:00
2026-06-24T15:34:14  INFO      Poll OK — 2026-06-24T22:34:14.387235+00:00
2026-06-24T15:34:25  INFO      Poll OK — 2026-06-24T22:34:24.852927+00:00
2026-06-24T15:34:35  INFO      Poll OK — 2026-06-24T22:34:35.319216+00:00
2026-06-24T15:34:46  INFO      Poll OK — 2026-06-24T22:34:45.785890+00:00
2026-06-24T15:34:56  INFO      Poll OK — 2026-06-24T22:34:56.251862+00:00
2026-06-24T15:35:07  INFO      Poll OK — 2026-06-24T22:35:06.716649+00:00
2026-06-24T15:35:17  INFO      Poll OK — 2026-06-24T22:35:17.180753+00:00
2026-06-24T15:35:28  INFO      Poll OK — 2026-06-24T22:35:27.645368+00:00
2026-06-24T15:35:38  INFO      Poll OK — 2026-06-24T22:35:38.110015+00:00
2026-06-24T15:35:49  INFO      Poll OK — 2026-06-24T22:35:48.574022+00:00
2026-06-24T15:35:59  INFO      Poll OK — 2026-06-24T22:35:59.039212+00:00
2026-06-24T15:36:09  INFO      Poll OK — 2026-06-24T22:36:09.503108+00:00
2026-06-24T15:36:20  INFO      Poll OK — 2026-06-24T22:36:19.967781+00:00
2026-06-24T15:36:30  INFO      Poll OK — 2026-06-24T22:36:30.434906+00:00
2026-06-24T15:36:41  INFO      Poll OK — 2026-06-24T22:36:40.901144+00:00
2026-06-24T15:36:51  INFO      Poll OK — 2026-06-24T22:36:51.368467+00:00
2026-06-24T15:37:02  INFO      Poll OK — 2026-06-24T22:37:01.832079+00:00
2026-06-24T15:37:12  INFO      Poll OK — 2026-06-24T22:37:12.297167+00:00
2026-06-24T15:37:23  INFO      Poll OK — 2026-06-24T22:37:22.760460+00:00
2026-06-24T15:37:33  INFO      Poll OK — 2026-06-24T22:37:33.225860+00:00
2026-06-24T15:37:44  INFO      Poll OK — 2026-06-24T22:37:43.700921+00:00
2026-06-24T15:37:54  INFO      Poll OK — 2026-06-24T22:37:54.164025+00:00
2026-06-24T15:38:05  INFO      Poll OK — 2026-06-24T22:38:04.629176+00:00
2026-06-24T15:38:15  INFO      Poll OK — 2026-06-24T22:38:15.093847+00:00
2026-06-24T15:38:26  INFO      Poll OK — 2026-06-24T22:38:25.560985+00:00
2026-06-24T15:38:36  INFO      Poll OK — 2026-06-24T22:38:36.026130+00:00
2026-06-24T15:38:46  INFO      Poll OK — 2026-06-24T22:38:46.496241+00:00
2026-06-24T15:38:57  INFO      Poll OK — 2026-06-24T22:38:56.958822+00:00
2026-06-24T15:39:07  INFO      Poll OK — 2026-06-24T22:39:07.422048+00:00
2026-06-24T15:39:18  INFO      Poll OK — 2026-06-24T22:39:17.885924+00:00
2026-06-24T15:39:28  INFO      Poll OK — 2026-06-24T22:39:28.350732+00:00
2026-06-24T15:39:39  INFO      Poll OK — 2026-06-24T22:39:38.815392+00:00
2026-06-24T15:39:49  INFO      Poll OK — 2026-06-24T22:39:49.289560+00:00
2026-06-24T15:40:00  INFO      Poll OK — 2026-06-24T22:39:59.754050+00:00
2026-06-24T15:40:10  INFO      Poll OK — 2026-06-24T22:40:10.231177+00:00
2026-06-24T15:40:21  INFO      Poll OK — 2026-06-24T22:40:20.695377+00:00
2026-06-24T15:40:31  INFO      Poll OK — 2026-06-24T22:40:31.173618+00:00
2026-06-24T15:40:42  INFO      Poll OK — 2026-06-24T22:40:41.638051+00:00
2026-06-24T15:40:52  INFO      Poll OK — 2026-06-24T22:40:52.102646+00:00
2026-06-24T15:41:03  INFO      Poll OK — 2026-06-24T22:41:02.567072+00:00
2026-06-24T15:41:13  INFO      Poll OK — 2026-06-24T22:41:13.030773+00:00
2026-06-24T15:41:23  INFO      Poll OK — 2026-06-24T22:41:23.496154+00:00
2026-06-24T15:41:34  INFO      Poll OK — 2026-06-24T22:41:33.960474+00:00
2026-06-24T15:41:44  INFO      Poll OK — 2026-06-24T22:41:44.424884+00:00
2026-06-24T15:41:55  INFO      Poll OK — 2026-06-24T22:41:54.889021+00:00
2026-06-24T15:42:05  INFO      Poll OK — 2026-06-24T22:42:05.355034+00:00
2026-06-24T15:42:16  INFO      Poll OK — 2026-06-24T22:42:15.823353+00:00
2026-06-24T15:42:26  INFO      Poll OK — 2026-06-24T22:42:26.287590+00:00
2026-06-24T15:42:37  INFO      Poll OK — 2026-06-24T22:42:36.753412+00:00
2026-06-24T15:42:47  INFO      Poll OK — 2026-06-24T22:42:47.216972+00:00
2026-06-24T15:42:58  INFO      Poll OK — 2026-06-24T22:42:57.682202+00:00
2026-06-24T15:43:08  INFO      Poll OK — 2026-06-24T22:43:08.146591+00:00
2026-06-24T15:43:19  INFO      Poll OK — 2026-06-24T22:43:18.609704+00:00
2026-06-24T15:43:29  INFO      Poll OK — 2026-06-24T22:43:29.074891+00:00
2026-06-24T15:43:40  INFO      Poll OK — 2026-06-24T22:43:39.540010+00:00
2026-06-24T15:43:50  INFO      Poll OK — 2026-06-24T22:43:50.014703+00:00
2026-06-24T15:44:00  INFO      Poll OK — 2026-06-24T22:44:00.483799+00:00
2026-06-24T15:44:11  INFO      Poll OK — 2026-06-24T22:44:10.947603+00:00
2026-06-24T15:44:21  INFO      Poll OK — 2026-06-24T22:44:21.423909+00:00
2026-06-24T15:44:32  INFO      Poll OK — 2026-06-24T22:44:31.887558+00:00
2026-06-24T15:44:42  INFO      Poll OK — 2026-06-24T22:44:42.353292+00:00
2026-06-24T15:44:53  INFO      Poll OK — 2026-06-24T22:44:52.816732+00:00
2026-06-24T15:45:03  INFO      Poll OK — 2026-06-24T22:45:03.280929+00:00
2026-06-24T15:45:14  INFO      Poll OK — 2026-06-24T22:45:13.746206+00:00
2026-06-24T15:45:24  INFO      Poll OK — 2026-06-24T22:45:24.209171+00:00
2026-06-24T15:45:35  INFO      Poll OK — 2026-06-24T22:45:34.675826+00:00
2026-06-24T15:45:45  INFO      Poll OK — 2026-06-24T22:45:45.140658+00:00
2026-06-24T15:45:56  INFO      Poll OK — 2026-06-24T22:45:55.607668+00:00
2026-06-24T15:46:06  INFO      Poll OK — 2026-06-24T22:46:06.074017+00:00
2026-06-24T15:46:17  INFO      Poll OK — 2026-06-24T22:46:16.548609+00:00
2026-06-24T15:46:27  INFO      Poll OK — 2026-06-24T22:46:27.015563+00:00
2026-06-24T15:46:37  INFO      Poll OK — 2026-06-24T22:46:37.478156+00:00
2026-06-24T15:46:48  INFO      Poll OK — 2026-06-24T22:46:47.942992+00:00
2026-06-24T15:46:58  INFO      Poll OK — 2026-06-24T22:46:58.406525+00:00
2026-06-24T15:47:09  INFO      Poll OK — 2026-06-24T22:47:08.871132+00:00
2026-06-24T15:47:19  INFO      Poll OK — 2026-06-24T22:47:19.336235+00:00
2026-06-24T15:47:30  INFO      Poll OK — 2026-06-24T22:47:29.798772+00:00
2026-06-24T15:47:40  INFO      Poll OK — 2026-06-24T22:47:40.267066+00:00
2026-06-24T15:47:51  INFO      Poll OK — 2026-06-24T22:47:50.733257+00:00
2026-06-24T15:48:01  INFO      Poll OK — 2026-06-24T22:48:01.199603+00:00
2026-06-24T15:48:12  INFO      Poll OK — 2026-06-24T22:48:11.663726+00:00
2026-06-24T15:48:22  INFO      Poll OK — 2026-06-24T22:48:22.128188+00:00
2026-06-24T15:48:33  INFO      Poll OK — 2026-06-24T22:48:32.593209+00:00
2026-06-24T15:48:43  INFO      Poll OK — 2026-06-24T22:48:43.057286+00:00
2026-06-24T15:48:53  INFO      Poll OK — 2026-06-24T22:48:53.522533+00:00
2026-06-24T15:49:04  INFO      Poll OK — 2026-06-24T22:49:03.987075+00:00
2026-06-24T15:49:14  INFO      Poll OK — 2026-06-24T22:49:14.450456+00:00
2026-06-24T15:49:25  INFO      Poll OK — 2026-06-24T22:49:24.915493+00:00
2026-06-24T15:49:35  INFO      Poll OK — 2026-06-24T22:49:35.381665+00:00
2026-06-24T15:49:46  INFO      Poll OK — 2026-06-24T22:49:45.850840+00:00
2026-06-24T15:49:56  INFO      Poll OK — 2026-06-24T22:49:56.315347+00:00
2026-06-24T15:50:07  INFO      Poll OK — 2026-06-24T22:50:06.779128+00:00
2026-06-24T15:50:17  INFO      Poll OK — 2026-06-24T22:50:17.242895+00:00
2026-06-24T15:50:28  INFO      Poll OK — 2026-06-24T22:50:27.717178+00:00
2026-06-24T15:50:38  INFO      Poll OK — 2026-06-24T22:50:38.182971+00:00
2026-06-24T15:50:49  INFO      Poll OK — 2026-06-24T22:50:48.647589+00:00
2026-06-24T15:50:59  INFO      Poll OK — 2026-06-24T22:50:59.112914+00:00
2026-06-24T15:51:10  INFO      Poll OK — 2026-06-24T22:51:09.577090+00:00
2026-06-24T15:51:20  INFO      Poll OK — 2026-06-24T22:51:20.042528+00:00
2026-06-24T15:51:30  INFO      Poll OK — 2026-06-24T22:51:30.508212+00:00
2026-06-24T15:51:41  INFO      Poll OK — 2026-06-24T22:51:40.974571+00:00
2026-06-24T15:51:51  INFO      Poll OK — 2026-06-24T22:51:51.441941+00:00
2026-06-24T15:52:02  INFO      Poll OK — 2026-06-24T22:52:01.905192+00:00
2026-06-24T15:52:12  INFO      Poll OK — 2026-06-24T22:52:12.370372+00:00
2026-06-24T15:52:23  INFO      Poll OK — 2026-06-24T22:52:22.833713+00:00
2026-06-24T15:52:33  INFO      Poll OK — 2026-06-24T22:52:33.298920+00:00
2026-06-24T15:52:44  INFO      Poll OK — 2026-06-24T22:52:43.764292+00:00
2026-06-24T15:52:54  INFO      Poll OK — 2026-06-24T22:52:54.227307+00:00
2026-06-24T15:53:05  INFO      Poll OK — 2026-06-24T22:53:04.692403+00:00
2026-06-24T15:53:15  INFO      Poll OK — 2026-06-24T22:53:15.158711+00:00
2026-06-24T15:53:26  INFO      Poll OK — 2026-06-24T22:53:25.625239+00:00
2026-06-24T15:53:36  INFO      Poll OK — 2026-06-24T22:53:36.091607+00:00
2026-06-24T15:53:47  INFO      Poll OK — 2026-06-24T22:53:46.556933+00:00
2026-06-24T15:53:57  INFO      Poll OK — 2026-06-24T22:53:57.031639+00:00
2026-06-24T15:54:07  INFO      Poll OK — 2026-06-24T22:54:07.495443+00:00
2026-06-24T15:54:18  INFO      Poll OK — 2026-06-24T22:54:17.960310+00:00
2026-06-24T15:54:28  INFO      Poll OK — 2026-06-24T22:54:28.424532+00:00
2026-06-24T15:54:39  INFO      Poll OK — 2026-06-24T22:54:38.888880+00:00
2026-06-24T15:54:49  INFO      Poll OK — 2026-06-24T22:54:49.354347+00:00
2026-06-24T15:55:00  INFO      Poll OK — 2026-06-24T22:54:59.817098+00:00
2026-06-24T15:55:10  INFO      Poll OK — 2026-06-24T22:55:10.286199+00:00
2026-06-24T15:55:21  INFO      Poll OK — 2026-06-24T22:55:20.760186+00:00
2026-06-24T15:55:31  INFO      Poll OK — 2026-06-24T22:55:31.226980+00:00
2026-06-24T15:55:42  INFO      Poll OK — 2026-06-24T22:55:41.691370+00:00
2026-06-24T15:55:52  INFO      Poll OK — 2026-06-24T22:55:52.156686+00:00
2026-06-24T15:56:03  INFO      Poll OK — 2026-06-24T22:56:02.622064+00:00
2026-06-24T15:56:13  INFO      Poll OK — 2026-06-24T22:56:13.085148+00:00
2026-06-24T15:56:24  INFO      Poll OK — 2026-06-24T22:56:23.550457+00:00
2026-06-24T15:56:34  INFO      Poll OK — 2026-06-24T22:56:34.014872+00:00
2026-06-24T15:56:44  INFO      Poll OK — 2026-06-24T22:56:44.478747+00:00
2026-06-24T15:56:55  INFO      Poll OK — 2026-06-24T22:56:54.943841+00:00
2026-06-24T15:57:05  INFO      Poll OK — 2026-06-24T22:57:05.410316+00:00
2026-06-24T15:57:16  INFO      Poll OK — 2026-06-24T22:57:15.878670+00:00
2026-06-24T15:57:26  INFO      Poll OK — 2026-06-24T22:57:26.342756+00:00
2026-06-24T15:57:37  INFO      Poll OK — 2026-06-24T22:57:36.817011+00:00
2026-06-24T15:57:47  INFO      Poll OK — 2026-06-24T22:57:47.282226+00:00
2026-06-24T15:57:58  INFO      Poll OK — 2026-06-24T22:57:57.745753+00:00
2026-06-24T15:58:08  INFO      Poll OK — 2026-06-24T22:58:08.211644+00:00
2026-06-24T15:58:19  INFO      Poll OK — 2026-06-24T22:58:18.675052+00:00
2026-06-24T15:58:29  INFO      Poll OK — 2026-06-24T22:58:29.140118+00:00
2026-06-24T15:58:40  INFO      Poll OK — 2026-06-24T22:58:39.604713+00:00
2026-06-24T15:58:50  INFO      Poll OK — 2026-06-24T22:58:50.070752+00:00
2026-06-24T15:59:01  INFO      Poll OK — 2026-06-24T22:59:00.536877+00:00
2026-06-24T15:59:11  INFO      Poll OK — 2026-06-24T22:59:11.002904+00:00
2026-06-24T15:59:21  INFO      Poll OK — 2026-06-24T22:59:21.469649+00:00
2026-06-24T15:59:32  INFO      Poll OK — 2026-06-24T22:59:31.932425+00:00
2026-06-24T15:59:42  INFO      Poll OK — 2026-06-24T22:59:42.397169+00:00
2026-06-24T15:59:53  INFO      Poll OK — 2026-06-24T22:59:52.862610+00:00
2026-06-24T16:00:03  INFO      Poll OK — 2026-06-24T23:00:03.326724+00:00
2026-06-24T16:00:14  INFO      Poll OK — 2026-06-24T23:00:13.791211+00:00
2026-06-24T16:00:24  INFO      Poll OK — 2026-06-24T23:00:24.254046+00:00
2026-06-24T16:00:35  INFO      Poll OK — 2026-06-24T23:00:34.720024+00:00
2026-06-24T16:00:45  INFO      Poll OK — 2026-06-24T23:00:45.184584+00:00
2026-06-24T16:00:56  INFO      Poll OK — 2026-06-24T23:00:55.652964+00:00
2026-06-24T16:01:06  INFO      Poll OK — 2026-06-24T23:01:06.118765+00:00
2026-06-24T16:01:17  INFO      Poll OK — 2026-06-24T23:01:16.583480+00:00
2026-06-24T16:01:27  INFO      Poll OK — 2026-06-24T23:01:27.048496+00:00
2026-06-24T16:01:37  INFO      Poll OK — 2026-06-24T23:01:37.511420+00:00
2026-06-24T16:01:48  INFO      Poll OK — 2026-06-24T23:01:47.977211+00:00
2026-06-24T16:01:58  INFO      Poll OK — 2026-06-24T23:01:58.442227+00:00
2026-06-24T16:02:09  INFO      Poll OK — 2026-06-24T23:02:08.906448+00:00
2026-06-24T16:02:19  INFO      Poll OK — 2026-06-24T23:02:19.380769+00:00
2026-06-24T16:02:30  INFO      Poll OK — 2026-06-24T23:02:29.843987+00:00
2026-06-24T16:02:40  INFO      Poll OK — 2026-06-24T23:02:40.312317+00:00
2026-06-24T16:02:51  INFO      Poll OK — 2026-06-24T23:02:50.798496+00:00
2026-06-24T16:03:01  INFO      Poll OK — 2026-06-24T23:03:01.264525+00:00
2026-06-24T16:03:12  INFO      Poll OK — 2026-06-24T23:03:11.738958+00:00
2026-06-24T16:03:22  INFO      Poll OK — 2026-06-24T23:03:22.203030+00:00
2026-06-24T16:03:33  INFO      Poll OK — 2026-06-24T23:03:32.668261+00:00
2026-06-24T16:03:43  INFO      Poll OK — 2026-06-24T23:03:43.131717+00:00
2026-06-24T16:03:54  INFO      Poll OK — 2026-06-24T23:03:53.597852+00:00
2026-06-24T16:04:04  INFO      Poll OK — 2026-06-24T23:04:04.061216+00:00
2026-06-24T16:04:14  INFO      Poll OK — 2026-06-24T23:04:14.525519+00:00
2026-06-24T16:04:25  INFO      Poll OK — 2026-06-24T23:04:24.990700+00:00
2026-06-24T16:04:35  INFO      Poll OK — 2026-06-24T23:04:35.456985+00:00
2026-06-24T16:04:46  INFO      Poll OK — 2026-06-24T23:04:45.924266+00:00
2026-06-24T16:04:56  INFO      Poll OK — 2026-06-24T23:04:56.389408+00:00
2026-06-24T16:05:07  INFO      Poll OK — 2026-06-24T23:05:06.854994+00:00
2026-06-24T16:05:17  INFO      Poll OK — 2026-06-24T23:05:17.318334+00:00
2026-06-24T16:05:28  INFO      Poll OK — 2026-06-24T23:05:27.783075+00:00
2026-06-24T16:05:38  INFO      Poll OK — 2026-06-24T23:05:38.247626+00:00
2026-06-24T16:05:49  INFO      Poll OK — 2026-06-24T23:05:48.720482+00:00
2026-06-24T16:05:59  INFO      Poll OK — 2026-06-24T23:05:59.196739+00:00
2026-06-24T16:06:10  INFO      Poll OK — 2026-06-24T23:06:09.661238+00:00
2026-06-24T16:06:20  INFO      Poll OK — 2026-06-24T23:06:20.128165+00:00
2026-06-24T16:06:31  INFO      Poll OK — 2026-06-24T23:06:30.593638+00:00
2026-06-24T16:06:41  INFO      Poll OK — 2026-06-24T23:06:41.059971+00:00
2026-06-24T16:06:51  INFO      Poll OK — 2026-06-24T23:06:51.525236+00:00
2026-06-24T16:07:02  INFO      Poll OK — 2026-06-24T23:07:01.989516+00:00
2026-06-24T16:07:12  INFO      Poll OK — 2026-06-24T23:07:12.453927+00:00
2026-06-24T16:07:23  INFO      Poll OK — 2026-06-24T23:07:22.917995+00:00
2026-06-24T16:07:33  INFO      Poll OK — 2026-06-24T23:07:33.382529+00:00
2026-06-24T16:07:44  INFO      Poll OK — 2026-06-24T23:07:43.847734+00:00
2026-06-24T16:07:54  INFO      Poll OK — 2026-06-24T23:07:54.311067+00:00
2026-06-24T16:08:05  INFO      Poll OK — 2026-06-24T23:08:04.786989+00:00
2026-06-24T16:08:15  INFO      Poll OK — 2026-06-24T23:08:15.252540+00:00
2026-06-24T16:08:26  INFO      Poll OK — 2026-06-24T23:08:25.718508+00:00
2026-06-24T16:08:36  INFO      Poll OK — 2026-06-24T23:08:36.185719+00:00
2026-06-24T16:08:47  INFO      Poll OK — 2026-06-24T23:08:46.649217+00:00
2026-06-24T16:08:57  INFO      Poll OK — 2026-06-24T23:08:57.125305+00:00
2026-06-24T16:09:08  INFO      Poll OK — 2026-06-24T23:09:07.588356+00:00
2026-06-24T16:09:18  INFO      Poll OK — 2026-06-24T23:09:18.054046+00:00
2026-06-24T16:09:28  INFO      Poll OK — 2026-06-24T23:09:28.518283+00:00
2026-06-24T16:09:39  INFO      Poll OK — 2026-06-24T23:09:38.981640+00:00
2026-06-24T16:09:49  INFO      Poll OK — 2026-06-24T23:09:49.446726+00:00
2026-06-24T16:10:00  INFO      Poll OK — 2026-06-24T23:09:59.910933+00:00
2026-06-24T16:10:10  INFO      Poll OK — 2026-06-24T23:10:10.378799+00:00
2026-06-24T16:10:21  INFO      Poll OK — 2026-06-24T23:10:20.845330+00:00
2026-06-24T16:10:31  INFO      Poll OK — 2026-06-24T23:10:31.320574+00:00
2026-06-24T16:10:42  INFO      Poll OK — 2026-06-24T23:10:41.784871+00:00
2026-06-24T16:10:52  INFO      Poll OK — 2026-06-24T23:10:52.249096+00:00
2026-06-24T16:11:03  INFO      Poll OK — 2026-06-24T23:11:02.715408+00:00
2026-06-24T16:11:13  INFO      Poll OK — 2026-06-24T23:11:13.178554+00:00
2026-06-24T16:11:24  INFO      Poll OK — 2026-06-24T23:11:23.643552+00:00
2026-06-24T16:11:34  INFO      Poll OK — 2026-06-24T23:11:34.107131+00:00
2026-06-24T16:11:45  INFO      Poll OK — 2026-06-24T23:11:44.581151+00:00
2026-06-24T16:11:55  INFO      Poll OK — 2026-06-24T23:11:55.047511+00:00
2026-06-24T16:12:05  INFO      Poll OK — 2026-06-24T23:12:05.514907+00:00
2026-06-24T16:12:16  INFO      Poll OK — 2026-06-24T23:12:15.981871+00:00
2026-06-24T16:12:26  INFO      Poll OK — 2026-06-24T23:12:26.446424+00:00
2026-06-24T16:12:37  INFO      Poll OK — 2026-06-24T23:12:36.910618+00:00
2026-06-24T16:12:47  INFO      Poll OK — 2026-06-24T23:12:47.374948+00:00
2026-06-24T16:12:58  INFO      Poll OK — 2026-06-24T23:12:57.849150+00:00
2026-06-24T16:13:08  INFO      Poll OK — 2026-06-24T23:13:08.314543+00:00
2026-06-24T16:13:19  INFO      Poll OK — 2026-06-24T23:13:18.777767+00:00
2026-06-24T16:13:29  INFO      Poll OK — 2026-06-24T23:13:29.243326+00:00
2026-06-24T16:13:40  INFO      Poll OK — 2026-06-24T23:13:39.707459+00:00
2026-06-24T16:13:50  INFO      Poll OK — 2026-06-24T23:13:50.173666+00:00
2026-06-24T16:14:01  INFO      Poll OK — 2026-06-24T23:14:00.639932+00:00
2026-06-24T16:14:11  INFO      Poll OK — 2026-06-24T23:14:11.106472+00:00
2026-06-24T16:14:22  INFO      Poll OK — 2026-06-24T23:14:21.573045+00:00
2026-06-24T16:14:32  INFO      Poll OK — 2026-06-24T23:14:32.035546+00:00
2026-06-24T16:14:42  INFO      Poll OK — 2026-06-24T23:14:42.499810+00:00
2026-06-24T16:14:53  INFO      Poll OK — 2026-06-24T23:14:52.964396+00:00
2026-06-24T16:15:03  INFO      Poll OK — 2026-06-24T23:15:03.429775+00:00
2026-06-24T16:15:14  INFO      Poll OK — 2026-06-24T23:15:13.893963+00:00
2026-06-24T16:15:24  INFO      Poll OK — 2026-06-24T23:15:24.358142+00:00
2026-06-24T16:15:35  INFO      Poll OK — 2026-06-24T23:15:34.823574+00:00
2026-06-24T16:15:45  INFO      Poll OK — 2026-06-24T23:15:45.289722+00:00
2026-06-24T16:15:56  INFO      Poll OK — 2026-06-24T23:15:55.755448+00:00
2026-06-24T16:16:06  INFO      Poll OK — 2026-06-24T23:16:06.222438+00:00
2026-06-24T16:16:17  INFO      Poll OK — 2026-06-24T23:16:16.687189+00:00
2026-06-24T16:16:27  INFO      Poll OK — 2026-06-24T23:16:27.152011+00:00
2026-06-24T16:16:38  INFO      Poll OK — 2026-06-24T23:16:37.615307+00:00
2026-06-24T16:16:48  INFO      Poll OK — 2026-06-24T23:16:48.080591+00:00
2026-06-24T16:16:59  INFO      Poll OK — 2026-06-24T23:16:58.544689+00:00
2026-06-24T16:17:09  INFO      Poll OK — 2026-06-24T23:17:09.011191+00:00
2026-06-24T16:17:19  INFO      Poll OK — 2026-06-24T23:17:19.474409+00:00
2026-06-24T16:17:30  INFO      Poll OK — 2026-06-24T23:17:29.937805+00:00
2026-06-24T16:17:40  INFO      Poll OK — 2026-06-24T23:17:40.405908+00:00
2026-06-24T16:17:51  INFO      Poll OK — 2026-06-24T23:17:50.872014+00:00
2026-06-24T16:18:01  INFO      Poll OK — 2026-06-24T23:18:01.337743+00:00
2026-06-24T16:18:12  INFO      Poll OK — 2026-06-24T23:18:11.803011+00:00
2026-06-24T16:18:22  INFO      Poll OK — 2026-06-24T23:18:22.267015+00:00
2026-06-24T16:18:33  INFO      Poll OK — 2026-06-24T23:18:32.742351+00:00
2026-06-24T16:18:43  INFO      Poll OK — 2026-06-24T23:18:43.205711+00:00
2026-06-24T16:18:54  INFO      Poll OK — 2026-06-24T23:18:53.670129+00:00
2026-06-24T16:19:04  INFO      Poll OK — 2026-06-24T23:19:04.144177+00:00
2026-06-24T16:19:15  INFO      Poll OK — 2026-06-24T23:19:14.609138+00:00
2026-06-24T16:19:25  INFO      Poll OK — 2026-06-24T23:19:25.075693+00:00
2026-06-24T16:19:36  INFO      Poll OK — 2026-06-24T23:19:35.541150+00:00
2026-06-24T16:19:46  INFO      Poll OK — 2026-06-24T23:19:46.008257+00:00
2026-06-24T16:19:56  INFO      Poll OK — 2026-06-24T23:19:56.472611+00:00
2026-06-24T16:20:07  INFO      Poll OK — 2026-06-24T23:20:06.938012+00:00
2026-06-24T16:20:17  INFO      Poll OK — 2026-06-24T23:20:17.402305+00:00
2026-06-24T16:20:28  INFO      Poll OK — 2026-06-24T23:20:27.866518+00:00
2026-06-24T16:20:38  INFO      Poll OK — 2026-06-24T23:20:38.331030+00:00
2026-06-24T16:20:49  INFO      Poll OK — 2026-06-24T23:20:48.795009+00:00
2026-06-24T16:20:59  INFO      Poll OK — 2026-06-24T23:20:59.260101+00:00
2026-06-24T16:21:10  INFO      Poll OK — 2026-06-24T23:21:09.725579+00:00
2026-06-24T16:21:20  INFO      Poll OK — 2026-06-24T23:21:20.190535+00:00
2026-06-24T16:21:31  INFO      Poll OK — 2026-06-24T23:21:30.657188+00:00
2026-06-24T16:21:41  INFO      Poll OK — 2026-06-24T23:21:41.123348+00:00
2026-06-24T16:21:52  INFO      Poll OK — 2026-06-24T23:21:51.590196+00:00
2026-06-24T16:22:02  INFO      Poll OK — 2026-06-24T23:22:02.052619+00:00
2026-06-24T16:22:12  INFO      Poll OK — 2026-06-24T23:22:12.517637+00:00
2026-06-24T16:22:23  INFO      Poll OK — 2026-06-24T23:22:22.982610+00:00
2026-06-24T16:22:33  INFO      Poll OK — 2026-06-24T23:22:33.446757+00:00
2026-06-24T16:22:44  INFO      Poll OK — 2026-06-24T23:22:43.910758+00:00
2026-06-24T16:22:54  INFO      Poll OK — 2026-06-24T23:22:54.374205+00:00
2026-06-24T16:23:05  INFO      Poll OK — 2026-06-24T23:23:04.840750+00:00
2026-06-24T16:23:15  INFO      Poll OK — 2026-06-24T23:23:15.307606+00:00
2026-06-24T16:23:26  INFO      Poll OK — 2026-06-24T23:23:25.773721+00:00
2026-06-24T16:23:36  INFO      Poll OK — 2026-06-24T23:23:36.239128+00:00
2026-06-24T16:23:47  INFO      Poll OK — 2026-06-24T23:23:46.713439+00:00
2026-06-24T16:23:57  INFO      Poll OK — 2026-06-24T23:23:57.178639+00:00
2026-06-24T16:24:08  INFO      Poll OK — 2026-06-24T23:24:07.642531+00:00
2026-06-24T16:24:18  INFO      Poll OK — 2026-06-24T23:24:18.107258+00:00
2026-06-24T16:24:29  INFO      Poll OK — 2026-06-24T23:24:28.571705+00:00
2026-06-24T16:24:39  INFO      Poll OK — 2026-06-24T23:24:39.035934+00:00
2026-06-24T16:24:49  INFO      Poll OK — 2026-06-24T23:24:49.499913+00:00
2026-06-24T16:25:00  INFO      Poll OK — 2026-06-24T23:24:59.965226+00:00
2026-06-24T16:25:10  INFO      Poll OK — 2026-06-24T23:25:10.435625+00:00
2026-06-24T16:25:21  INFO      Poll OK — 2026-06-24T23:25:20.898929+00:00
2026-06-24T16:25:31  INFO      Poll OK — 2026-06-24T23:25:31.364091+00:00
2026-06-24T16:25:42  INFO      Poll OK — 2026-06-24T23:25:41.828587+00:00
2026-06-24T16:25:52  INFO      Poll OK — 2026-06-24T23:25:52.292731+00:00
2026-06-24T16:26:03  INFO      Poll OK — 2026-06-24T23:26:02.758140+00:00
2026-06-24T16:26:13  INFO      Poll OK — 2026-06-24T23:26:13.222536+00:00
2026-06-24T16:26:24  INFO      Poll OK — 2026-06-24T23:26:23.687608+00:00
2026-06-24T16:26:34  INFO      Poll OK — 2026-06-24T23:26:34.151895+00:00
2026-06-24T16:26:45  INFO      Poll OK — 2026-06-24T23:26:44.615145+00:00
2026-06-24T16:26:55  INFO      Poll OK — 2026-06-24T23:26:55.081143+00:00
2026-06-24T16:27:06  INFO      Poll OK — 2026-06-24T23:27:05.547542+00:00
2026-06-24T16:27:16  INFO      Poll OK — 2026-06-24T23:27:16.015079+00:00
2026-06-24T16:27:26  INFO      Poll OK — 2026-06-24T23:27:26.480524+00:00
2026-06-24T16:27:37  INFO      Poll OK — 2026-06-24T23:27:36.944800+00:00
2026-06-24T16:27:47  INFO      Poll OK — 2026-06-24T23:27:47.408765+00:00
2026-06-24T16:27:58  INFO      Poll OK — 2026-06-24T23:27:57.882634+00:00
2026-06-24T16:28:08  INFO      Poll OK — 2026-06-24T23:28:08.357321+00:00
2026-06-24T16:28:19  INFO      Poll OK — 2026-06-24T23:28:18.821732+00:00
2026-06-24T16:28:29  INFO      Poll OK — 2026-06-24T23:28:29.286606+00:00
2026-06-24T16:28:40  INFO      Poll OK — 2026-06-24T23:28:39.751184+00:00
2026-06-24T16:28:50  INFO      Poll OK — 2026-06-24T23:28:50.228456+00:00
2026-06-24T16:29:01  INFO      Poll OK — 2026-06-24T23:29:00.694745+00:00
2026-06-24T16:29:11  INFO      Poll OK — 2026-06-24T23:29:11.159647+00:00
2026-06-24T16:29:22  INFO      Poll OK — 2026-06-24T23:29:21.626468+00:00
2026-06-24T16:29:32  INFO      Poll OK — 2026-06-24T23:29:32.089733+00:00
2026-06-24T16:29:43  INFO      Poll OK — 2026-06-24T23:29:42.564586+00:00
2026-06-24T16:29:53  INFO      Poll OK — 2026-06-24T23:29:53.027572+00:00
2026-06-24T16:30:03  INFO      Poll OK — 2026-06-24T23:30:03.492233+00:00
2026-06-24T16:30:14  INFO      Poll OK — 2026-06-24T23:30:13.957682+00:00
2026-06-24T16:30:24  INFO      Poll OK — 2026-06-24T23:30:24.421757+00:00
2026-06-24T16:30:35  INFO      Poll OK — 2026-06-24T23:30:34.886190+00:00
2026-06-24T16:30:45  INFO      Poll OK — 2026-06-24T23:30:45.353163+00:00
2026-06-24T16:30:56  INFO      Poll OK — 2026-06-24T23:30:55.819420+00:00
2026-06-24T16:31:06  INFO      Poll OK — 2026-06-24T23:31:06.285753+00:00
2026-06-24T16:31:17  INFO      Poll OK — 2026-06-24T23:31:16.749954+00:00
2026-06-24T16:31:27  INFO      Poll OK — 2026-06-24T23:31:27.215079+00:00
2026-06-24T16:31:38  INFO      Poll OK — 2026-06-24T23:31:37.678514+00:00
2026-06-24T16:31:48  INFO      Poll OK — 2026-06-24T23:31:48.143805+00:00
2026-06-24T16:31:59  INFO      Poll OK — 2026-06-24T23:31:58.607989+00:00
2026-06-24T16:32:09  INFO      Poll OK — 2026-06-24T23:32:09.082423+00:00
2026-06-24T16:32:20  INFO      Poll OK — 2026-06-24T23:32:19.547414+00:00
2026-06-24T16:32:30  INFO      Poll OK — 2026-06-24T23:32:30.012889+00:00
2026-06-24T16:32:40  INFO      Poll OK — 2026-06-24T23:32:40.479974+00:00
2026-06-24T16:32:51  INFO      Poll OK — 2026-06-24T23:32:50.946590+00:00
2026-06-24T16:33:01  INFO      Poll OK — 2026-06-24T23:33:01.409916+00:00
2026-06-24T16:33:12  INFO      Poll OK — 2026-06-24T23:33:11.874901+00:00
2026-06-24T16:33:22  INFO      Poll OK — 2026-06-24T23:33:22.340072+00:00
2026-06-24T16:33:33  INFO      Poll OK — 2026-06-24T23:33:32.805303+00:00
2026-06-24T16:33:43  INFO      Poll OK — 2026-06-24T23:33:43.268801+00:00
2026-06-24T16:33:54  INFO      Poll OK — 2026-06-24T23:33:53.734043+00:00
2026-06-24T16:34:04  INFO      Poll OK — 2026-06-24T23:34:04.197159+00:00
2026-06-24T16:34:15  INFO      Poll OK — 2026-06-24T23:34:14.661768+00:00
2026-06-24T16:34:25  INFO      Poll OK — 2026-06-24T23:34:25.128645+00:00
2026-06-24T16:34:36  INFO      Poll OK — 2026-06-24T23:34:35.594839+00:00
2026-06-24T16:34:46  INFO      Poll OK — 2026-06-24T23:34:46.061668+00:00
2026-06-24T16:34:56  INFO      Poll OK — 2026-06-24T23:34:56.525156+00:00
2026-06-24T16:35:07  INFO      Poll OK — 2026-06-24T23:35:06.990841+00:00
2026-06-24T16:35:17  INFO      Poll OK — 2026-06-24T23:35:17.454266+00:00
2026-06-24T16:35:28  INFO      Poll OK — 2026-06-24T23:35:27.929341+00:00
2026-06-24T16:35:38  INFO      Poll OK — 2026-06-24T23:35:38.394790+00:00
2026-06-24T16:35:49  INFO      Poll OK — 2026-06-24T23:35:48.857979+00:00
2026-06-24T16:35:59  INFO      Poll OK — 2026-06-24T23:35:59.322930+00:00
2026-06-24T16:36:10  INFO      Poll OK — 2026-06-24T23:36:09.787422+00:00
2026-06-24T16:36:20  INFO      Poll OK — 2026-06-24T23:36:20.253788+00:00
2026-06-24T16:36:31  INFO      Poll OK — 2026-06-24T23:36:30.722469+00:00
2026-06-24T16:36:41  INFO      Poll OK — 2026-06-24T23:36:41.196438+00:00
2026-06-24T16:36:52  INFO      Poll OK — 2026-06-24T23:36:51.662968+00:00
2026-06-24T16:37:02  INFO      Poll OK — 2026-06-24T23:37:02.125811+00:00
2026-06-24T16:37:13  INFO      Poll OK — 2026-06-24T23:37:12.589775+00:00
2026-06-24T16:37:23  INFO      Poll OK — 2026-06-24T23:37:23.054298+00:00
2026-06-24T16:37:33  INFO      Poll OK — 2026-06-24T23:37:33.519457+00:00
2026-06-24T16:37:44  INFO      Poll OK — 2026-06-24T23:37:43.993776+00:00
2026-06-24T16:37:54  INFO      Poll OK — 2026-06-24T23:37:54.467925+00:00
2026-06-24T16:38:05  INFO      Poll OK — 2026-06-24T23:38:04.945305+00:00
2026-06-24T16:38:15  INFO      Poll OK — 2026-06-24T23:38:15.408760+00:00
2026-06-24T16:38:26  INFO      Poll OK — 2026-06-24T23:38:25.875894+00:00
2026-06-24T16:38:36  INFO      Poll OK — 2026-06-24T23:38:36.341888+00:00
2026-06-24T16:38:47  INFO      Poll OK — 2026-06-24T23:38:46.806456+00:00
2026-06-24T16:38:57  INFO      Poll OK — 2026-06-24T23:38:57.271668+00:00
2026-06-24T16:39:08  INFO      Poll OK — 2026-06-24T23:39:07.734824+00:00
2026-06-24T16:39:18  INFO      Poll OK — 2026-06-24T23:39:18.200122+00:00
2026-06-24T16:39:29  INFO      Poll OK — 2026-06-24T23:39:28.664322+00:00
2026-06-24T16:39:39  INFO      Poll OK — 2026-06-24T23:39:39.129153+00:00
2026-06-24T16:39:50  INFO      Poll OK — 2026-06-24T23:39:49.597176+00:00
2026-06-24T16:40:00  INFO      Poll OK — 2026-06-24T23:40:00.058781+00:00
2026-06-24T16:40:10  INFO      Poll OK — 2026-06-24T23:40:10.529320+00:00
2026-06-24T16:40:21  INFO      Poll OK — 2026-06-24T23:40:20.992349+00:00
2026-06-24T16:40:31  INFO      Poll OK — 2026-06-24T23:40:31.457218+00:00
2026-06-24T16:40:42  INFO      Poll OK — 2026-06-24T23:40:41.922160+00:00
2026-06-24T16:40:52  INFO      Poll OK — 2026-06-24T23:40:52.386330+00:00
2026-06-24T16:41:03  INFO      Poll OK — 2026-06-24T23:41:02.851810+00:00
2026-06-24T16:41:13  INFO      Poll OK — 2026-06-24T23:41:13.314801+00:00
2026-06-24T16:41:24  INFO      Poll OK — 2026-06-24T23:41:23.779220+00:00
2026-06-24T16:41:34  INFO      Poll OK — 2026-06-24T23:41:34.244343+00:00
2026-06-24T16:41:45  INFO      Poll OK — 2026-06-24T23:41:44.708795+00:00
2026-06-24T16:41:55  INFO      Poll OK — 2026-06-24T23:41:55.175792+00:00
2026-06-24T16:42:06  INFO      Poll OK — 2026-06-24T23:42:05.651128+00:00
2026-06-24T16:42:16  INFO      Poll OK — 2026-06-24T23:42:16.128468+00:00
2026-06-24T16:42:27  INFO      Poll OK — 2026-06-24T23:42:26.592920+00:00
2026-06-24T16:42:37  INFO      Poll OK — 2026-06-24T23:42:37.056935+00:00
2026-06-24T16:42:47  INFO      Poll OK — 2026-06-24T23:42:47.521502+00:00
2026-06-24T16:42:58  INFO      Poll OK — 2026-06-24T23:42:57.985689+00:00
2026-06-24T16:43:08  INFO      Poll OK — 2026-06-24T23:43:08.450847+00:00
2026-06-24T16:43:19  INFO      Poll OK — 2026-06-24T23:43:18.914179+00:00
2026-06-24T16:43:29  INFO      Poll OK — 2026-06-24T23:43:29.379041+00:00
2026-06-24T16:43:40  INFO      Poll OK — 2026-06-24T23:43:39.844763+00:00
2026-06-24T16:43:50  INFO      Poll OK — 2026-06-24T23:43:50.310952+00:00
2026-06-24T16:44:01  INFO      Poll OK — 2026-06-24T23:44:00.778363+00:00
2026-06-24T16:44:11  INFO      Poll OK — 2026-06-24T23:44:11.242198+00:00
2026-06-24T16:44:22  INFO      Poll OK — 2026-06-24T23:44:21.708741+00:00
2026-06-24T16:44:32  INFO      Poll OK — 2026-06-24T23:44:32.182572+00:00
2026-06-24T16:44:43  INFO      Poll OK — 2026-06-24T23:44:42.647153+00:00
2026-06-24T16:44:53  INFO      Poll OK — 2026-06-24T23:44:53.111348+00:00
2026-06-24T16:45:04  INFO      Poll OK — 2026-06-24T23:45:03.575622+00:00
2026-06-24T16:45:14  INFO      Poll OK — 2026-06-24T23:45:14.045737+00:00
2026-06-24T16:45:24  INFO      Poll OK — 2026-06-24T23:45:24.514163+00:00
2026-06-24T16:45:35  INFO      Poll OK — 2026-06-24T23:45:34.981154+00:00
2026-06-24T16:45:45  INFO      Poll OK — 2026-06-24T23:45:45.447599+00:00
2026-06-24T16:45:56  INFO      Poll OK — 2026-06-24T23:45:55.913938+00:00
2026-06-24T16:46:06  INFO      Poll OK — 2026-06-24T23:46:06.378226+00:00
2026-06-24T16:46:17  INFO      Poll OK — 2026-06-24T23:46:16.842465+00:00
2026-06-24T16:46:27  INFO      Poll OK — 2026-06-24T23:46:27.317810+00:00
2026-06-24T16:46:38  INFO      Poll OK — 2026-06-24T23:46:37.782170+00:00
2026-06-24T16:46:48  INFO      Poll OK — 2026-06-24T23:46:48.247421+00:00
2026-06-24T16:46:59  INFO      Poll OK — 2026-06-24T23:46:58.710660+00:00
2026-06-24T16:47:09  INFO      Poll OK — 2026-06-24T23:47:09.174428+00:00
2026-06-24T16:47:20  INFO      Poll OK — 2026-06-24T23:47:19.639704+00:00
2026-06-24T16:47:30  INFO      Poll OK — 2026-06-24T23:47:30.105005+00:00
2026-06-24T16:47:41  INFO      Poll OK — 2026-06-24T23:47:40.573120+00:00
2026-06-24T16:47:51  INFO      Poll OK — 2026-06-24T23:47:51.039534+00:00
2026-06-24T16:48:01  INFO      Poll OK — 2026-06-24T23:48:01.503453+00:00
2026-06-24T16:48:12  INFO      Poll OK — 2026-06-24T23:48:11.967831+00:00
2026-06-24T16:48:22  INFO      Poll OK — 2026-06-24T23:48:22.431869+00:00
2026-06-24T16:48:33  INFO      Poll OK — 2026-06-24T23:48:32.897208+00:00
2026-06-24T16:48:43  INFO      Poll OK — 2026-06-24T23:48:43.360353+00:00
2026-06-24T16:48:54  INFO      Poll OK — 2026-06-24T23:48:53.825874+00:00
2026-06-24T16:49:04  INFO      Poll OK — 2026-06-24T23:49:04.289499+00:00
2026-06-24T16:49:15  INFO      Poll OK — 2026-06-24T23:49:14.754256+00:00
2026-06-24T16:49:25  INFO      Poll OK — 2026-06-24T23:49:25.220629+00:00
2026-06-24T16:49:36  INFO      Poll OK — 2026-06-24T23:49:35.686375+00:00
2026-06-24T16:49:46  INFO      Poll OK — 2026-06-24T23:49:46.154767+00:00
2026-06-24T16:49:57  INFO      Poll OK — 2026-06-24T23:49:56.617598+00:00
2026-06-24T16:50:07  INFO      Poll OK — 2026-06-24T23:50:07.081781+00:00
2026-06-24T16:50:18  INFO      Poll OK — 2026-06-24T23:50:17.546102+00:00
2026-06-24T16:50:28  INFO      Poll OK — 2026-06-24T23:50:28.012337+00:00
2026-06-24T16:50:38  INFO      Poll OK — 2026-06-24T23:50:38.476534+00:00
2026-06-24T16:50:49  INFO      Poll OK — 2026-06-24T23:50:48.939838+00:00
2026-06-24T16:50:59  INFO      Poll OK — 2026-06-24T23:50:59.404900+00:00
2026-06-24T16:51:10  INFO      Poll OK — 2026-06-24T23:51:09.868997+00:00
2026-06-24T16:51:20  INFO      Poll OK — 2026-06-24T23:51:20.334608+00:00
2026-06-24T16:51:31  INFO      Poll OK — 2026-06-24T23:51:30.802625+00:00
2026-06-24T16:51:41  INFO      Poll OK — 2026-06-24T23:51:41.267795+00:00
2026-06-24T16:51:52  INFO      Poll OK — 2026-06-24T23:51:51.734196+00:00
2026-06-24T16:52:02  INFO      Poll OK — 2026-06-24T23:52:02.197750+00:00
2026-06-24T16:52:13  INFO      Poll OK — 2026-06-24T23:52:12.661305+00:00
2026-06-24T16:52:23  INFO      Poll OK — 2026-06-24T23:52:23.125841+00:00
2026-06-24T16:52:34  INFO      Poll OK — 2026-06-24T23:52:33.589784+00:00
2026-06-24T16:52:44  INFO      Poll OK — 2026-06-24T23:52:44.054945+00:00
2026-06-24T16:52:54  INFO      Poll OK — 2026-06-24T23:52:54.519229+00:00
2026-06-24T16:53:05  INFO      Poll OK — 2026-06-24T23:53:04.986352+00:00
2026-06-24T16:53:15  INFO      Poll OK — 2026-06-24T23:53:15.451757+00:00
2026-06-24T16:53:26  INFO      Poll OK — 2026-06-24T23:53:25.918061+00:00
2026-06-24T16:53:36  INFO      Poll OK — 2026-06-24T23:53:36.392975+00:00
2026-06-24T16:53:47  INFO      Poll OK — 2026-06-24T23:53:46.857246+00:00
2026-06-24T16:53:57  INFO      Poll OK — 2026-06-24T23:53:57.323236+00:00
2026-06-24T16:54:08  INFO      Poll OK — 2026-06-24T23:54:07.786737+00:00
2026-06-24T16:54:18  INFO      Poll OK — 2026-06-24T23:54:18.251644+00:00
2026-06-24T16:54:29  INFO      Poll OK — 2026-06-24T23:54:28.715119+00:00
2026-06-24T16:54:39  INFO      Poll OK — 2026-06-24T23:54:39.179625+00:00
2026-06-24T16:54:50  INFO      Poll OK — 2026-06-24T23:54:49.655911+00:00
2026-06-24T16:55:00  INFO      Poll OK — 2026-06-24T23:55:00.120746+00:00
2026-06-24T16:55:11  INFO      Poll OK — 2026-06-24T23:55:10.596954+00:00
2026-06-24T16:55:21  INFO      Poll OK — 2026-06-24T23:55:21.074346+00:00
2026-06-24T16:55:32  INFO      Poll OK — 2026-06-24T23:55:31.548614+00:00
2026-06-24T16:55:42  INFO      Poll OK — 2026-06-24T23:55:42.013482+00:00
2026-06-24T16:55:52  INFO      Poll OK — 2026-06-24T23:55:52.477950+00:00
2026-06-24T16:56:03  INFO      Poll OK — 2026-06-24T23:56:02.943110+00:00
2026-06-24T16:56:13  INFO      Poll OK — 2026-06-24T23:56:13.416877+00:00
2026-06-24T16:56:24  INFO      Poll OK — 2026-06-24T23:56:23.881946+00:00
2026-06-24T16:56:34  INFO      Poll OK — 2026-06-24T23:56:34.345775+00:00
2026-06-24T16:56:45  INFO      Poll OK — 2026-06-24T23:56:44.811010+00:00
2026-06-24T16:56:55  INFO      Poll OK — 2026-06-24T23:56:55.277305+00:00
2026-06-24T16:57:06  INFO      Poll OK — 2026-06-24T23:57:05.742799+00:00
2026-06-24T16:57:16  INFO      Poll OK — 2026-06-24T23:57:16.210524+00:00
2026-06-24T16:57:27  INFO      Poll OK — 2026-06-24T23:57:26.674069+00:00
2026-06-24T16:57:37  INFO      Poll OK — 2026-06-24T23:57:37.138298+00:00
2026-06-24T16:57:48  INFO      Poll OK — 2026-06-24T23:57:47.603447+00:00
2026-06-24T16:57:58  INFO      Poll OK — 2026-06-24T23:57:58.067367+00:00
2026-06-24T16:58:08  INFO      Poll OK — 2026-06-24T23:58:08.533028+00:00
2026-06-24T16:58:19  INFO      Poll OK — 2026-06-24T23:58:18.996050+00:00
2026-06-24T16:58:29  INFO      Poll OK — 2026-06-24T23:58:29.460351+00:00
2026-06-24T16:58:40  INFO      Poll OK — 2026-06-24T23:58:39.927293+00:00
2026-06-24T16:58:50  INFO      Poll OK — 2026-06-24T23:58:50.393337+00:00
2026-06-24T16:59:01  INFO      Poll OK — 2026-06-24T23:59:00.870038+00:00
2026-06-24T16:59:11  INFO      Poll OK — 2026-06-24T23:59:11.334201+00:00
2026-06-24T16:59:22  INFO      Poll OK — 2026-06-24T23:59:21.800250+00:00
2026-06-24T16:59:32  INFO      Poll OK — 2026-06-24T23:59:32.263529+00:00
2026-06-24T16:59:43  INFO      Poll OK — 2026-06-24T23:59:42.727624+00:00
2026-06-24T16:59:53  INFO      Poll OK — 2026-06-24T23:59:53.192987+00:00
2026-06-24T17:00:04  INFO      Poll OK — 2026-06-25T00:00:03.657254+00:00
2026-06-24T17:00:14  INFO      Poll OK — 2026-06-25T00:00:14.122563+00:00
2026-06-24T17:00:25  INFO      Poll OK — 2026-06-25T00:00:24.596267+00:00
2026-06-24T17:00:35  INFO      Poll OK — 2026-06-25T00:00:35.062998+00:00
2026-06-24T17:00:45  INFO      Poll OK — 2026-06-25T00:00:45.529309+00:00
2026-06-24T17:00:56  INFO      Poll OK — 2026-06-25T00:00:55.995811+00:00
2026-06-24T17:01:06  INFO      Poll OK — 2026-06-25T00:01:06.461175+00:00
2026-06-24T17:01:17  INFO      Poll OK — 2026-06-25T00:01:16.935046+00:00
2026-06-24T17:01:27  INFO      Poll OK — 2026-06-25T00:01:27.400279+00:00
2026-06-24T17:01:38  INFO      Poll OK — 2026-06-25T00:01:37.863559+00:00
2026-06-24T17:01:48  INFO      Poll OK — 2026-06-25T00:01:48.328612+00:00
2026-06-24T17:01:59  INFO      Poll OK — 2026-06-25T00:01:58.792912+00:00
2026-06-24T17:02:09  INFO      Poll OK — 2026-06-25T00:02:09.266956+00:00
2026-06-24T17:02:20  INFO      Poll OK — 2026-06-25T00:02:19.732445+00:00
2026-06-24T17:02:30  INFO      Poll OK — 2026-06-25T00:02:30.198473+00:00
2026-06-24T17:02:41  INFO      Poll OK — 2026-06-25T00:02:40.666232+00:00
2026-06-24T17:02:51  INFO      Poll OK — 2026-06-25T00:02:51.132197+00:00
2026-06-24T17:03:02  INFO      Poll OK — 2026-06-25T00:03:01.596297+00:00
2026-06-24T17:03:12  INFO      Poll OK — 2026-06-25T00:03:12.060488+00:00
2026-06-24T17:03:22  INFO      Poll OK — 2026-06-25T00:03:22.524712+00:00
2026-06-24T17:03:33  INFO      Poll OK — 2026-06-25T00:03:32.990279+00:00
2026-06-24T17:03:43  INFO      Poll OK — 2026-06-25T00:03:43.453247+00:00
2026-06-24T17:03:54  INFO      Poll OK — 2026-06-25T00:03:53.918042+00:00
2026-06-24T17:04:04  INFO      Poll OK — 2026-06-25T00:04:04.382756+00:00
2026-06-24T17:04:15  INFO      Poll OK — 2026-06-25T00:04:14.846948+00:00
2026-06-24T17:04:25  INFO      Poll OK — 2026-06-25T00:04:25.315157+00:00
2026-06-24T17:04:36  INFO      Poll OK — 2026-06-25T00:04:35.779945+00:00
2026-06-24T17:04:46  INFO      Poll OK — 2026-06-25T00:04:46.246851+00:00
2026-06-24T17:04:57  INFO      Poll OK — 2026-06-25T00:04:56.710832+00:00
2026-06-24T17:05:07  INFO      Poll OK — 2026-06-25T00:05:07.184685+00:00
2026-06-24T17:05:18  INFO      Poll OK — 2026-06-25T00:05:17.649359+00:00
2026-06-24T17:05:28  INFO      Poll OK — 2026-06-25T00:05:28.113882+00:00
2026-06-24T17:05:39  INFO      Poll OK — 2026-06-25T00:05:38.579077+00:00
2026-06-24T17:05:49  INFO      Poll OK — 2026-06-25T00:05:49.052366+00:00
2026-06-24T17:05:59  INFO      Poll OK — 2026-06-25T00:05:59.518472+00:00
2026-06-24T17:06:10  INFO      Poll OK — 2026-06-25T00:06:09.984705+00:00
2026-06-24T17:06:20  INFO      Poll OK — 2026-06-25T00:06:20.450087+00:00
2026-06-24T17:06:31  INFO      Poll OK — 2026-06-25T00:06:30.916946+00:00
2026-06-24T17:06:41  INFO      Poll OK — 2026-06-25T00:06:41.381537+00:00
2026-06-24T17:06:52  INFO      Poll OK — 2026-06-25T00:06:51.846509+00:00
2026-06-24T17:07:02  INFO      Poll OK — 2026-06-25T00:07:02.310600+00:00
2026-06-24T17:07:13  INFO      Poll OK — 2026-06-25T00:07:12.774992+00:00
2026-06-24T17:07:23  INFO      Poll OK — 2026-06-25T00:07:23.239154+00:00
2026-06-24T17:07:34  INFO      Poll OK — 2026-06-25T00:07:33.703558+00:00
2026-06-24T17:07:44  INFO      Poll OK — 2026-06-25T00:07:44.169044+00:00
2026-06-24T17:07:55  INFO      Poll OK — 2026-06-25T00:07:54.633162+00:00
2026-06-24T17:08:05  INFO      Poll OK — 2026-06-25T00:08:05.100125+00:00
2026-06-24T17:08:16  INFO      Poll OK — 2026-06-25T00:08:15.566668+00:00
2026-06-24T17:08:26  INFO      Poll OK — 2026-06-25T00:08:26.031990+00:00
2026-06-24T17:08:36  INFO      Poll OK — 2026-06-25T00:08:36.498177+00:00
2026-06-24T17:08:47  INFO      Poll OK — 2026-06-25T00:08:46.961136+00:00
2026-06-24T17:08:57  INFO      Poll OK — 2026-06-25T00:08:57.427438+00:00
2026-06-24T17:09:08  INFO      Poll OK — 2026-06-25T00:09:07.890546+00:00
2026-06-24T17:09:18  INFO      Poll OK — 2026-06-25T00:09:18.354945+00:00
2026-06-24T17:09:29  INFO      Poll OK — 2026-06-25T00:09:28.819337+00:00
2026-06-24T17:09:39  INFO      Poll OK — 2026-06-25T00:09:39.293660+00:00
2026-06-24T17:09:50  INFO      Poll OK — 2026-06-25T00:09:49.758545+00:00
2026-06-24T17:10:00  INFO      Poll OK — 2026-06-25T00:10:00.225010+00:00
2026-06-24T17:10:11  INFO      Poll OK — 2026-06-25T00:10:10.703007+00:00
2026-06-24T17:10:21  INFO      Poll OK — 2026-06-25T00:10:21.168338+00:00
2026-06-24T17:10:32  INFO      Poll OK — 2026-06-25T00:10:31.633139+00:00
2026-06-24T17:10:42  INFO      Poll OK — 2026-06-25T00:10:42.097015+00:00
2026-06-24T17:10:53  INFO      Poll OK — 2026-06-25T00:10:52.560962+00:00
2026-06-24T17:11:03  INFO      Poll OK — 2026-06-25T00:11:03.027272+00:00
2026-06-24T17:11:13  INFO      Poll OK — 2026-06-25T00:11:13.490873+00:00
2026-06-24T17:11:24  INFO      Poll OK — 2026-06-25T00:11:23.955610+00:00
2026-06-24T17:11:34  INFO      Poll OK — 2026-06-25T00:11:34.419209+00:00
2026-06-24T17:11:45  INFO      Poll OK — 2026-06-25T00:11:44.885509+00:00
2026-06-24T17:11:55  INFO      Poll OK — 2026-06-25T00:11:55.351315+00:00
2026-06-24T17:12:06  INFO      Poll OK — 2026-06-25T00:12:05.817978+00:00
2026-06-24T17:12:16  INFO      Poll OK — 2026-06-25T00:12:16.284288+00:00
2026-06-24T17:12:27  INFO      Poll OK — 2026-06-25T00:12:26.748493+00:00
2026-06-24T17:12:37  INFO      Poll OK — 2026-06-25T00:12:37.212668+00:00
2026-06-24T17:12:48  INFO      Poll OK — 2026-06-25T00:12:47.686815+00:00
2026-06-24T17:12:58  INFO      Poll OK — 2026-06-25T00:12:58.151108+00:00
2026-06-24T17:13:09  INFO      Poll OK — 2026-06-25T00:13:08.616278+00:00
2026-06-24T17:13:19  INFO      Poll OK — 2026-06-25T00:13:19.079423+00:00
2026-06-24T17:13:30  INFO      Poll OK — 2026-06-25T00:13:29.544805+00:00
2026-06-24T17:13:40  INFO      Poll OK — 2026-06-25T00:13:40.013160+00:00
2026-06-24T17:13:50  INFO      Poll OK — 2026-06-25T00:13:50.476416+00:00
2026-06-24T17:14:01  INFO      Poll OK — 2026-06-25T00:14:00.944523+00:00
2026-06-24T17:14:11  INFO      Poll OK — 2026-06-25T00:14:11.418840+00:00
2026-06-24T17:14:22  INFO      Poll OK — 2026-06-25T00:14:21.883935+00:00
2026-06-24T17:14:32  INFO      Poll OK — 2026-06-25T00:14:32.347857+00:00
2026-06-24T17:14:43  INFO      Poll OK — 2026-06-25T00:14:42.812506+00:00
2026-06-24T17:14:53  INFO      Poll OK — 2026-06-25T00:14:53.276538+00:00
2026-06-24T17:15:04  INFO      Poll OK — 2026-06-25T00:15:03.742041+00:00
2026-06-24T17:15:14  INFO      Poll OK — 2026-06-25T00:15:14.206171+00:00
2026-06-24T17:15:25  INFO      Poll OK — 2026-06-25T00:15:24.670446+00:00
2026-06-24T17:15:35  INFO      Poll OK — 2026-06-25T00:15:35.137717+00:00
2026-06-24T17:15:46  INFO      Poll OK — 2026-06-25T00:15:45.603929+00:00
2026-06-24T17:15:56  INFO      Poll OK — 2026-06-25T00:15:56.069120+00:00
2026-06-24T17:16:06  INFO      Poll OK — 2026-06-25T00:16:06.534463+00:00
2026-06-24T17:16:17  INFO      Poll OK — 2026-06-25T00:16:16.999557+00:00
2026-06-24T17:16:27  INFO      Poll OK — 2026-06-25T00:16:27.463925+00:00
2026-06-24T17:16:38  INFO      Poll OK — 2026-06-25T00:16:37.927009+00:00
2026-06-24T17:16:48  INFO      Poll OK — 2026-06-25T00:16:48.392414+00:00
2026-06-24T17:16:59  INFO      Poll OK — 2026-06-25T00:16:58.857138+00:00
2026-06-24T17:17:09  INFO      Poll OK — 2026-06-25T00:17:09.321921+00:00
2026-06-24T17:17:20  INFO      Poll OK — 2026-06-25T00:17:19.786164+00:00
2026-06-24T17:17:30  INFO      Poll OK — 2026-06-25T00:17:30.252596+00:00
2026-06-24T17:17:41  INFO      Poll OK — 2026-06-25T00:17:40.720581+00:00
2026-06-24T17:17:51  INFO      Poll OK — 2026-06-25T00:17:51.185233+00:00
2026-06-24T17:18:02  INFO      Poll OK — 2026-06-25T00:18:01.649059+00:00
2026-06-24T17:18:12  INFO      Poll OK — 2026-06-25T00:18:12.114462+00:00
2026-06-24T17:18:23  INFO      Poll OK — 2026-06-25T00:18:22.578616+00:00
2026-06-24T17:18:33  INFO      Poll OK — 2026-06-25T00:18:33.054293+00:00
2026-06-24T17:18:43  INFO      Poll OK — 2026-06-25T00:18:43.516915+00:00
2026-06-24T17:18:54  INFO      Poll OK — 2026-06-25T00:18:53.992265+00:00
2026-06-24T17:19:04  INFO      Poll OK — 2026-06-25T00:19:04.456602+00:00
2026-06-24T17:19:15  INFO      Poll OK — 2026-06-25T00:19:14.923582+00:00
2026-06-24T17:19:25  INFO      Poll OK — 2026-06-25T00:19:25.390063+00:00
2026-06-24T17:19:36  INFO      Poll OK — 2026-06-25T00:19:35.856284+00:00
2026-06-24T17:19:46  INFO      Poll OK — 2026-06-25T00:19:46.321861+00:00
2026-06-24T17:19:57  INFO      Poll OK — 2026-06-25T00:19:56.795920+00:00
2026-06-24T17:20:07  INFO      Poll OK — 2026-06-25T00:20:07.260112+00:00
2026-06-24T17:20:18  INFO      Poll OK — 2026-06-25T00:20:17.724362+00:00
2026-06-24T17:20:28  INFO      Poll OK — 2026-06-25T00:20:28.188425+00:00
2026-06-24T17:20:39  INFO      Poll OK — 2026-06-25T00:20:38.653804+00:00
2026-06-24T17:20:49  INFO      Poll OK — 2026-06-25T00:20:49.117035+00:00
2026-06-24T17:21:00  INFO      Poll OK — 2026-06-25T00:20:59.582425+00:00
2026-06-24T17:21:10  INFO      Poll OK — 2026-06-25T00:21:10.049635+00:00
2026-06-24T17:21:21  INFO      Poll OK — 2026-06-25T00:21:20.535007+00:00
2026-06-24T17:21:31  INFO      Poll OK — 2026-06-25T00:21:31.002020+00:00
2026-06-24T17:21:41  INFO      Poll OK — 2026-06-25T00:21:41.466464+00:00
2026-06-24T17:21:52  INFO      Poll OK — 2026-06-25T00:21:51.931639+00:00
2026-06-24T17:22:02  INFO      Poll OK — 2026-06-25T00:22:02.396276+00:00
2026-06-24T17:22:13  INFO      Poll OK — 2026-06-25T00:22:12.861048+00:00
2026-06-24T17:22:23  INFO      Poll OK — 2026-06-25T00:22:23.334601+00:00
2026-06-24T17:22:34  INFO      Poll OK — 2026-06-25T00:22:33.798958+00:00
2026-06-24T17:22:44  INFO      Poll OK — 2026-06-25T00:22:44.264658+00:00
2026-06-24T17:22:55  INFO      Poll OK — 2026-06-25T00:22:54.728081+00:00
2026-06-24T17:23:05  INFO      Poll OK — 2026-06-25T00:23:05.195763+00:00
2026-06-24T17:23:16  INFO      Poll OK — 2026-06-25T00:23:15.662479+00:00
2026-06-24T17:23:26  INFO      Poll OK — 2026-06-25T00:23:26.138644+00:00
2026-06-24T17:23:37  INFO      Poll OK — 2026-06-25T00:23:36.603739+00:00
2026-06-24T17:23:47  INFO      Poll OK — 2026-06-25T00:23:47.066725+00:00
2026-06-24T17:23:57  INFO      Poll OK — 2026-06-25T00:23:57.533359+00:00
2026-06-24T17:24:08  INFO      Poll OK — 2026-06-25T00:24:07.996580+00:00
2026-06-24T17:24:18  INFO      Poll OK — 2026-06-25T00:24:18.462559+00:00
2026-06-24T17:24:29  INFO      Poll OK — 2026-06-25T00:24:28.926317+00:00
2026-06-24T17:24:39  INFO      Poll OK — 2026-06-25T00:24:39.390505+00:00
2026-06-24T17:24:50  INFO      Poll OK — 2026-06-25T00:24:49.867009+00:00
2026-06-24T17:25:00  INFO      Poll OK — 2026-06-25T00:25:00.332235+00:00
2026-06-24T17:25:11  INFO      Poll OK — 2026-06-25T00:25:10.799121+00:00
2026-06-24T17:25:21  INFO      Poll OK — 2026-06-25T00:25:21.275658+00:00
2026-06-24T17:25:32  INFO      Poll OK — 2026-06-25T00:25:31.738792+00:00
2026-06-24T17:25:42  INFO      Poll OK — 2026-06-25T00:25:42.204154+00:00
2026-06-24T17:25:53  INFO      Poll OK — 2026-06-25T00:25:52.668311+00:00
2026-06-24T17:26:03  INFO      Poll OK — 2026-06-25T00:26:03.133343+00:00
2026-06-24T17:26:14  INFO      Poll OK — 2026-06-25T00:26:13.598263+00:00
2026-06-24T17:26:24  INFO      Poll OK — 2026-06-25T00:26:24.063246+00:00
2026-06-24T17:26:34  INFO      Poll OK — 2026-06-25T00:26:34.527764+00:00
2026-06-24T17:26:45  INFO      Poll OK — 2026-06-25T00:26:44.994165+00:00
2026-06-24T17:26:55  INFO      Poll OK — 2026-06-25T00:26:55.471112+00:00
2026-06-24T17:27:06  INFO      Poll OK — 2026-06-25T00:27:05.937194+00:00
2026-06-24T17:27:16  INFO      Poll OK — 2026-06-25T00:27:16.404599+00:00
2026-06-24T17:27:27  INFO      Poll OK — 2026-06-25T00:27:26.867869+00:00
2026-06-24T17:27:37  INFO      Poll OK — 2026-06-25T00:27:37.333406+00:00
2026-06-24T17:27:48  INFO      Poll OK — 2026-06-25T00:27:47.798055+00:00
2026-06-24T17:27:58  INFO      Poll OK — 2026-06-25T00:27:58.261841+00:00
2026-06-24T17:28:09  INFO      Poll OK — 2026-06-25T00:28:08.728278+00:00
2026-06-24T17:28:19  INFO      Poll OK — 2026-06-25T00:28:19.192102+00:00
2026-06-24T17:28:30  INFO      Poll OK — 2026-06-25T00:28:29.657715+00:00
2026-06-24T17:28:40  INFO      Poll OK — 2026-06-25T00:28:40.124972+00:00
2026-06-24T17:28:51  INFO      Poll OK — 2026-06-25T00:28:50.600372+00:00
2026-06-24T17:29:01  INFO      Poll OK — 2026-06-25T00:29:01.067166+00:00
2026-06-24T17:29:11  INFO      Poll OK — 2026-06-25T00:29:11.531874+00:00
2026-06-24T17:29:22  INFO      Poll OK — 2026-06-25T00:29:21.998136+00:00
2026-06-24T17:29:32  INFO      Poll OK — 2026-06-25T00:29:32.462954+00:00
2026-06-24T17:29:43  INFO      Poll OK — 2026-06-25T00:29:42.926464+00:00
2026-06-24T17:29:53  INFO      Poll OK — 2026-06-25T00:29:53.390955+00:00
2026-06-24T17:30:04  INFO      Poll OK — 2026-06-25T00:30:03.865998+00:00
2026-06-24T17:30:14  INFO      Poll OK — 2026-06-25T00:30:14.351205+00:00
2026-06-24T17:30:25  INFO      Poll OK — 2026-06-25T00:30:24.817751+00:00
2026-06-24T17:30:35  INFO      Poll OK — 2026-06-25T00:30:35.284662+00:00
2026-06-24T17:30:46  INFO      Poll OK — 2026-06-25T00:30:45.750446+00:00
2026-06-24T17:30:56  INFO      Poll OK — 2026-06-25T00:30:56.216560+00:00
2026-06-24T17:31:07  INFO      Poll OK — 2026-06-25T00:31:06.681271+00:00
2026-06-24T17:31:17  INFO      Poll OK — 2026-06-25T00:31:17.146669+00:00
2026-06-24T17:31:28  INFO      Poll OK — 2026-06-25T00:31:27.613197+00:00
2026-06-24T17:31:38  INFO      Poll OK — 2026-06-25T00:31:38.076582+00:00
2026-06-24T17:31:49  INFO      Poll OK — 2026-06-25T00:31:48.541912+00:00
2026-06-24T17:31:59  INFO      Poll OK — 2026-06-25T00:31:59.006671+00:00
2026-06-24T17:32:09  INFO      Poll OK — 2026-06-25T00:32:09.471365+00:00
2026-06-24T17:32:20  INFO      Poll OK — 2026-06-25T00:32:19.939386+00:00
2026-06-24T17:32:30  INFO      Poll OK — 2026-06-25T00:32:30.405810+00:00
2026-06-24T17:32:41  INFO      Poll OK — 2026-06-25T00:32:40.873108+00:00
2026-06-24T17:32:51  INFO      Poll OK — 2026-06-25T00:32:51.338347+00:00
2026-06-24T17:33:02  INFO      Poll OK — 2026-06-25T00:33:01.802869+00:00
2026-06-24T17:33:12  INFO      Poll OK — 2026-06-25T00:33:12.267927+00:00
2026-06-24T17:33:23  INFO      Poll OK — 2026-06-25T00:33:22.733135+00:00
2026-06-24T17:33:33  INFO      Poll OK — 2026-06-25T00:33:33.199551+00:00
2026-06-24T17:33:44  INFO      Poll OK — 2026-06-25T00:33:43.663251+00:00
2026-06-24T17:33:54  INFO      Poll OK — 2026-06-25T00:33:54.127773+00:00
2026-06-24T17:34:05  INFO      Poll OK — 2026-06-25T00:34:04.593033+00:00
2026-06-24T17:34:15  INFO      Poll OK — 2026-06-25T00:34:15.059550+00:00
2026-06-24T17:34:26  INFO      Poll OK — 2026-06-25T00:34:25.538061+00:00
2026-06-24T17:34:36  INFO      Poll OK — 2026-06-25T00:34:36.005788+00:00
2026-06-24T17:34:46  INFO      Poll OK — 2026-06-25T00:34:46.470149+00:00
2026-06-24T17:34:57  INFO      Poll OK — 2026-06-25T00:34:56.933788+00:00
2026-06-24T17:35:07  INFO      Poll OK — 2026-06-25T00:35:07.398897+00:00
2026-06-24T17:35:18  INFO      Poll OK — 2026-06-25T00:35:17.864078+00:00
2026-06-24T17:35:28  INFO      Poll OK — 2026-06-25T00:35:28.329746+00:00
2026-06-24T17:35:39  INFO      Poll OK — 2026-06-25T00:35:38.794663+00:00
2026-06-24T17:35:49  INFO      Poll OK — 2026-06-25T00:35:49.258854+00:00
2026-06-24T17:36:00  INFO      Poll OK — 2026-06-25T00:35:59.724205+00:00
2026-06-24T17:36:10  INFO      Poll OK — 2026-06-25T00:36:10.191507+00:00
2026-06-24T17:36:21  INFO      Poll OK — 2026-06-25T00:36:20.658253+00:00
2026-06-24T17:36:31  INFO      Poll OK — 2026-06-25T00:36:31.135866+00:00
2026-06-24T17:36:42  INFO      Poll OK — 2026-06-25T00:36:41.600785+00:00
2026-06-24T17:36:52  INFO      Poll OK — 2026-06-25T00:36:52.065111+00:00
2026-06-24T17:37:02  INFO      Poll OK — 2026-06-25T00:37:02.529766+00:00
2026-06-24T17:37:13  INFO      Poll OK — 2026-06-25T00:37:12.994863+00:00
2026-06-24T17:37:23  INFO      Poll OK — 2026-06-25T00:37:23.460156+00:00
2026-06-24T17:37:34  INFO      Poll OK — 2026-06-25T00:37:33.924545+00:00
2026-06-24T17:37:44  INFO      Poll OK — 2026-06-25T00:37:44.400776+00:00
2026-06-24T17:37:55  INFO      Poll OK — 2026-06-25T00:37:54.866097+00:00
2026-06-24T17:38:05  INFO      Poll OK — 2026-06-25T00:38:05.334471+00:00
2026-06-24T17:38:16  INFO      Poll OK — 2026-06-25T00:38:15.800460+00:00
2026-06-24T17:38:26  INFO      Poll OK — 2026-06-25T00:38:26.265889+00:00
2026-06-24T17:38:37  INFO      Poll OK — 2026-06-25T00:38:36.731146+00:00
2026-06-24T17:38:47  INFO      Poll OK — 2026-06-25T00:38:47.195351+00:00
2026-06-24T17:38:58  INFO      Poll OK — 2026-06-25T00:38:57.661840+00:00
2026-06-24T17:39:08  INFO      Poll OK — 2026-06-25T00:39:08.135915+00:00
2026-06-24T17:39:19  INFO      Poll OK — 2026-06-25T00:39:18.601183+00:00
2026-06-24T17:39:29  INFO      Poll OK — 2026-06-25T00:39:29.066327+00:00
2026-06-24T17:39:39  INFO      Poll OK — 2026-06-25T00:39:39.530536+00:00
2026-06-24T17:39:50  INFO      Poll OK — 2026-06-25T00:39:49.998595+00:00
2026-06-24T17:40:00  INFO      Poll OK — 2026-06-25T00:40:00.464027+00:00
2026-06-24T17:40:11  INFO      Poll OK — 2026-06-25T00:40:10.932397+00:00
2026-06-24T17:40:21  INFO      Poll OK — 2026-06-25T00:40:21.397627+00:00
2026-06-24T17:40:32  INFO      Poll OK — 2026-06-25T00:40:31.863372+00:00
2026-06-24T17:40:42  INFO      Poll OK — 2026-06-25T00:40:42.328022+00:00
2026-06-24T17:40:53  INFO      Poll OK — 2026-06-25T00:40:52.792476+00:00
2026-06-24T17:41:03  INFO      Poll OK — 2026-06-25T00:41:03.258587+00:00
2026-06-24T17:41:14  INFO      Poll OK — 2026-06-25T00:41:13.722573+00:00
2026-06-24T17:41:24  INFO      Poll OK — 2026-06-25T00:41:24.188358+00:00
2026-06-24T17:41:35  INFO      Poll OK — 2026-06-25T00:41:34.653173+00:00
2026-06-24T17:41:45  INFO      Poll OK — 2026-06-25T00:41:45.120588+00:00
2026-06-24T17:41:56  INFO      Poll OK — 2026-06-25T00:41:55.588634+00:00
2026-06-24T17:42:06  INFO      Poll OK — 2026-06-25T00:42:06.053849+00:00
2026-06-24T17:42:16  INFO      Poll OK — 2026-06-25T00:42:16.521157+00:00
2026-06-24T17:42:27  INFO      Poll OK — 2026-06-25T00:42:26.984661+00:00
2026-06-24T17:42:37  INFO      Poll OK — 2026-06-25T00:42:37.450403+00:00
2026-06-24T17:42:48  INFO      Poll OK — 2026-06-25T00:42:47.916338+00:00
2026-06-24T17:42:58  INFO      Poll OK — 2026-06-25T00:42:58.380614+00:00
2026-06-24T17:43:09  INFO      Poll OK — 2026-06-25T00:43:08.846843+00:00
2026-06-24T17:43:19  INFO      Poll OK — 2026-06-25T00:43:19.310247+00:00
2026-06-24T17:43:30  INFO      Poll OK — 2026-06-25T00:43:29.788245+00:00
2026-06-24T17:43:40  INFO      Poll OK — 2026-06-25T00:43:40.254417+00:00
2026-06-24T17:43:51  INFO      Poll OK — 2026-06-25T00:43:50.730820+00:00
2026-06-24T17:44:01  INFO      Poll OK — 2026-06-25T00:44:01.208129+00:00
2026-06-24T17:44:12  INFO      Poll OK — 2026-06-25T00:44:11.672290+00:00
2026-06-24T17:44:22  INFO      Poll OK — 2026-06-25T00:44:22.138599+00:00
2026-06-24T17:44:33  INFO      Poll OK — 2026-06-25T00:44:32.602999+00:00
2026-06-24T17:44:43  INFO      Poll OK — 2026-06-25T00:44:43.067884+00:00
2026-06-24T17:44:53  INFO      Poll OK — 2026-06-25T00:44:53.533152+00:00
2026-06-24T17:45:04  INFO      Poll OK — 2026-06-25T00:45:03.997334+00:00
2026-06-24T17:45:14  INFO      Poll OK — 2026-06-25T00:45:14.463740+00:00
2026-06-24T17:45:25  INFO      Poll OK — 2026-06-25T00:45:24.930097+00:00
2026-06-24T17:45:35  INFO      Poll OK — 2026-06-25T00:45:35.398531+00:00
2026-06-24T17:45:46  INFO      Poll OK — 2026-06-25T00:45:45.864934+00:00
2026-06-24T17:45:56  INFO      Poll OK — 2026-06-25T00:45:56.329869+00:00
2026-06-24T17:46:07  INFO      Poll OK — 2026-06-25T00:46:06.796237+00:00
2026-06-24T17:46:17  INFO      Poll OK — 2026-06-25T00:46:17.259548+00:00
2026-06-24T17:46:28  INFO      Poll OK — 2026-06-25T00:46:27.726480+00:00
2026-06-24T17:46:38  INFO      Poll OK — 2026-06-25T00:46:38.190913+00:00
2026-06-24T17:46:49  INFO      Poll OK — 2026-06-25T00:46:48.655780+00:00
2026-06-24T17:46:59  INFO      Poll OK — 2026-06-25T00:46:59.121838+00:00
2026-06-24T17:47:10  INFO      Poll OK — 2026-06-25T00:47:09.585545+00:00
2026-06-24T17:47:20  INFO      Poll OK — 2026-06-25T00:47:20.055076+00:00
2026-06-24T17:47:30  INFO      Poll OK — 2026-06-25T00:47:30.520349+00:00
2026-06-24T17:47:41  INFO      Poll OK — 2026-06-25T00:47:40.988611+00:00
2026-06-24T17:47:51  INFO      Poll OK — 2026-06-25T00:47:51.454007+00:00
2026-06-24T17:48:02  INFO      Poll OK — 2026-06-25T00:48:01.917946+00:00
2026-06-24T17:48:12  INFO      Poll OK — 2026-06-25T00:48:12.393214+00:00
2026-06-24T17:48:23  INFO      Poll OK — 2026-06-25T00:48:22.857601+00:00
2026-06-24T17:48:33  INFO      Poll OK — 2026-06-25T00:48:33.323748+00:00
2026-06-24T17:48:44  INFO      Poll OK — 2026-06-25T00:48:43.788933+00:00
2026-06-24T17:48:54  INFO      Poll OK — 2026-06-25T00:48:54.264145+00:00
2026-06-24T17:49:05  INFO      Poll OK — 2026-06-25T00:49:04.729597+00:00
2026-06-24T17:49:15  INFO      Poll OK — 2026-06-25T00:49:15.196975+00:00
2026-06-24T17:49:26  INFO      Poll OK — 2026-06-25T00:49:25.665062+00:00
2026-06-24T17:49:36  INFO      Poll OK — 2026-06-25T00:49:36.129666+00:00
2026-06-24T17:49:47  INFO      Poll OK — 2026-06-25T00:49:46.596687+00:00
2026-06-24T17:49:57  INFO      Poll OK — 2026-06-25T00:49:57.060639+00:00
2026-06-24T17:50:07  INFO      Poll OK — 2026-06-25T00:50:07.525928+00:00
2026-06-24T17:50:18  INFO      Poll OK — 2026-06-25T00:50:17.990508+00:00
2026-06-24T17:50:28  INFO      Poll OK — 2026-06-25T00:50:28.455711+00:00
2026-06-24T17:50:39  INFO      Poll OK — 2026-06-25T00:50:38.923758+00:00
2026-06-24T17:50:49  INFO      Poll OK — 2026-06-25T00:50:49.386074+00:00
2026-06-24T17:51:00  INFO      Poll OK — 2026-06-25T00:50:59.853152+00:00
2026-06-24T17:51:10  INFO      Poll OK — 2026-06-25T00:51:10.320334+00:00
2026-06-24T17:51:21  INFO      Poll OK — 2026-06-25T00:51:20.788299+00:00
2026-06-24T17:51:31  INFO      Poll OK — 2026-06-25T00:51:31.253080+00:00
2026-06-24T17:51:42  INFO      Poll OK — 2026-06-25T00:51:41.718195+00:00
2026-06-24T17:51:52  INFO      Poll OK — 2026-06-25T00:51:52.184152+00:00
2026-06-24T17:52:03  INFO      Poll OK — 2026-06-25T00:52:02.649091+00:00
2026-06-24T17:52:13  INFO      Poll OK — 2026-06-25T00:52:13.113206+00:00
2026-06-24T17:52:24  INFO      Poll OK — 2026-06-25T00:52:23.578500+00:00
2026-06-24T17:52:34  INFO      Poll OK — 2026-06-25T00:52:34.043541+00:00
2026-06-24T17:52:44  INFO      Poll OK — 2026-06-25T00:52:44.510414+00:00
2026-06-24T17:52:55  INFO      Poll OK — 2026-06-25T00:52:54.976381+00:00
2026-06-24T17:53:05  INFO      Poll OK — 2026-06-25T00:53:05.464066+00:00
2026-06-24T17:53:16  INFO      Poll OK — 2026-06-25T00:53:15.929950+00:00
2026-06-24T17:53:26  INFO      Poll OK — 2026-06-25T00:53:26.395829+00:00
2026-06-24T17:53:37  INFO      Poll OK — 2026-06-25T00:53:36.861166+00:00
2026-06-24T17:53:47  INFO      Poll OK — 2026-06-25T00:53:47.326618+00:00
2026-06-24T17:53:58  INFO      Poll OK — 2026-06-25T00:53:57.792604+00:00
2026-06-24T17:54:08  INFO      Poll OK — 2026-06-25T00:54:08.256013+00:00
2026-06-24T17:54:19  INFO      Poll OK — 2026-06-25T00:54:18.721166+00:00
2026-06-24T17:54:29  INFO      Poll OK — 2026-06-25T00:54:29.186480+00:00
2026-06-24T17:54:40  INFO      Poll OK — 2026-06-25T00:54:39.651963+00:00
2026-06-24T17:54:50  INFO      Poll OK — 2026-06-25T00:54:50.120880+00:00
2026-06-24T17:55:01  INFO      Poll OK — 2026-06-25T00:55:00.587377+00:00
2026-06-24T17:55:11  INFO      Poll OK — 2026-06-25T00:55:11.054535+00:00
2026-06-24T17:55:21  INFO      Poll OK — 2026-06-25T00:55:21.518618+00:00
2026-06-24T17:55:32  INFO      Poll OK — 2026-06-25T00:55:31.993889+00:00
2026-06-24T17:55:42  INFO      Poll OK — 2026-06-25T00:55:42.460260+00:00
2026-06-24T17:55:53  INFO      Poll OK — 2026-06-25T00:55:52.924404+00:00
2026-06-24T17:56:03  INFO      Poll OK — 2026-06-25T00:56:03.401080+00:00
2026-06-24T17:56:14  INFO      Poll OK — 2026-06-25T00:56:13.864306+00:00
2026-06-24T17:56:24  INFO      Poll OK — 2026-06-25T00:56:24.330325+00:00
2026-06-24T17:56:35  INFO      Poll OK — 2026-06-25T00:56:34.796616+00:00
2026-06-24T17:56:45  INFO      Poll OK — 2026-06-25T00:56:45.263679+00:00
2026-06-24T17:56:56  INFO      Poll OK — 2026-06-25T00:56:55.730153+00:00
2026-06-24T17:57:06  INFO      Poll OK — 2026-06-25T00:57:06.196355+00:00
2026-06-24T17:57:17  INFO      Poll OK — 2026-06-25T00:57:16.662707+00:00
2026-06-24T17:57:27  INFO      Poll OK — 2026-06-25T00:57:27.126815+00:00
2026-06-24T17:57:38  INFO      Poll OK — 2026-06-25T00:57:37.590840+00:00
2026-06-24T17:57:48  INFO      Poll OK — 2026-06-25T00:57:48.057257+00:00
2026-06-24T17:57:58  INFO      Poll OK — 2026-06-25T00:57:58.532557+00:00
2026-06-24T17:58:09  INFO      Poll OK — 2026-06-25T00:58:08.999728+00:00
2026-06-24T17:58:19  INFO      Poll OK — 2026-06-25T00:58:19.461860+00:00
2026-06-24T17:58:30  INFO      Poll OK — 2026-06-25T00:58:29.929323+00:00
2026-06-24T17:58:40  INFO      Poll OK — 2026-06-25T00:58:40.396746+00:00
2026-06-24T17:58:51  INFO      Poll OK — 2026-06-25T00:58:50.864236+00:00
2026-06-24T17:59:01  INFO      Poll OK — 2026-06-25T00:59:01.330479+00:00
2026-06-24T17:59:12  INFO      Poll OK — 2026-06-25T00:59:11.793678+00:00
2026-06-24T17:59:22  INFO      Poll OK — 2026-06-25T00:59:22.260646+00:00
2026-06-24T17:59:33  INFO      Poll OK — 2026-06-25T00:59:32.724165+00:00
2026-06-24T17:59:43  INFO      Poll OK — 2026-06-25T00:59:43.189466+00:00
2026-06-24T17:59:54  INFO      Poll OK — 2026-06-25T00:59:53.655736+00:00
2026-06-24T18:00:04  INFO      Poll OK — 2026-06-25T01:00:04.120255+00:00
2026-06-24T18:00:15  INFO      Poll OK — 2026-06-25T01:00:14.585866+00:00
2026-06-24T18:00:25  INFO      Poll OK — 2026-06-25T01:00:25.052626+00:00
2026-06-24T18:00:36  INFO      Poll OK — 2026-06-25T01:00:35.540280+00:00
2026-06-24T18:00:46  INFO      Poll OK — 2026-06-25T01:00:46.009146+00:00
2026-06-24T18:00:56  INFO      Poll OK — 2026-06-25T01:00:56.472145+00:00
2026-06-24T18:01:07  INFO      Poll OK — 2026-06-25T01:01:06.937363+00:00
2026-06-24T18:01:17  INFO      Poll OK — 2026-06-25T01:01:17.401662+00:00
2026-06-24T18:01:28  INFO      Poll OK — 2026-06-25T01:01:27.867805+00:00
2026-06-24T18:01:38  INFO      Poll OK — 2026-06-25T01:01:38.332370+00:00
2026-06-24T18:01:49  INFO      Poll OK — 2026-06-25T01:01:48.798745+00:00
2026-06-24T18:01:59  INFO      Poll OK — 2026-06-25T01:01:59.262915+00:00
2026-06-24T18:02:10  INFO      Poll OK — 2026-06-25T01:02:09.727852+00:00
2026-06-24T18:02:20  INFO      Poll OK — 2026-06-25T01:02:20.206479+00:00
2026-06-24T18:02:31  INFO      Poll OK — 2026-06-25T01:02:30.672940+00:00
2026-06-24T18:02:41  INFO      Poll OK — 2026-06-25T01:02:41.139454+00:00
2026-06-24T18:02:52  INFO      Poll OK — 2026-06-25T01:02:51.605015+00:00
2026-06-24T18:03:02  INFO      Poll OK — 2026-06-25T01:03:02.069359+00:00
2026-06-24T18:03:12  INFO      Poll OK — 2026-06-25T01:03:12.535752+00:00
2026-06-24T18:03:23  INFO      Poll OK — 2026-06-25T01:03:23.000482+00:00
2026-06-24T18:03:33  INFO      Poll OK — 2026-06-25T01:03:33.476353+00:00
2026-06-24T18:03:44  INFO      Poll OK — 2026-06-25T01:03:43.939197+00:00
2026-06-24T18:03:54  INFO      Poll OK — 2026-06-25T01:03:54.405733+00:00
2026-06-24T18:04:05  INFO      Poll OK — 2026-06-25T01:04:04.883114+00:00
2026-06-24T18:04:15  INFO      Poll OK — 2026-06-25T01:04:15.349199+00:00
2026-06-24T18:04:26  INFO      Poll OK — 2026-06-25T01:04:25.817719+00:00
2026-06-24T18:04:36  INFO      Poll OK — 2026-06-25T01:04:36.282096+00:00
2026-06-24T18:04:47  INFO      Poll OK — 2026-06-25T01:04:46.747997+00:00
2026-06-24T18:04:57  INFO      Poll OK — 2026-06-25T01:04:57.212095+00:00
2026-06-24T18:05:08  INFO      Poll OK — 2026-06-25T01:05:07.677837+00:00
2026-06-24T18:05:18  INFO      Poll OK — 2026-06-25T01:05:18.142695+00:00
2026-06-24T18:05:29  INFO      Poll OK — 2026-06-25T01:05:28.606786+00:00
2026-06-24T18:05:39  INFO      Poll OK — 2026-06-25T01:05:39.082910+00:00
2026-06-24T18:05:50  INFO      Poll OK — 2026-06-25T01:05:49.547613+00:00
2026-06-24T18:06:00  INFO      Poll OK — 2026-06-25T01:06:00.015655+00:00
2026-06-24T18:06:10  INFO      Poll OK — 2026-06-25T01:06:10.483005+00:00
2026-06-24T18:06:21  INFO      Poll OK — 2026-06-25T01:06:20.949272+00:00
2026-06-24T18:06:31  INFO      Poll OK — 2026-06-25T01:06:31.414593+00:00
2026-06-24T18:06:42  INFO      Poll OK — 2026-06-25T01:06:41.878964+00:00
2026-06-24T18:06:52  INFO      Poll OK — 2026-06-25T01:06:52.346151+00:00
2026-06-24T18:07:03  INFO      Poll OK — 2026-06-25T01:07:02.809323+00:00
2026-06-24T18:07:13  INFO      Poll OK — 2026-06-25T01:07:13.274658+00:00
2026-06-24T18:07:24  INFO      Poll OK — 2026-06-25T01:07:23.739772+00:00
2026-06-24T18:07:34  INFO      Poll OK — 2026-06-25T01:07:34.203720+00:00
2026-06-24T18:07:45  INFO      Poll OK — 2026-06-25T01:07:44.670381+00:00
2026-06-24T18:07:55  INFO      Poll OK — 2026-06-25T01:07:55.137810+00:00
2026-06-24T18:08:06  INFO      Poll OK — 2026-06-25T01:08:05.606928+00:00
2026-06-24T18:08:16  INFO      Poll OK — 2026-06-25T01:08:16.071990+00:00
2026-06-24T18:08:27  INFO      Poll OK — 2026-06-25T01:08:26.536565+00:00
2026-06-24T18:08:37  INFO      Poll OK — 2026-06-25T01:08:37.001461+00:00
2026-06-24T18:08:47  INFO      Poll OK — 2026-06-25T01:08:47.466066+00:00
2026-06-24T18:08:58  INFO      Poll OK — 2026-06-25T01:08:57.933227+00:00
2026-06-24T18:09:08  INFO      Poll OK — 2026-06-25T01:09:08.397559+00:00
2026-06-24T18:09:19  INFO      Poll OK — 2026-06-25T01:09:18.872891+00:00
2026-06-24T18:09:29  INFO      Poll OK — 2026-06-25T01:09:29.348109+00:00
2026-06-24T18:09:40  INFO      Poll OK — 2026-06-25T01:09:39.814494+00:00
2026-06-24T18:09:50  INFO      Poll OK — 2026-06-25T01:09:50.292403+00:00
2026-06-24T18:10:01  INFO      Poll OK — 2026-06-25T01:10:00.758763+00:00
2026-06-24T18:10:11  INFO      Poll OK — 2026-06-25T01:10:11.225131+00:00
2026-06-24T18:10:22  INFO      Poll OK — 2026-06-25T01:10:21.689209+00:00
2026-06-24T18:10:32  INFO      Poll OK — 2026-06-25T01:10:32.153562+00:00
2026-06-24T18:10:43  INFO      Poll OK — 2026-06-25T01:10:42.619691+00:00
2026-06-24T18:10:53  INFO      Poll OK — 2026-06-25T01:10:53.082838+00:00
2026-06-24T18:11:04  INFO      Poll OK — 2026-06-25T01:11:03.551242+00:00
2026-06-24T18:11:14  INFO      Poll OK — 2026-06-25T01:11:14.017204+00:00
2026-06-24T18:11:24  INFO      Poll OK — 2026-06-25T01:11:24.479907+00:00
2026-06-24T18:11:35  INFO      Poll OK — 2026-06-25T01:11:34.947086+00:00
2026-06-24T18:11:45  INFO      Poll OK — 2026-06-25T01:11:45.413426+00:00
2026-06-24T18:11:56  INFO      Poll OK — 2026-06-25T01:11:55.881680+00:00
2026-06-24T18:12:06  INFO      Poll OK — 2026-06-25T01:12:06.346557+00:00
2026-06-24T18:12:17  INFO      Poll OK — 2026-06-25T01:12:16.812179+00:00
2026-06-24T18:12:27  INFO      Poll OK — 2026-06-25T01:12:27.276414+00:00
2026-06-24T18:12:38  INFO      Poll OK — 2026-06-25T01:12:37.741578+00:00
2026-06-24T18:12:48  INFO      Poll OK — 2026-06-25T01:12:48.207380+00:00
2026-06-24T18:12:59  INFO      Poll OK — 2026-06-25T01:12:58.672347+00:00
2026-06-24T18:13:09  INFO      Poll OK — 2026-06-25T01:13:09.138401+00:00
2026-06-24T18:13:20  INFO      Poll OK — 2026-06-25T01:13:19.601750+00:00
2026-06-24T18:13:30  INFO      Poll OK — 2026-06-25T01:13:30.069467+00:00
2026-06-24T18:13:41  INFO      Poll OK — 2026-06-25T01:13:40.547091+00:00
2026-06-24T18:13:51  INFO      Poll OK — 2026-06-25T01:13:51.013301+00:00
2026-06-24T18:14:01  INFO      Poll OK — 2026-06-25T01:14:01.479702+00:00
2026-06-24T18:14:12  INFO      Poll OK — 2026-06-25T01:14:11.943870+00:00
2026-06-24T18:14:22  INFO      Poll OK — 2026-06-25T01:14:22.410327+00:00
2026-06-24T18:14:33  INFO      Poll OK — 2026-06-25T01:14:32.874424+00:00
2026-06-24T18:14:43  INFO      Poll OK — 2026-06-25T01:14:43.338786+00:00
2026-06-24T18:14:54  INFO      Poll OK — 2026-06-25T01:14:53.803988+00:00
2026-06-24T18:15:04  INFO      Poll OK — 2026-06-25T01:15:04.269684+00:00
2026-06-24T18:15:15  INFO      Poll OK — 2026-06-25T01:15:14.748048+00:00
2026-06-24T18:15:25  INFO      Poll OK — 2026-06-25T01:15:25.212968+00:00
2026-06-24T18:15:36  INFO      Poll OK — 2026-06-25T01:15:35.679234+00:00
2026-06-24T18:15:46  INFO      Poll OK — 2026-06-25T01:15:46.146401+00:00
2026-06-24T18:15:57  INFO      Poll OK — 2026-06-25T01:15:56.610651+00:00
2026-06-24T18:16:07  INFO      Poll OK — 2026-06-25T01:16:07.077696+00:00
2026-06-24T18:16:18  INFO      Poll OK — 2026-06-25T01:16:17.540905+00:00
2026-06-24T18:16:28  INFO      Poll OK — 2026-06-25T01:16:28.008910+00:00
2026-06-24T18:16:38  INFO      Poll OK — 2026-06-25T01:16:38.471758+00:00
2026-06-24T18:16:49  INFO      Poll OK — 2026-06-25T01:16:48.937051+00:00
2026-06-24T18:16:59  INFO      Poll OK — 2026-06-25T01:16:59.402065+00:00
2026-06-24T18:17:10  INFO      Poll OK — 2026-06-25T01:17:09.869602+00:00
2026-06-24T18:17:20  INFO      Poll OK — 2026-06-25T01:17:20.337863+00:00
2026-06-24T18:17:31  INFO      Poll OK — 2026-06-25T01:17:30.802880+00:00
2026-06-24T18:17:41  INFO      Poll OK — 2026-06-25T01:17:41.268989+00:00
2026-06-24T18:17:52  INFO      Poll OK — 2026-06-25T01:17:51.743339+00:00
2026-06-24T18:18:02  INFO      Poll OK — 2026-06-25T01:18:02.208581+00:00
2026-06-24T18:18:13  INFO      Poll OK — 2026-06-25T01:18:12.674828+00:00
2026-06-24T18:18:23  INFO      Poll OK — 2026-06-25T01:18:23.138021+00:00
2026-06-24T18:18:34  INFO      Poll OK — 2026-06-25T01:18:33.604429+00:00
2026-06-24T18:18:44  INFO      Poll OK — 2026-06-25T01:18:44.067654+00:00
2026-06-24T18:18:55  INFO      Poll OK — 2026-06-25T01:18:54.534046+00:00
2026-06-24T18:19:05  INFO      Poll OK — 2026-06-25T01:19:05.002062+00:00
2026-06-24T18:19:15  INFO      Poll OK — 2026-06-25T01:19:15.467758+00:00
2026-06-24T18:19:26  INFO      Poll OK — 2026-06-25T01:19:25.936115+00:00
2026-06-24T18:19:36  INFO      Poll OK — 2026-06-25T01:19:36.410177+00:00
2026-06-24T18:19:47  INFO      Poll OK — 2026-06-25T01:19:46.875194+00:00
2026-06-24T18:19:57  INFO      Poll OK — 2026-06-25T01:19:57.360399+00:00
2026-06-24T18:20:08  INFO      Poll OK — 2026-06-25T01:20:07.825650+00:00
2026-06-24T18:20:18  INFO      Poll OK — 2026-06-25T01:20:18.290837+00:00
2026-06-24T18:20:29  INFO      Poll OK — 2026-06-25T01:20:28.754964+00:00
2026-06-24T18:20:39  INFO      Poll OK — 2026-06-25T01:20:39.221324+00:00
2026-06-24T18:20:50  INFO      Poll OK — 2026-06-25T01:20:49.684767+00:00
2026-06-24T18:21:00  INFO      Poll OK — 2026-06-25T01:21:00.152808+00:00
2026-06-24T18:21:11  INFO      Poll OK — 2026-06-25T01:21:10.630620+00:00
2026-06-24T18:21:21  INFO      Poll OK — 2026-06-25T01:21:21.096579+00:00
2026-06-24T18:21:32  INFO      Poll OK — 2026-06-25T01:21:31.563117+00:00
2026-06-24T18:21:42  INFO      Poll OK — 2026-06-25T01:21:42.026150+00:00
2026-06-24T18:21:52  INFO      Poll OK — 2026-06-25T01:21:52.492926+00:00
2026-06-24T18:22:03  INFO      Poll OK — 2026-06-25T01:22:02.966565+00:00
2026-06-24T18:22:13  INFO      Poll OK — 2026-06-25T01:22:13.443381+00:00
2026-06-24T18:22:24  INFO      Poll OK — 2026-06-25T01:22:23.908059+00:00
2026-06-24T18:22:34  INFO      Poll OK — 2026-06-25T01:22:34.372333+00:00
2026-06-24T18:22:45  INFO      Poll OK — 2026-06-25T01:22:44.840418+00:00
2026-06-24T18:22:55  INFO      Poll OK — 2026-06-25T01:22:55.305914+00:00
2026-06-24T18:23:06  INFO      Poll OK — 2026-06-25T01:23:05.773671+00:00
2026-06-24T18:23:16  INFO      Poll OK — 2026-06-25T01:23:16.248505+00:00
2026-06-24T18:23:27  INFO      Poll OK — 2026-06-25T01:23:26.715023+00:00
2026-06-24T18:23:37  INFO      Poll OK — 2026-06-25T01:23:37.180043+00:00
2026-06-24T18:23:48  INFO      Poll OK — 2026-06-25T01:23:47.644104+00:00
2026-06-24T18:23:58  INFO      Poll OK — 2026-06-25T01:23:58.110426+00:00
2026-06-24T18:24:09  INFO      Poll OK — 2026-06-25T01:24:08.574576+00:00
2026-06-24T18:24:19  INFO      Poll OK — 2026-06-25T01:24:19.039613+00:00
2026-06-24T18:24:29  INFO      Poll OK — 2026-06-25T01:24:29.505101+00:00
2026-06-24T18:24:40  INFO      Poll OK — 2026-06-25T01:24:39.972233+00:00
2026-06-24T18:24:50  INFO      Poll OK — 2026-06-25T01:24:50.440254+00:00
2026-06-24T18:25:01  INFO      Poll OK — 2026-06-25T01:25:00.904984+00:00
2026-06-24T18:25:11  INFO      Poll OK — 2026-06-25T01:25:11.371079+00:00
2026-06-24T18:25:22  INFO      Poll OK — 2026-06-25T01:25:21.836252+00:00
2026-06-24T18:25:32  INFO      Poll OK — 2026-06-25T01:25:32.302358+00:00
2026-06-24T18:25:43  INFO      Poll OK — 2026-06-25T01:25:42.765138+00:00
2026-06-24T18:25:53  INFO      Poll OK — 2026-06-25T01:25:53.230290+00:00
2026-06-24T18:26:04  INFO      Poll OK — 2026-06-25T01:26:03.696655+00:00
2026-06-24T18:26:14  INFO      Poll OK — 2026-06-25T01:26:14.160734+00:00
2026-06-24T18:26:25  INFO      Poll OK — 2026-06-25T01:26:24.625984+00:00
2026-06-24T18:26:35  INFO      Poll OK — 2026-06-25T01:26:35.093035+00:00
2026-06-24T18:26:46  INFO      Poll OK — 2026-06-25T01:26:45.560428+00:00
2026-06-24T18:26:56  INFO      Poll OK — 2026-06-25T01:26:56.026752+00:00
2026-06-24T18:27:06  INFO      Poll OK — 2026-06-25T01:27:06.491382+00:00
2026-06-24T18:27:17  INFO      Poll OK — 2026-06-25T01:27:16.958184+00:00
2026-06-24T18:27:27  INFO      Poll OK — 2026-06-25T01:27:27.422599+00:00
2026-06-24T18:27:38  INFO      Poll OK — 2026-06-25T01:27:37.888552+00:00
2026-06-24T18:27:48  INFO      Poll OK — 2026-06-25T01:27:48.353157+00:00
2026-06-24T18:27:59  INFO      Poll OK — 2026-06-25T01:27:58.817088+00:00
2026-06-24T18:28:09  INFO      Poll OK — 2026-06-25T01:28:09.283552+00:00
2026-06-24T18:28:20  INFO      Poll OK — 2026-06-25T01:28:19.749713+00:00
2026-06-24T18:28:30  INFO      Poll OK — 2026-06-25T01:28:30.217156+00:00
2026-06-24T18:28:41  INFO      Poll OK — 2026-06-25T01:28:40.684381+00:00
2026-06-24T18:28:51  INFO      Poll OK — 2026-06-25T01:28:51.149291+00:00
2026-06-24T18:29:02  INFO      Poll OK — 2026-06-25T01:29:01.614768+00:00
2026-06-24T18:29:12  INFO      Poll OK — 2026-06-25T01:29:12.079191+00:00
2026-06-24T18:29:23  INFO      Poll OK — 2026-06-25T01:29:22.546382+00:00
2026-06-24T18:29:33  INFO      Poll OK — 2026-06-25T01:29:33.011079+00:00
2026-06-24T18:29:43  INFO      Poll OK — 2026-06-25T01:29:43.484667+00:00
2026-06-24T18:29:54  INFO      Poll OK — 2026-06-25T01:29:53.950190+00:00
2026-06-24T18:30:04  INFO      Poll OK — 2026-06-25T01:30:04.414169+00:00
2026-06-24T18:30:15  INFO      Poll OK — 2026-06-25T01:30:14.882400+00:00
2026-06-24T18:30:25  INFO      Poll OK — 2026-06-25T01:30:25.348678+00:00
2026-06-24T18:30:36  INFO      Poll OK — 2026-06-25T01:30:35.815886+00:00
2026-06-24T18:30:46  INFO      Poll OK — 2026-06-25T01:30:46.291986+00:00
2026-06-24T18:30:57  INFO      Poll OK — 2026-06-25T01:30:56.756270+00:00
2026-06-24T18:31:07  INFO      Poll OK — 2026-06-25T01:31:07.222728+00:00
2026-06-24T18:31:18  INFO      Poll OK — 2026-06-25T01:31:17.686622+00:00
2026-06-24T18:31:28  INFO      Poll OK — 2026-06-25T01:31:28.153136+00:00
2026-06-24T18:31:39  INFO      Poll OK — 2026-06-25T01:31:38.617317+00:00
2026-06-24T18:31:49  INFO      Poll OK — 2026-06-25T01:31:49.082696+00:00
2026-06-24T18:32:00  INFO      Poll OK — 2026-06-25T01:31:59.547878+00:00
2026-06-24T18:32:10  INFO      Poll OK — 2026-06-25T01:32:10.015133+00:00
2026-06-24T18:32:20  INFO      Poll OK — 2026-06-25T01:32:20.483107+00:00
2026-06-24T18:32:31  INFO      Poll OK — 2026-06-25T01:32:30.948450+00:00
2026-06-24T18:32:41  INFO      Poll OK — 2026-06-25T01:32:41.413714+00:00
2026-06-24T18:32:52  INFO      Poll OK — 2026-06-25T01:32:51.878484+00:00
2026-06-24T18:33:02  INFO      Poll OK — 2026-06-25T01:33:02.343214+00:00
2026-06-24T18:33:13  INFO      Poll OK — 2026-06-25T01:33:12.808889+00:00
2026-06-24T18:33:23  INFO      Poll OK — 2026-06-25T01:33:23.282424+00:00
2026-06-24T18:33:34  INFO      Poll OK — 2026-06-25T01:33:33.748886+00:00
2026-06-24T18:33:44  INFO      Poll OK — 2026-06-25T01:33:44.213106+00:00
2026-06-24T18:33:55  INFO      Poll OK — 2026-06-25T01:33:54.679316+00:00
2026-06-24T18:34:05  INFO      Poll OK — 2026-06-25T01:34:05.145593+00:00
2026-06-24T18:34:16  INFO      Poll OK — 2026-06-25T01:34:15.611516+00:00
2026-06-24T18:34:26  INFO      Poll OK — 2026-06-25T01:34:26.078610+00:00
2026-06-24T18:34:37  INFO      Poll OK — 2026-06-25T01:34:36.543438+00:00
2026-06-24T18:34:47  INFO      Poll OK — 2026-06-25T01:34:47.008195+00:00
2026-06-24T18:34:57  INFO      Poll OK — 2026-06-25T01:34:57.472876+00:00
2026-06-24T18:35:08  INFO      Poll OK — 2026-06-25T01:35:07.937000+00:00
2026-06-24T18:35:18  INFO      Poll OK — 2026-06-25T01:35:18.411415+00:00
2026-06-24T18:35:29  INFO      Poll OK — 2026-06-25T01:35:28.877462+00:00
2026-06-24T18:35:39  INFO      Poll OK — 2026-06-25T01:35:39.343586+00:00
2026-06-24T18:35:50  INFO      Poll OK — 2026-06-25T01:35:49.809030+00:00
2026-06-24T18:36:00  INFO      Poll OK — 2026-06-25T01:36:00.276084+00:00
2026-06-24T18:36:11  INFO      Poll OK — 2026-06-25T01:36:10.752543+00:00
2026-06-24T18:36:21  INFO      Poll OK — 2026-06-25T01:36:21.217717+00:00
2026-06-24T18:36:32  INFO      Poll OK — 2026-06-25T01:36:31.683970+00:00
2026-06-24T18:36:42  INFO      Poll OK — 2026-06-25T01:36:42.147053+00:00
2026-06-24T18:36:53  INFO      Poll OK — 2026-06-25T01:36:52.613414+00:00
2026-06-24T18:37:03  INFO      Poll OK — 2026-06-25T01:37:03.077791+00:00
2026-06-24T18:37:14  INFO      Poll OK — 2026-06-25T01:37:13.541808+00:00
2026-06-24T18:37:24  INFO      Poll OK — 2026-06-25T01:37:24.007883+00:00
2026-06-24T18:37:34  INFO      Poll OK — 2026-06-25T01:37:34.472518+00:00
2026-06-24T18:37:45  INFO      Poll OK — 2026-06-25T01:37:44.940520+00:00
2026-06-24T18:37:55  INFO      Poll OK — 2026-06-25T01:37:55.406099+00:00
2026-06-24T18:38:06  INFO      Poll OK — 2026-06-25T01:38:05.873109+00:00
2026-06-24T18:38:16  INFO      Poll OK — 2026-06-25T01:38:16.347100+00:00
2026-06-24T18:38:27  INFO      Poll OK — 2026-06-25T01:38:26.812568+00:00
2026-06-24T18:38:37  INFO      Poll OK — 2026-06-25T01:38:37.278281+00:00
2026-06-24T18:38:48  INFO      Poll OK — 2026-06-25T01:38:47.742207+00:00
2026-06-24T18:38:58  INFO      Poll OK — 2026-06-25T01:38:58.207330+00:00
2026-06-24T18:39:09  INFO      Poll OK — 2026-06-25T01:39:08.671631+00:00
2026-06-24T18:39:19  INFO      Poll OK — 2026-06-25T01:39:19.136967+00:00
2026-06-24T18:39:30  INFO      Poll OK — 2026-06-25T01:39:29.602282+00:00
2026-06-24T18:39:40  INFO      Poll OK — 2026-06-25T01:39:40.079181+00:00
2026-06-24T18:39:51  INFO      Poll OK — 2026-06-25T01:39:50.547515+00:00
2026-06-24T18:40:01  INFO      Poll OK — 2026-06-25T01:40:01.011967+00:00
2026-06-24T18:40:11  INFO      Poll OK — 2026-06-25T01:40:11.478162+00:00
2026-06-24T18:40:22  INFO      Poll OK — 2026-06-25T01:40:21.944360+00:00
2026-06-24T18:40:32  INFO      Poll OK — 2026-06-25T01:40:32.407571+00:00
2026-06-24T18:40:43  INFO      Poll OK — 2026-06-25T01:40:42.872982+00:00
2026-06-24T18:40:53  INFO      Poll OK — 2026-06-25T01:40:53.336049+00:00
2026-06-24T18:41:04  INFO      Poll OK — 2026-06-25T01:41:03.802895+00:00
2026-06-24T18:41:14  INFO      Poll OK — 2026-06-25T01:41:14.266700+00:00
2026-06-24T18:41:25  INFO      Poll OK — 2026-06-25T01:41:24.732497+00:00
2026-06-24T18:41:35  INFO      Poll OK — 2026-06-25T01:41:35.200078+00:00
2026-06-24T18:41:46  INFO      Poll OK — 2026-06-25T01:41:45.666690+00:00
2026-06-24T18:41:56  INFO      Poll OK — 2026-06-25T01:41:56.132332+00:00
2026-06-24T18:42:07  INFO      Poll OK — 2026-06-25T01:42:06.596681+00:00
2026-06-24T18:42:17  INFO      Poll OK — 2026-06-25T01:42:17.072015+00:00
2026-06-24T18:42:28  INFO      Poll OK — 2026-06-25T01:42:27.537218+00:00
2026-06-24T18:42:38  INFO      Poll OK — 2026-06-25T01:42:38.001257+00:00
2026-06-24T18:42:48  INFO      Poll OK — 2026-06-25T01:42:48.467005+00:00
2026-06-24T18:42:59  INFO      Poll OK — 2026-06-25T01:42:58.930868+00:00
2026-06-24T18:43:09  INFO      Poll OK — 2026-06-25T01:43:09.397242+00:00
2026-06-24T18:43:20  INFO      Poll OK — 2026-06-25T01:43:19.862574+00:00
2026-06-24T18:43:30  INFO      Poll OK — 2026-06-25T01:43:30.330811+00:00
2026-06-24T18:43:41  INFO      Poll OK — 2026-06-25T01:43:40.798136+00:00
2026-06-24T18:43:51  INFO      Poll OK — 2026-06-25T01:43:51.271198+00:00
2026-06-24T18:44:02  INFO      Poll OK — 2026-06-25T01:44:01.737242+00:00
2026-06-24T18:44:12  INFO      Poll OK — 2026-06-25T01:44:12.200752+00:00
2026-06-24T18:44:23  INFO      Poll OK — 2026-06-25T01:44:22.666767+00:00
2026-06-24T18:44:33  INFO      Poll OK — 2026-06-25T01:44:33.131068+00:00
2026-06-24T18:44:44  INFO      Poll OK — 2026-06-25T01:44:43.596419+00:00
2026-06-24T18:44:54  INFO      Poll OK — 2026-06-25T01:44:54.060700+00:00
2026-06-24T18:45:04  INFO      Poll OK — 2026-06-25T01:45:04.525106+00:00
2026-06-24T18:45:15  INFO      Poll OK — 2026-06-25T01:45:14.994664+00:00
2026-06-24T18:45:25  INFO      Poll OK — 2026-06-25T01:45:25.459450+00:00
2026-06-24T18:45:36  INFO      Poll OK — 2026-06-25T01:45:35.926045+00:00
2026-06-24T18:45:46  INFO      Poll OK — 2026-06-25T01:45:46.391905+00:00
2026-06-24T18:45:57  INFO      Poll OK — 2026-06-25T01:45:56.856331+00:00
2026-06-24T18:46:07  INFO      Poll OK — 2026-06-25T01:46:07.331788+00:00
2026-06-24T18:46:18  INFO      Poll OK — 2026-06-25T01:46:17.795943+00:00
2026-06-24T18:46:28  INFO      Poll OK — 2026-06-25T01:46:28.260950+00:00
2026-06-24T18:46:39  INFO      Poll OK — 2026-06-25T01:46:38.726308+00:00
2026-06-24T18:46:49  INFO      Poll OK — 2026-06-25T01:46:49.190531+00:00
2026-06-24T18:47:00  INFO      Poll OK — 2026-06-25T01:46:59.656792+00:00
2026-06-24T18:47:10  INFO      Poll OK — 2026-06-25T01:47:10.133571+00:00
2026-06-24T18:47:21  INFO      Poll OK — 2026-06-25T01:47:20.601249+00:00
2026-06-24T18:47:31  INFO      Poll OK — 2026-06-25T01:47:31.065426+00:00
2026-06-24T18:47:41  INFO      Poll OK — 2026-06-25T01:47:41.531717+00:00
2026-06-24T18:47:52  INFO      Poll OK — 2026-06-25T01:47:51.995669+00:00
2026-06-24T18:48:02  INFO      Poll OK — 2026-06-25T01:48:02.461195+00:00
2026-06-24T18:48:13  INFO      Poll OK — 2026-06-25T01:48:12.926388+00:00
2026-06-24T18:48:23  INFO      Poll OK — 2026-06-25T01:48:23.389906+00:00
2026-06-24T18:48:34  INFO      Poll OK — 2026-06-25T01:48:33.857703+00:00
2026-06-24T18:48:44  INFO      Poll OK — 2026-06-25T01:48:44.321442+00:00
2026-06-24T18:48:55  INFO      Poll OK — 2026-06-25T01:48:54.787300+00:00
2026-06-24T18:49:05  INFO      Poll OK — 2026-06-25T01:49:05.254688+00:00
2026-06-24T18:49:16  INFO      Poll OK — 2026-06-25T01:49:15.720028+00:00
2026-06-24T18:49:26  INFO      Poll OK — 2026-06-25T01:49:26.187059+00:00
2026-06-24T18:49:37  INFO      Poll OK — 2026-06-25T01:49:36.651576+00:00
2026-06-24T18:49:47  INFO      Poll OK — 2026-06-25T01:49:47.116651+00:00
2026-06-24T18:49:58  INFO      Poll OK — 2026-06-25T01:49:57.582246+00:00
2026-06-24T18:50:08  INFO      Poll OK — 2026-06-25T01:50:08.046218+00:00
2026-06-24T18:50:18  INFO      Poll OK — 2026-06-25T01:50:18.510826+00:00
2026-06-24T18:50:29  INFO      Poll OK — 2026-06-25T01:50:28.975822+00:00
2026-06-24T18:50:39  INFO      Poll OK — 2026-06-25T01:50:39.453273+00:00
2026-06-24T18:50:50  INFO      Poll OK — 2026-06-25T01:50:49.919383+00:00
2026-06-24T18:51:00  INFO      Poll OK — 2026-06-25T01:51:00.396602+00:00
2026-06-24T18:51:11  INFO      Poll OK — 2026-06-25T01:51:10.862889+00:00
2026-06-24T18:51:21  INFO      Poll OK — 2026-06-25T01:51:21.326957+00:00
2026-06-24T18:51:32  INFO      Poll OK — 2026-06-25T01:51:31.792006+00:00
2026-06-24T18:51:42  INFO      Poll OK — 2026-06-25T01:51:42.257692+00:00
2026-06-24T18:51:53  INFO      Poll OK — 2026-06-25T01:51:52.722749+00:00
2026-06-24T18:52:03  INFO      Poll OK — 2026-06-25T01:52:03.187015+00:00
2026-06-24T18:52:14  INFO      Poll OK — 2026-06-25T01:52:13.652010+00:00
2026-06-24T18:52:24  INFO      Poll OK — 2026-06-25T01:52:24.117348+00:00
2026-06-24T18:52:35  INFO      Poll OK — 2026-06-25T01:52:34.581699+00:00
2026-06-24T18:52:45  INFO      Poll OK — 2026-06-25T01:52:45.050898+00:00
2026-06-24T18:52:55  INFO      Poll OK — 2026-06-25T01:52:55.517263+00:00
2026-06-24T18:53:06  INFO      Poll OK — 2026-06-25T01:53:05.982637+00:00
2026-06-24T18:53:16  INFO      Poll OK — 2026-06-25T01:53:16.448690+00:00
2026-06-24T18:53:27  INFO      Poll OK — 2026-06-25T01:53:26.913022+00:00
2026-06-24T18:53:37  INFO      Poll OK — 2026-06-25T01:53:37.378563+00:00
2026-06-24T18:53:48  INFO      Poll OK — 2026-06-25T01:53:47.843637+00:00
2026-06-24T18:53:58  INFO      Poll OK — 2026-06-25T01:53:58.310048+00:00
2026-06-24T18:54:09  INFO      Poll OK — 2026-06-25T01:54:08.774056+00:00
2026-06-24T18:54:19  INFO      Poll OK — 2026-06-25T01:54:19.238645+00:00
2026-06-24T18:54:30  INFO      Poll OK — 2026-06-25T01:54:29.706139+00:00
2026-06-24T18:54:40  INFO      Poll OK — 2026-06-25T01:54:40.172675+00:00
2026-06-24T18:54:51  INFO      Poll OK — 2026-06-25T01:54:50.641167+00:00
2026-06-24T18:55:01  INFO      Poll OK — 2026-06-25T01:55:01.105309+00:00
2026-06-24T18:55:12  INFO      Poll OK — 2026-06-25T01:55:11.570496+00:00
2026-06-24T18:55:22  INFO      Poll OK — 2026-06-25T01:55:22.034673+00:00
2026-06-24T18:55:32  INFO      Poll OK — 2026-06-25T01:55:32.499716+00:00
2026-06-24T18:55:43  INFO      Poll OK — 2026-06-25T01:55:42.965616+00:00
2026-06-24T18:55:53  INFO      Poll OK — 2026-06-25T01:55:53.429813+00:00
2026-06-24T18:56:04  INFO      Poll OK — 2026-06-25T01:56:03.896005+00:00
2026-06-24T18:56:14  INFO      Poll OK — 2026-06-25T01:56:14.360226+00:00
2026-06-24T18:56:25  INFO      Poll OK — 2026-06-25T01:56:24.827536+00:00
2026-06-24T18:56:35  INFO      Poll OK — 2026-06-25T01:56:35.294032+00:00
2026-06-24T18:56:46  INFO      Poll OK — 2026-06-25T01:56:45.760303+00:00
2026-06-24T18:56:56  INFO      Poll OK — 2026-06-25T01:56:56.227243+00:00
2026-06-24T18:57:07  INFO      Poll OK — 2026-06-25T01:57:06.690283+00:00
2026-06-24T18:57:17  INFO      Poll OK — 2026-06-25T01:57:17.156387+00:00
2026-06-24T18:57:28  INFO      Poll OK — 2026-06-25T01:57:27.620995+00:00
2026-06-24T18:57:38  INFO      Poll OK — 2026-06-25T01:57:38.085153+00:00
2026-06-24T18:57:49  INFO      Poll OK — 2026-06-25T01:57:48.562416+00:00
2026-06-24T18:57:59  INFO      Poll OK — 2026-06-25T01:57:59.025195+00:00
2026-06-24T18:58:09  INFO      Poll OK — 2026-06-25T01:58:09.492559+00:00
2026-06-24T18:58:20  INFO      Poll OK — 2026-06-25T01:58:19.957881+00:00
2026-06-24T18:58:30  INFO      Poll OK — 2026-06-25T01:58:30.425304+00:00
2026-06-24T18:58:41  INFO      Poll OK — 2026-06-25T01:58:40.891693+00:00
2026-06-24T18:58:51  INFO      Poll OK — 2026-06-25T01:58:51.356813+00:00
2026-06-24T18:59:02  INFO      Poll OK — 2026-06-25T01:59:01.822327+00:00
2026-06-24T18:59:12  INFO      Poll OK — 2026-06-25T01:59:12.286509+00:00
2026-06-24T18:59:23  INFO      Poll OK — 2026-06-25T01:59:22.752748+00:00
2026-06-24T18:59:33  INFO      Poll OK — 2026-06-25T01:59:33.217068+00:00
2026-06-24T18:59:44  INFO      Poll OK — 2026-06-25T01:59:43.690958+00:00
2026-06-24T18:59:54  INFO      Poll OK — 2026-06-25T01:59:54.158409+00:00
2026-06-24T19:00:05  INFO      Poll OK — 2026-06-25T02:00:04.622691+00:00
2026-06-24T19:00:15  INFO      Poll OK — 2026-06-25T02:00:15.089897+00:00
2026-06-24T19:00:26  INFO      Poll OK — 2026-06-25T02:00:25.556310+00:00
2026-06-24T19:00:36  INFO      Poll OK — 2026-06-25T02:00:36.031878+00:00
2026-06-24T19:00:46  INFO      Poll OK — 2026-06-25T02:00:46.497011+00:00
2026-06-24T19:00:57  INFO      Poll OK — 2026-06-25T02:00:56.962102+00:00
2026-06-24T19:01:07  INFO      Poll OK — 2026-06-25T02:01:07.427205+00:00
2026-06-24T19:01:18  INFO      Poll OK — 2026-06-25T02:01:17.901833+00:00
2026-06-24T19:01:28  INFO      Poll OK — 2026-06-25T02:01:28.377813+00:00
2026-06-24T19:01:39  INFO      Poll OK — 2026-06-25T02:01:38.841889+00:00
2026-06-24T19:01:49  INFO      Poll OK — 2026-06-25T02:01:49.317303+00:00
2026-06-24T19:02:00  INFO      Poll OK — 2026-06-25T02:01:59.784622+00:00
2026-06-24T19:02:10  INFO      Poll OK — 2026-06-25T02:02:10.260930+00:00
2026-06-24T19:02:21  INFO      Poll OK — 2026-06-25T02:02:20.729446+00:00
2026-06-24T19:02:31  INFO      Poll OK — 2026-06-25T02:02:31.192002+00:00
2026-06-24T19:02:42  INFO      Poll OK — 2026-06-25T02:02:41.658509+00:00
2026-06-24T19:02:52  INFO      Poll OK — 2026-06-25T02:02:52.123725+00:00
2026-06-24T19:03:03  INFO      Poll OK — 2026-06-25T02:03:02.587941+00:00
2026-06-24T19:03:13  INFO      Poll OK — 2026-06-25T02:03:13.054254+00:00
2026-06-24T19:03:23  INFO      Poll OK — 2026-06-25T02:03:23.518400+00:00
2026-06-24T19:03:34  INFO      Poll OK — 2026-06-25T02:03:33.984745+00:00
2026-06-24T19:03:44  INFO      Poll OK — 2026-06-25T02:03:44.448762+00:00
2026-06-24T19:03:55  INFO      Poll OK — 2026-06-25T02:03:54.916778+00:00
2026-06-24T19:04:05  INFO      Poll OK — 2026-06-25T02:04:05.384217+00:00
2026-06-24T19:04:16  INFO      Poll OK — 2026-06-25T02:04:15.849212+00:00
2026-06-24T19:04:26  INFO      Poll OK — 2026-06-25T02:04:26.315750+00:00
2026-06-24T19:04:37  INFO      Poll OK — 2026-06-25T02:04:36.779850+00:00
2026-06-24T19:04:47  INFO      Poll OK — 2026-06-25T02:04:47.246694+00:00
2026-06-24T19:04:58  INFO      Poll OK — 2026-06-25T02:04:57.710844+00:00
2026-06-24T19:05:08  INFO      Poll OK — 2026-06-25T02:05:08.175156+00:00
2026-06-24T19:05:19  INFO      Poll OK — 2026-06-25T02:05:18.640334+00:00
2026-06-24T19:05:29  INFO      Poll OK — 2026-06-25T02:05:29.103783+00:00
2026-06-24T19:05:40  INFO      Poll OK — 2026-06-25T02:05:39.571148+00:00
2026-06-24T19:05:50  INFO      Poll OK — 2026-06-25T02:05:50.038758+00:00
2026-06-24T19:06:00  INFO      Poll OK — 2026-06-25T02:06:00.505682+00:00
2026-06-24T19:06:11  INFO      Poll OK — 2026-06-25T02:06:10.981548+00:00
2026-06-24T19:06:21  INFO      Poll OK — 2026-06-25T02:06:21.445208+00:00
2026-06-24T19:06:32  INFO      Poll OK — 2026-06-25T02:06:31.910640+00:00
2026-06-24T19:06:42  INFO      Poll OK — 2026-06-25T02:06:42.374807+00:00
2026-06-24T19:06:53  INFO      Poll OK — 2026-06-25T02:06:52.841048+00:00
2026-06-24T19:07:03  INFO      Poll OK — 2026-06-25T02:07:03.305414+00:00
2026-06-24T19:07:14  INFO      Poll OK — 2026-06-25T02:07:13.770335+00:00
2026-06-24T19:07:24  INFO      Poll OK — 2026-06-25T02:07:24.235639+00:00
2026-06-24T19:07:35  INFO      Poll OK — 2026-06-25T02:07:34.700722+00:00
2026-06-24T19:07:45  INFO      Poll OK — 2026-06-25T02:07:45.169087+00:00
2026-06-24T19:07:56  INFO      Poll OK — 2026-06-25T02:07:55.635514+00:00
2026-06-24T19:08:06  INFO      Poll OK — 2026-06-25T02:08:06.109777+00:00
2026-06-24T19:08:17  INFO      Poll OK — 2026-06-25T02:08:16.574790+00:00
2026-06-24T19:08:27  INFO      Poll OK — 2026-06-25T02:08:27.049550+00:00
2026-06-24T19:08:37  INFO      Poll OK — 2026-06-25T02:08:37.514894+00:00
2026-06-24T19:08:48  INFO      Poll OK — 2026-06-25T02:08:47.978065+00:00
2026-06-24T19:08:58  INFO      Poll OK — 2026-06-25T02:08:58.445251+00:00
2026-06-24T19:09:09  INFO      Poll OK — 2026-06-25T02:09:08.909681+00:00
2026-06-24T19:09:19  INFO      Poll OK — 2026-06-25T02:09:19.373841+00:00
2026-06-24T19:09:30  INFO      Poll OK — 2026-06-25T02:09:29.840019+00:00
2026-06-24T19:09:40  INFO      Poll OK — 2026-06-25T02:09:40.306080+00:00
2026-06-24T19:09:51  INFO      Poll OK — 2026-06-25T02:09:50.774551+00:00
2026-06-24T19:10:01  INFO      Poll OK — 2026-06-25T02:10:01.238629+00:00
2026-06-24T19:10:12  INFO      Poll OK — 2026-06-25T02:10:11.703840+00:00
2026-06-24T19:10:22  INFO      Poll OK — 2026-06-25T02:10:22.178650+00:00
2026-06-24T19:10:33  INFO      Poll OK — 2026-06-25T02:10:32.642063+00:00
2026-06-24T19:10:43  INFO      Poll OK — 2026-06-25T02:10:43.108105+00:00
2026-06-24T19:10:54  INFO      Poll OK — 2026-06-25T02:10:53.572403+00:00
2026-06-24T19:11:04  INFO      Poll OK — 2026-06-25T02:11:04.038616+00:00
2026-06-24T19:11:14  INFO      Poll OK — 2026-06-25T02:11:14.502680+00:00
2026-06-24T19:11:25  INFO      Poll OK — 2026-06-25T02:11:24.971421+00:00
2026-06-24T19:11:35  INFO      Poll OK — 2026-06-25T02:11:35.438590+00:00
2026-06-24T19:11:46  INFO      Poll OK — 2026-06-25T02:11:45.903324+00:00
2026-06-24T19:11:56  INFO      Poll OK — 2026-06-25T02:11:56.380814+00:00
2026-06-24T19:12:07  INFO      Poll OK — 2026-06-25T02:12:06.844054+00:00
2026-06-24T19:12:17  INFO      Poll OK — 2026-06-25T02:12:17.310311+00:00
2026-06-24T19:12:28  INFO      Poll OK — 2026-06-25T02:12:27.774265+00:00
2026-06-24T19:12:38  INFO      Poll OK — 2026-06-25T02:12:38.238755+00:00
2026-06-24T19:12:49  INFO      Poll OK — 2026-06-25T02:12:48.703671+00:00
2026-06-24T19:12:59  INFO      Poll OK — 2026-06-25T02:12:59.168047+00:00
2026-06-24T19:13:10  INFO      Poll OK — 2026-06-25T02:13:09.635994+00:00
2026-06-24T19:13:20  INFO      Poll OK — 2026-06-25T02:13:20.101306+00:00
2026-06-24T19:13:31  INFO      Poll OK — 2026-06-25T02:13:30.568434+00:00
2026-06-24T19:13:41  INFO      Poll OK — 2026-06-25T02:13:41.032983+00:00
2026-06-24T19:13:51  INFO      Poll OK — 2026-06-25T02:13:51.497032+00:00
2026-06-24T19:14:02  INFO      Poll OK — 2026-06-25T02:14:01.963485+00:00
2026-06-24T19:14:12  INFO      Poll OK — 2026-06-25T02:14:12.426674+00:00
2026-06-24T19:14:23  INFO      Poll OK — 2026-06-25T02:14:22.891650+00:00
2026-06-24T19:14:33  INFO      Poll OK — 2026-06-25T02:14:33.355949+00:00
2026-06-24T19:14:44  INFO      Poll OK — 2026-06-25T02:14:43.820169+00:00
2026-06-24T19:14:54  INFO      Poll OK — 2026-06-25T02:14:54.285566+00:00
2026-06-24T19:15:05  INFO      Poll OK — 2026-06-25T02:15:04.751527+00:00
2026-06-24T19:15:15  INFO      Poll OK — 2026-06-25T02:15:15.219781+00:00
2026-06-24T19:15:26  INFO      Poll OK — 2026-06-25T02:15:25.684184+00:00
2026-06-24T19:15:36  INFO      Poll OK — 2026-06-25T02:15:36.150428+00:00
2026-06-24T19:15:47  INFO      Poll OK — 2026-06-25T02:15:46.615064+00:00
2026-06-24T19:15:57  INFO      Poll OK — 2026-06-25T02:15:57.078983+00:00
2026-06-24T19:16:08  INFO      Poll OK — 2026-06-25T02:16:07.544163+00:00
2026-06-24T19:16:18  INFO      Poll OK — 2026-06-25T02:16:18.009106+00:00
2026-06-24T19:16:28  INFO      Poll OK — 2026-06-25T02:16:28.473317+00:00
2026-06-24T19:16:39  INFO      Poll OK — 2026-06-25T02:16:38.936531+00:00
2026-06-24T19:16:49  INFO      Poll OK — 2026-06-25T02:16:49.401932+00:00
2026-06-24T19:17:00  INFO      Poll OK — 2026-06-25T02:16:59.869163+00:00
2026-06-24T19:17:10  INFO      Poll OK — 2026-06-25T02:17:10.335445+00:00
2026-06-24T19:17:21  INFO      Poll OK — 2026-06-25T02:17:20.802461+00:00
2026-06-24T19:17:31  INFO      Poll OK — 2026-06-25T02:17:31.266029+00:00
2026-06-24T19:17:42  INFO      Poll OK — 2026-06-25T02:17:41.730789+00:00
2026-06-24T19:17:52  INFO      Poll OK — 2026-06-25T02:17:52.195121+00:00
2026-06-24T19:18:03  INFO      Poll OK — 2026-06-25T02:18:02.659195+00:00
2026-06-24T19:18:13  INFO      Poll OK — 2026-06-25T02:18:13.123874+00:00
2026-06-24T19:18:24  INFO      Poll OK — 2026-06-25T02:18:23.587853+00:00
2026-06-24T19:18:34  INFO      Poll OK — 2026-06-25T02:18:34.054159+00:00
2026-06-24T19:18:44  INFO      Poll OK — 2026-06-25T02:18:44.518361+00:00
2026-06-24T19:18:55  INFO      Poll OK — 2026-06-25T02:18:54.984533+00:00
2026-06-24T19:19:05  INFO      Poll OK — 2026-06-25T02:19:05.453084+00:00
2026-06-24T19:19:16  INFO      Poll OK — 2026-06-25T02:19:15.918175+00:00
2026-06-24T19:19:26  INFO      Poll OK — 2026-06-25T02:19:26.383145+00:00
2026-06-24T19:19:37  INFO      Poll OK — 2026-06-25T02:19:36.846562+00:00
2026-06-24T19:19:47  INFO      Poll OK — 2026-06-25T02:19:47.311630+00:00
2026-06-24T19:19:58  INFO      Poll OK — 2026-06-25T02:19:57.775851+00:00
2026-06-24T19:20:08  INFO      Poll OK — 2026-06-25T02:20:08.241260+00:00
2026-06-24T19:20:19  INFO      Poll OK — 2026-06-25T02:20:18.705574+00:00
2026-06-24T19:20:29  INFO      Poll OK — 2026-06-25T02:20:29.168051+00:00
2026-06-24T19:20:40  INFO      Poll OK — 2026-06-25T02:20:39.636912+00:00
2026-06-24T19:20:50  INFO      Poll OK — 2026-06-25T02:20:50.101901+00:00
2026-06-24T19:21:01  INFO      Poll OK — 2026-06-25T02:21:00.569302+00:00
2026-06-24T19:21:11  INFO      Poll OK — 2026-06-25T02:21:11.044404+00:00
2026-06-24T19:21:21  INFO      Poll OK — 2026-06-25T02:21:21.508062+00:00
2026-06-24T19:21:32  INFO      Poll OK — 2026-06-25T02:21:31.974096+00:00
2026-06-24T19:21:42  INFO      Poll OK — 2026-06-25T02:21:42.437145+00:00
2026-06-24T19:21:53  INFO      Poll OK — 2026-06-25T02:21:52.902392+00:00
2026-06-24T19:22:03  INFO      Poll OK — 2026-06-25T02:22:03.366710+00:00
2026-06-24T19:22:14  INFO      Poll OK — 2026-06-25T02:22:13.831827+00:00
2026-06-24T19:22:24  INFO      Poll OK — 2026-06-25T02:22:24.296045+00:00
2026-06-24T19:22:35  INFO      Poll OK — 2026-06-25T02:22:34.761910+00:00
2026-06-24T19:22:45  INFO      Poll OK — 2026-06-25T02:22:45.230772+00:00
2026-06-24T19:22:56  INFO      Poll OK — 2026-06-25T02:22:55.695778+00:00
2026-06-24T19:23:06  INFO      Poll OK — 2026-06-25T02:23:06.161157+00:00
2026-06-24T19:23:17  INFO      Poll OK — 2026-06-25T02:23:16.625447+00:00
2026-06-24T19:23:27  INFO      Poll OK — 2026-06-25T02:23:27.089837+00:00
2026-06-24T19:23:38  INFO      Poll OK — 2026-06-25T02:23:37.565015+00:00
2026-06-24T19:23:48  INFO      Poll OK — 2026-06-25T02:23:48.038716+00:00
2026-06-24T19:23:58  INFO      Poll OK — 2026-06-25T02:23:58.504277+00:00
2026-06-24T19:24:09  INFO      Poll OK — 2026-06-25T02:24:08.969482+00:00
2026-06-24T19:24:19  INFO      Poll OK — 2026-06-25T02:24:19.432649+00:00
2026-06-24T19:24:30  INFO      Poll OK — 2026-06-25T02:24:29.900693+00:00
2026-06-24T19:24:40  INFO      Poll OK — 2026-06-25T02:24:40.366969+00:00
2026-06-24T19:24:51  INFO      Poll OK — 2026-06-25T02:24:50.834399+00:00
2026-06-24T19:25:01  INFO      Poll OK — 2026-06-25T02:25:01.307668+00:00
2026-06-24T19:25:12  INFO      Poll OK — 2026-06-25T02:25:11.772942+00:00
2026-06-24T19:25:22  INFO      Poll OK — 2026-06-25T02:25:22.237150+00:00
2026-06-24T19:25:33  INFO      Poll OK — 2026-06-25T02:25:32.701271+00:00
2026-06-24T19:25:43  INFO      Poll OK — 2026-06-25T02:25:43.166698+00:00
2026-06-24T19:25:54  INFO      Poll OK — 2026-06-25T02:25:53.629611+00:00
2026-06-24T19:26:04  INFO      Poll OK — 2026-06-25T02:26:04.106149+00:00
2026-06-24T19:26:15  INFO      Poll OK — 2026-06-25T02:26:14.571887+00:00
2026-06-24T19:26:25  INFO      Poll OK — 2026-06-25T02:26:25.037218+00:00
2026-06-24T19:26:35  INFO      Poll OK — 2026-06-25T02:26:35.504246+00:00
2026-06-24T19:26:46  INFO      Poll OK — 2026-06-25T02:26:45.969386+00:00
2026-06-24T19:26:56  INFO      Poll OK — 2026-06-25T02:26:56.435021+00:00
2026-06-24T19:27:07  INFO      Poll OK — 2026-06-25T02:27:06.908271+00:00
2026-06-24T19:27:17  INFO      Poll OK — 2026-06-25T02:27:17.374701+00:00
2026-06-24T19:27:28  INFO      Poll OK — 2026-06-25T02:27:27.838768+00:00
2026-06-24T19:27:38  INFO      Poll OK — 2026-06-25T02:27:38.302933+00:00
2026-06-24T19:27:49  INFO      Poll OK — 2026-06-25T02:27:48.767219+00:00
2026-06-24T19:27:59  INFO      Poll OK — 2026-06-25T02:27:59.232228+00:00
2026-06-24T19:28:10  INFO      Poll OK — 2026-06-25T02:28:09.698801+00:00
2026-06-24T19:28:20  INFO      Poll OK — 2026-06-25T02:28:20.165203+00:00
2026-06-24T19:28:31  INFO      Poll OK — 2026-06-25T02:28:30.632344+00:00
2026-06-24T19:28:41  INFO      Poll OK — 2026-06-25T02:28:41.096476+00:00
2026-06-24T19:28:52  INFO      Poll OK — 2026-06-25T02:28:51.560525+00:00
2026-06-24T19:29:02  INFO      Poll OK — 2026-06-25T02:29:02.025775+00:00
2026-06-24T19:29:12  INFO      Poll OK — 2026-06-25T02:29:12.490305+00:00
2026-06-24T19:29:23  INFO      Poll OK — 2026-06-25T02:29:22.955615+00:00
2026-06-24T19:29:33  INFO      Poll OK — 2026-06-25T02:29:33.419762+00:00
2026-06-24T19:29:44  INFO      Poll OK — 2026-06-25T02:29:43.884207+00:00
2026-06-24T19:29:54  INFO      Poll OK — 2026-06-25T02:29:54.349110+00:00
2026-06-24T19:30:05  INFO      Poll OK — 2026-06-25T02:30:04.815594+00:00
2026-06-24T19:30:15  INFO      Poll OK — 2026-06-25T02:30:15.285043+00:00
2026-06-24T19:30:26  INFO      Poll OK — 2026-06-25T02:30:25.748244+00:00
2026-06-24T19:30:36  INFO      Poll OK — 2026-06-25T02:30:36.214107+00:00
2026-06-24T19:30:47  INFO      Poll OK — 2026-06-25T02:30:46.678652+00:00
2026-06-24T19:30:57  INFO      Poll OK — 2026-06-25T02:30:57.141677+00:00
2026-06-24T19:31:08  INFO      Poll OK — 2026-06-25T02:31:07.607772+00:00
2026-06-24T19:31:18  INFO      Poll OK — 2026-06-25T02:31:18.070984+00:00
2026-06-24T19:31:28  INFO      Poll OK — 2026-06-25T02:31:28.537352+00:00
2026-06-24T19:31:39  INFO      Poll OK — 2026-06-25T02:31:39.000320+00:00
2026-06-24T19:31:49  INFO      Poll OK — 2026-06-25T02:31:49.465451+00:00
2026-06-24T19:32:00  INFO      Poll OK — 2026-06-25T02:31:59.932787+00:00
2026-06-24T19:32:10  INFO      Poll OK — 2026-06-25T02:32:10.398572+00:00
2026-06-24T19:32:21  INFO      Poll OK — 2026-06-25T02:32:20.867780+00:00
2026-06-24T19:32:31  INFO      Poll OK — 2026-06-25T02:32:31.329788+00:00
2026-06-24T19:32:42  INFO      Poll OK — 2026-06-25T02:32:41.795390+00:00
2026-06-24T19:32:52  INFO      Poll OK — 2026-06-25T02:32:52.259692+00:00
2026-06-24T19:33:03  INFO      Poll OK — 2026-06-25T02:33:02.723491+00:00
2026-06-24T19:33:13  INFO      Poll OK — 2026-06-25T02:33:13.188775+00:00
2026-06-24T19:33:24  INFO      Poll OK — 2026-06-25T02:33:23.662888+00:00
2026-06-24T19:33:34  INFO      Poll OK — 2026-06-25T02:33:34.127322+00:00
2026-06-24T19:33:45  INFO      Poll OK — 2026-06-25T02:33:44.593215+00:00
2026-06-24T19:33:55  INFO      Poll OK — 2026-06-25T02:33:55.061144+00:00
2026-06-24T19:34:05  INFO      Poll OK — 2026-06-25T02:34:05.526907+00:00
2026-06-24T19:34:16  INFO      Poll OK — 2026-06-25T02:34:15.990117+00:00
2026-06-24T19:34:26  INFO      Poll OK — 2026-06-25T02:34:26.457584+00:00
2026-06-24T19:34:37  INFO      Poll OK — 2026-06-25T02:34:36.920663+00:00
2026-06-24T19:34:47  INFO      Poll OK — 2026-06-25T02:34:47.385987+00:00
2026-06-24T19:34:58  INFO      Poll OK — 2026-06-25T02:34:57.850187+00:00
2026-06-24T19:35:08  INFO      Poll OK — 2026-06-25T02:35:08.324017+00:00
2026-06-24T19:35:19  INFO      Poll OK — 2026-06-25T02:35:18.790395+00:00
2026-06-24T19:35:29  INFO      Poll OK — 2026-06-25T02:35:29.253853+00:00
2026-06-24T19:35:40  INFO      Poll OK — 2026-06-25T02:35:39.721231+00:00
2026-06-24T19:35:50  INFO      Poll OK — 2026-06-25T02:35:50.187281+00:00
2026-06-24T19:36:01  INFO      Poll OK — 2026-06-25T02:36:00.653476+00:00
2026-06-24T19:36:11  INFO      Poll OK — 2026-06-25T02:36:11.117855+00:00
2026-06-24T19:36:22  INFO      Poll OK — 2026-06-25T02:36:21.582890+00:00
2026-06-24T19:36:32  INFO      Poll OK — 2026-06-25T02:36:32.048082+00:00
2026-06-24T19:36:42  INFO      Poll OK — 2026-06-25T02:36:42.511184+00:00
2026-06-24T19:36:53  INFO      Poll OK — 2026-06-25T02:36:52.977807+00:00
2026-06-24T19:37:03  INFO      Poll OK — 2026-06-25T02:37:03.440904+00:00
2026-06-24T19:37:14  INFO      Poll OK — 2026-06-25T02:37:13.905175+00:00
2026-06-24T19:37:24  INFO      Poll OK — 2026-06-25T02:37:24.371462+00:00
2026-06-24T19:37:35  INFO      Poll OK — 2026-06-25T02:37:34.837831+00:00
2026-06-24T19:37:45  INFO      Poll OK — 2026-06-25T02:37:45.305866+00:00
2026-06-24T19:37:56  INFO      Poll OK — 2026-06-25T02:37:55.770139+00:00
2026-06-24T19:38:06  INFO      Poll OK — 2026-06-25T02:38:06.235664+00:00
2026-06-24T19:38:17  INFO      Poll OK — 2026-06-25T02:38:16.700023+00:00
2026-06-24T19:38:27  INFO      Poll OK — 2026-06-25T02:38:27.174682+00:00
2026-06-24T19:38:38  INFO      Poll OK — 2026-06-25T02:38:37.639496+00:00
2026-06-24T19:38:48  INFO      Poll OK — 2026-06-25T02:38:48.103766+00:00
2026-06-24T19:38:59  INFO      Poll OK — 2026-06-25T02:38:58.569557+00:00
2026-06-24T19:39:09  INFO      Poll OK — 2026-06-25T02:39:09.033868+00:00
2026-06-24T19:39:19  INFO      Poll OK — 2026-06-25T02:39:19.499672+00:00
2026-06-24T19:39:30  INFO      Poll OK — 2026-06-25T02:39:29.966445+00:00
2026-06-24T19:39:40  INFO      Poll OK — 2026-06-25T02:39:40.431664+00:00
2026-06-24T19:39:51  INFO      Poll OK — 2026-06-25T02:39:50.899083+00:00
2026-06-24T19:40:01  INFO      Poll OK — 2026-06-25T02:40:01.362447+00:00
2026-06-24T19:40:12  INFO      Poll OK — 2026-06-25T02:40:11.827223+00:00
2026-06-24T19:40:22  INFO      Poll OK — 2026-06-25T02:40:22.291654+00:00
2026-06-24T19:40:33  INFO      Poll OK — 2026-06-25T02:40:32.756441+00:00
2026-06-24T19:40:43  INFO      Poll OK — 2026-06-25T02:40:43.231271+00:00
2026-06-24T19:40:54  INFO      Poll OK — 2026-06-25T02:40:53.695895+00:00
2026-06-24T19:41:04  INFO      Poll OK — 2026-06-25T02:41:04.161142+00:00
2026-06-24T19:41:15  INFO      Poll OK — 2026-06-25T02:41:14.626560+00:00
2026-06-24T19:41:25  INFO      Poll OK — 2026-06-25T02:41:25.093242+00:00
2026-06-24T19:41:36  INFO      Poll OK — 2026-06-25T02:41:35.570618+00:00
2026-06-24T19:41:46  INFO      Poll OK — 2026-06-25T02:41:46.034533+00:00
2026-06-24T19:41:56  INFO      Poll OK — 2026-06-25T02:41:56.502010+00:00
2026-06-24T19:42:07  INFO      Poll OK — 2026-06-25T02:42:06.963887+00:00
2026-06-24T19:42:17  INFO      Poll OK — 2026-06-25T02:42:17.429163+00:00
2026-06-24T19:42:28  INFO      Poll OK — 2026-06-25T02:42:27.894406+00:00
2026-06-24T19:42:38  INFO      Poll OK — 2026-06-25T02:42:38.358971+00:00
2026-06-24T19:42:49  INFO      Poll OK — 2026-06-25T02:42:48.824120+00:00
2026-06-24T19:42:59  INFO      Poll OK — 2026-06-25T02:42:59.287360+00:00
2026-06-24T19:43:10  INFO      Poll OK — 2026-06-25T02:43:09.755803+00:00
2026-06-24T19:43:20  INFO      Poll OK — 2026-06-25T02:43:20.230909+00:00
2026-06-24T19:43:31  INFO      Poll OK — 2026-06-25T02:43:30.698454+00:00
2026-06-24T19:43:41  INFO      Poll OK — 2026-06-25T02:43:41.162422+00:00
2026-06-24T19:43:52  INFO      Poll OK — 2026-06-25T02:43:51.627165+00:00
2026-06-24T19:44:02  INFO      Poll OK — 2026-06-25T02:44:02.091950+00:00
2026-06-24T19:44:13  INFO      Poll OK — 2026-06-25T02:44:12.555485+00:00
2026-06-24T19:44:23  INFO      Poll OK — 2026-06-25T02:44:23.021641+00:00
2026-06-24T19:44:33  INFO      Poll OK — 2026-06-25T02:44:33.485757+00:00
2026-06-24T19:44:44  INFO      Poll OK — 2026-06-25T02:44:43.950308+00:00
2026-06-24T19:44:54  INFO      Poll OK — 2026-06-25T02:44:54.415713+00:00
2026-06-24T19:45:05  INFO      Poll OK — 2026-06-25T02:45:04.881996+00:00
2026-06-24T19:45:15  INFO      Poll OK — 2026-06-25T02:45:15.350343+00:00
2026-06-24T19:45:26  INFO      Poll OK — 2026-06-25T02:45:25.814428+00:00
2026-06-24T19:45:36  INFO      Poll OK — 2026-06-25T02:45:36.280526+00:00
2026-06-24T19:45:47  INFO      Poll OK — 2026-06-25T02:45:46.745112+00:00
2026-06-24T19:45:57  INFO      Poll OK — 2026-06-25T02:45:57.208248+00:00
2026-06-24T19:46:08  INFO      Poll OK — 2026-06-25T02:46:07.673874+00:00
2026-06-24T19:46:18  INFO      Poll OK — 2026-06-25T02:46:18.150205+00:00
2026-06-24T19:46:29  INFO      Poll OK — 2026-06-25T02:46:28.613139+00:00
2026-06-24T19:46:39  INFO      Poll OK — 2026-06-25T02:46:39.078526+00:00
2026-06-24T19:46:50  INFO      Poll OK — 2026-06-25T02:46:49.543716+00:00
2026-06-24T19:47:00  INFO      Poll OK — 2026-06-25T02:47:00.014135+00:00
2026-06-24T19:47:10  INFO      Poll OK — 2026-06-25T02:47:10.476174+00:00
2026-06-24T19:47:21  INFO      Poll OK — 2026-06-25T02:47:20.942297+00:00
2026-06-24T19:47:31  INFO      Poll OK — 2026-06-25T02:47:31.406932+00:00
2026-06-24T19:47:42  INFO      Poll OK — 2026-06-25T02:47:41.882738+00:00
2026-06-24T19:47:52  INFO      Poll OK — 2026-06-25T02:47:52.356483+00:00
2026-06-24T19:48:03  INFO      Poll OK — 2026-06-25T02:48:02.820797+00:00
2026-06-24T19:48:13  INFO      Poll OK — 2026-06-25T02:48:13.285591+00:00
2026-06-24T19:48:24  INFO      Poll OK — 2026-06-25T02:48:23.749422+00:00
2026-06-24T19:48:34  INFO      Poll OK — 2026-06-25T02:48:34.215611+00:00
2026-06-24T19:48:45  INFO      Poll OK — 2026-06-25T02:48:44.691758+00:00
2026-06-24T19:48:55  INFO      Poll OK — 2026-06-25T02:48:55.158103+00:00
2026-06-24T19:49:06  INFO      Poll OK — 2026-06-25T02:49:05.624368+00:00
2026-06-24T19:49:16  INFO      Poll OK — 2026-06-25T02:49:16.087900+00:00
2026-06-24T19:49:27  INFO      Poll OK — 2026-06-25T02:49:26.554958+00:00
2026-06-24T19:49:37  INFO      Poll OK — 2026-06-25T02:49:37.018025+00:00
2026-06-24T19:49:47  INFO      Poll OK — 2026-06-25T02:49:47.483160+00:00
2026-06-24T19:49:58  INFO      Poll OK — 2026-06-25T02:49:57.947760+00:00
2026-06-24T19:50:08  INFO      Poll OK — 2026-06-25T02:50:08.411774+00:00
2026-06-24T19:50:19  INFO      Poll OK — 2026-06-25T02:50:18.886479+00:00
2026-06-24T19:50:29  INFO      Poll OK — 2026-06-25T02:50:29.350573+00:00
2026-06-24T19:50:40  INFO      Poll OK — 2026-06-25T02:50:39.829694+00:00
2026-06-24T19:50:50  INFO      Poll OK — 2026-06-25T02:50:50.295934+00:00
2026-06-24T19:51:01  INFO      Poll OK — 2026-06-25T02:51:00.762114+00:00
2026-06-24T19:51:11  INFO      Poll OK — 2026-06-25T02:51:11.226407+00:00
2026-06-24T19:51:22  INFO      Poll OK — 2026-06-25T02:51:21.691677+00:00
2026-06-24T19:51:32  INFO      Poll OK — 2026-06-25T02:51:32.166281+00:00
2026-06-24T19:51:43  INFO      Poll OK — 2026-06-25T02:51:42.630426+00:00
2026-06-24T19:51:53  INFO      Poll OK — 2026-06-25T02:51:53.095764+00:00
2026-06-24T19:52:04  INFO      Poll OK — 2026-06-25T02:52:03.560162+00:00
2026-06-24T19:52:14  INFO      Poll OK — 2026-06-25T02:52:14.023757+00:00
2026-06-24T19:52:24  INFO      Poll OK — 2026-06-25T02:52:24.489382+00:00
2026-06-24T19:52:35  INFO      Poll OK — 2026-06-25T02:52:34.954752+00:00
2026-06-24T19:52:45  INFO      Poll OK — 2026-06-25T02:52:45.424044+00:00
2026-06-24T19:52:56  INFO      Poll OK — 2026-06-25T02:52:55.888425+00:00
2026-06-24T19:53:06  INFO      Poll OK — 2026-06-25T02:53:06.363125+00:00
2026-06-24T19:53:17  INFO      Poll OK — 2026-06-25T02:53:16.827788+00:00
2026-06-24T19:53:27  INFO      Poll OK — 2026-06-25T02:53:27.291831+00:00
2026-06-24T19:53:38  INFO      Poll OK — 2026-06-25T02:53:37.758175+00:00
2026-06-24T19:53:48  INFO      Poll OK — 2026-06-25T02:53:48.221374+00:00
2026-06-24T19:53:59  INFO      Poll OK — 2026-06-25T02:53:58.686782+00:00
2026-06-24T19:54:09  INFO      Poll OK — 2026-06-25T02:54:09.160769+00:00
2026-06-24T19:54:20  INFO      Poll OK — 2026-06-25T02:54:19.627219+00:00
2026-06-24T19:54:30  INFO      Poll OK — 2026-06-25T02:54:30.093660+00:00
2026-06-24T19:54:41  INFO      Poll OK — 2026-06-25T02:54:40.560480+00:00
2026-06-24T19:54:51  INFO      Poll OK — 2026-06-25T02:54:51.026703+00:00
2026-06-24T19:55:01  INFO      Poll OK — 2026-06-25T02:55:01.488586+00:00
2026-06-24T19:55:12  INFO      Poll OK — 2026-06-25T02:55:11.954566+00:00
2026-06-24T19:55:22  INFO      Poll OK — 2026-06-25T02:55:22.418949+00:00
2026-06-24T19:55:33  INFO      Poll OK — 2026-06-25T02:55:32.883209+00:00
2026-06-24T19:55:43  INFO      Poll OK — 2026-06-25T02:55:43.349667+00:00
2026-06-24T19:55:54  INFO      Poll OK — 2026-06-25T02:55:53.812776+00:00
2026-06-24T19:56:04  INFO      Poll OK — 2026-06-25T02:56:04.278795+00:00
2026-06-24T19:56:15  INFO      Poll OK — 2026-06-25T02:56:14.744989+00:00
2026-06-24T19:56:25  INFO      Poll OK — 2026-06-25T02:56:25.210467+00:00
2026-06-24T19:56:36  INFO      Poll OK — 2026-06-25T02:56:35.675598+00:00
2026-06-24T19:56:46  INFO      Poll OK — 2026-06-25T02:56:46.142382+00:00
2026-06-24T19:56:57  INFO      Poll OK — 2026-06-25T02:56:56.608371+00:00
2026-06-24T19:57:07  INFO      Poll OK — 2026-06-25T02:57:07.070356+00:00
2026-06-24T19:57:18  INFO      Poll OK — 2026-06-25T02:57:17.535826+00:00
2026-06-24T19:57:28  INFO      Poll OK — 2026-06-25T02:57:28.001018+00:00
2026-06-24T19:57:38  INFO      Poll OK — 2026-06-25T02:57:38.465220+00:00
2026-06-24T19:57:49  INFO      Poll OK — 2026-06-25T02:57:48.930685+00:00
2026-06-24T19:57:59  INFO      Poll OK — 2026-06-25T02:57:59.393974+00:00
2026-06-24T19:58:10  INFO      Poll OK — 2026-06-25T02:58:09.872528+00:00
2026-06-24T19:58:20  INFO      Poll OK — 2026-06-25T02:58:20.358149+00:00
2026-06-24T19:58:31  INFO      Poll OK — 2026-06-25T02:58:30.824812+00:00
2026-06-24T19:58:41  INFO      Poll OK — 2026-06-25T02:58:41.289013+00:00
2026-06-24T19:58:52  INFO      Poll OK — 2026-06-25T02:58:51.753123+00:00
2026-06-24T19:59:02  INFO      Poll OK — 2026-06-25T02:59:02.218965+00:00
2026-06-24T19:59:13  INFO      Poll OK — 2026-06-25T02:59:12.682486+00:00
2026-06-24T19:59:23  INFO      Poll OK — 2026-06-25T02:59:23.147783+00:00
2026-06-24T19:59:34  INFO      Poll OK — 2026-06-25T02:59:33.612075+00:00
2026-06-24T19:59:44  INFO      Poll OK — 2026-06-25T02:59:44.076269+00:00
2026-06-24T19:59:55  INFO      Poll OK — 2026-06-25T02:59:54.543414+00:00
2026-06-24T20:00:05  INFO      Poll OK — 2026-06-25T03:00:05.008657+00:00
2026-06-24T20:00:15  INFO      Poll OK — 2026-06-25T03:00:15.477195+00:00
2026-06-24T20:00:26  INFO      Poll OK — 2026-06-25T03:00:25.940214+00:00
2026-06-24T20:00:36  INFO      Poll OK — 2026-06-25T03:00:36.405554+00:00
2026-06-24T20:00:47  INFO      Poll OK — 2026-06-25T03:00:46.870060+00:00
2026-06-24T20:00:57  INFO      Poll OK — 2026-06-25T03:00:57.334179+00:00
2026-06-24T20:01:08  INFO      Poll OK — 2026-06-25T03:01:07.800939+00:00
2026-06-24T20:01:18  INFO      Poll OK — 2026-06-25T03:01:18.263775+00:00
2026-06-24T20:01:29  INFO      Poll OK — 2026-06-25T03:01:28.728939+00:00
2026-06-24T20:01:39  INFO      Poll OK — 2026-06-25T03:01:39.193192+00:00
2026-06-24T20:01:50  INFO      Poll OK — 2026-06-25T03:01:49.659433+00:00
2026-06-24T20:02:00  INFO      Poll OK — 2026-06-25T03:02:00.136986+00:00
2026-06-24T20:02:11  INFO      Poll OK — 2026-06-25T03:02:10.602170+00:00
2026-06-24T20:02:21  INFO      Poll OK — 2026-06-25T03:02:21.067932+00:00
2026-06-24T20:02:31  INFO      Poll OK — 2026-06-25T03:02:31.531508+00:00
2026-06-24T20:02:42  INFO      Poll OK — 2026-06-25T03:02:41.995928+00:00
2026-06-24T20:02:52  INFO      Poll OK — 2026-06-25T03:02:52.462045+00:00
2026-06-24T20:03:03  INFO      Poll OK — 2026-06-25T03:03:02.926132+00:00
2026-06-24T20:03:13  INFO      Poll OK — 2026-06-25T03:03:13.390769+00:00
2026-06-24T20:03:24  INFO      Poll OK — 2026-06-25T03:03:23.854750+00:00
2026-06-24T20:03:34  INFO      Poll OK — 2026-06-25T03:03:34.319773+00:00
2026-06-24T20:03:45  INFO      Poll OK — 2026-06-25T03:03:44.786328+00:00
2026-06-24T20:03:55  INFO      Poll OK — 2026-06-25T03:03:55.254510+00:00
2026-06-24T20:04:06  INFO      Poll OK — 2026-06-25T03:04:05.718716+00:00
2026-06-24T20:04:16  INFO      Poll OK — 2026-06-25T03:04:16.194099+00:00
2026-06-24T20:04:27  INFO      Poll OK — 2026-06-25T03:04:26.659381+00:00
2026-06-24T20:04:37  INFO      Poll OK — 2026-06-25T03:04:37.122526+00:00
2026-06-24T20:04:48  INFO      Poll OK — 2026-06-25T03:04:47.589141+00:00
2026-06-24T20:04:58  INFO      Poll OK — 2026-06-25T03:04:58.053060+00:00
2026-06-24T20:05:08  INFO      Poll OK — 2026-06-25T03:05:08.517096+00:00
2026-06-24T20:05:19  INFO      Poll OK — 2026-06-25T03:05:18.982568+00:00
2026-06-24T20:05:29  INFO      Poll OK — 2026-06-25T03:05:29.445884+00:00
2026-06-24T20:05:40  INFO      Poll OK — 2026-06-25T03:05:39.914255+00:00
2026-06-24T20:05:50  INFO      Poll OK — 2026-06-25T03:05:50.381583+00:00
2026-06-24T20:06:01  INFO      Poll OK — 2026-06-25T03:06:00.846555+00:00
2026-06-24T20:06:11  INFO      Poll OK — 2026-06-25T03:06:11.321029+00:00
2026-06-24T20:06:22  INFO      Poll OK — 2026-06-25T03:06:21.785143+00:00
2026-06-24T20:06:32  INFO      Poll OK — 2026-06-25T03:06:32.260285+00:00
2026-06-24T20:06:43  INFO      Poll OK — 2026-06-25T03:06:42.723717+00:00
2026-06-24T20:06:53  INFO      Poll OK — 2026-06-25T03:06:53.190160+00:00
2026-06-24T20:07:04  INFO      Poll OK — 2026-06-25T03:07:03.654426+00:00
2026-06-24T20:07:14  INFO      Poll OK — 2026-06-25T03:07:14.118702+00:00
2026-06-24T20:07:25  INFO      Poll OK — 2026-06-25T03:07:24.595530+00:00
2026-06-24T20:07:35  INFO      Poll OK — 2026-06-25T03:07:35.060913+00:00
2026-06-24T20:07:45  INFO      Poll OK — 2026-06-25T03:07:45.529206+00:00
2026-06-24T20:07:56  INFO      Poll OK — 2026-06-25T03:07:55.992421+00:00
2026-06-24T20:08:06  INFO      Poll OK — 2026-06-25T03:08:06.457806+00:00
2026-06-24T20:08:17  INFO      Poll OK — 2026-06-25T03:08:16.932005+00:00
2026-06-24T20:08:27  INFO      Poll OK — 2026-06-25T03:08:27.397143+00:00
2026-06-24T20:08:38  INFO      Poll OK — 2026-06-25T03:08:37.861391+00:00
2026-06-24T20:08:48  INFO      Poll OK — 2026-06-25T03:08:48.325844+00:00
2026-06-24T20:08:59  INFO      Poll OK — 2026-06-25T03:08:58.791864+00:00
2026-06-24T20:09:09  INFO      Poll OK — 2026-06-25T03:09:09.255373+00:00
2026-06-24T20:09:20  INFO      Poll OK — 2026-06-25T03:09:19.722622+00:00
2026-06-24T20:09:30  INFO      Poll OK — 2026-06-25T03:09:30.199909+00:00
2026-06-24T20:09:41  INFO      Poll OK — 2026-06-25T03:09:40.664106+00:00
2026-06-24T20:09:51  INFO      Poll OK — 2026-06-25T03:09:51.130464+00:00
2026-06-24T20:10:02  INFO      Poll OK — 2026-06-25T03:10:01.594654+00:00
2026-06-24T20:10:12  INFO      Poll OK — 2026-06-25T03:10:12.059694+00:00
2026-06-24T20:10:22  INFO      Poll OK — 2026-06-25T03:10:22.524164+00:00
2026-06-24T20:10:33  INFO      Poll OK — 2026-06-25T03:10:32.987481+00:00
2026-06-24T20:10:43  INFO      Poll OK — 2026-06-25T03:10:43.463671+00:00
2026-06-24T20:10:54  INFO      Poll OK — 2026-06-25T03:10:53.926867+00:00
2026-06-24T20:11:04  INFO      Poll OK — 2026-06-25T03:11:04.393191+00:00
2026-06-24T20:11:15  INFO      Poll OK — 2026-06-25T03:11:14.858935+00:00
2026-06-24T20:11:25  INFO      Poll OK — 2026-06-25T03:11:25.326524+00:00
2026-06-24T20:11:36  INFO      Poll OK — 2026-06-25T03:11:35.791648+00:00
2026-06-24T20:11:46  INFO      Poll OK — 2026-06-25T03:11:46.256276+00:00
2026-06-24T20:11:57  INFO      Poll OK — 2026-06-25T03:11:56.722262+00:00
2026-06-24T20:12:07  INFO      Poll OK — 2026-06-25T03:12:07.185778+00:00
2026-06-24T20:12:18  INFO      Poll OK — 2026-06-25T03:12:17.651399+00:00
2026-06-24T20:12:28  INFO      Poll OK — 2026-06-25T03:12:28.115067+00:00
2026-06-24T20:12:39  INFO      Poll OK — 2026-06-25T03:12:38.579500+00:00
2026-06-24T20:12:49  INFO      Poll OK — 2026-06-25T03:12:49.044762+00:00
2026-06-24T20:12:59  INFO      Poll OK — 2026-06-25T03:12:59.510999+00:00
2026-06-24T20:13:10  INFO      Poll OK — 2026-06-25T03:13:09.977608+00:00
2026-06-24T20:13:20  INFO      Poll OK — 2026-06-25T03:13:20.444492+00:00
2026-06-24T20:13:31  INFO      Poll OK — 2026-06-25T03:13:30.908954+00:00
2026-06-24T20:13:41  INFO      Poll OK — 2026-06-25T03:13:41.373060+00:00
2026-06-24T20:13:52  INFO      Poll OK — 2026-06-25T03:13:51.837467+00:00
2026-06-24T20:14:02  INFO      Poll OK — 2026-06-25T03:14:02.304151+00:00
2026-06-24T20:14:13  INFO      Poll OK — 2026-06-25T03:14:12.766869+00:00
2026-06-24T20:14:23  INFO      Poll OK — 2026-06-25T03:14:23.232280+00:00
2026-06-24T20:14:34  INFO      Poll OK — 2026-06-25T03:14:33.696617+00:00
2026-06-24T20:14:44  INFO      Poll OK — 2026-06-25T03:14:44.161032+00:00
2026-06-24T20:14:55  INFO      Poll OK — 2026-06-25T03:14:54.626954+00:00
2026-06-24T20:15:05  INFO      Poll OK — 2026-06-25T03:15:05.094139+00:00
2026-06-24T20:15:16  INFO      Poll OK — 2026-06-25T03:15:15.561863+00:00
2026-06-24T20:15:26  INFO      Poll OK — 2026-06-25T03:15:26.024804+00:00
2026-06-24T20:15:36  INFO      Poll OK — 2026-06-25T03:15:36.489197+00:00
2026-06-24T20:15:47  INFO      Poll OK — 2026-06-25T03:15:46.954458+00:00
2026-06-24T20:15:57  INFO      Poll OK — 2026-06-25T03:15:57.418672+00:00
2026-06-24T20:16:08  INFO      Poll OK — 2026-06-25T03:16:07.884950+00:00
2026-06-24T20:16:18  INFO      Poll OK — 2026-06-25T03:16:18.358237+00:00
2026-06-24T20:16:29  INFO      Poll OK — 2026-06-25T03:16:28.823578+00:00
2026-06-24T20:16:39  INFO      Poll OK — 2026-06-25T03:16:39.297848+00:00
2026-06-24T20:16:50  INFO      Poll OK — 2026-06-25T03:16:49.765187+00:00
2026-06-24T20:17:00  INFO      Poll OK — 2026-06-25T03:17:00.232351+00:00
2026-06-24T20:17:11  INFO      Poll OK — 2026-06-25T03:17:10.707423+00:00
2026-06-24T20:17:21  INFO      Poll OK — 2026-06-25T03:17:21.173936+00:00
2026-06-24T20:17:32  INFO      Poll OK — 2026-06-25T03:17:31.637158+00:00
2026-06-24T20:17:42  INFO      Poll OK — 2026-06-25T03:17:42.112361+00:00
2026-06-24T20:17:53  INFO      Poll OK — 2026-06-25T03:17:52.586571+00:00
2026-06-24T20:18:03  INFO      Poll OK — 2026-06-25T03:18:03.051045+00:00
2026-06-24T20:18:13  INFO      Poll OK — 2026-06-25T03:18:13.515947+00:00
2026-06-24T20:18:24  INFO      Poll OK — 2026-06-25T03:18:23.980460+00:00
2026-06-24T20:18:34  INFO      Poll OK — 2026-06-25T03:18:34.447593+00:00
2026-06-24T20:18:45  INFO      Poll OK — 2026-06-25T03:18:44.913059+00:00
2026-06-24T20:18:55  INFO      Poll OK — 2026-06-25T03:18:55.379220+00:00
2026-06-24T20:19:06  INFO      Poll OK — 2026-06-25T03:19:05.845669+00:00
2026-06-24T20:19:16  INFO      Poll OK — 2026-06-25T03:19:16.309882+00:00
2026-06-24T20:19:27  INFO      Poll OK — 2026-06-25T03:19:26.774860+00:00
2026-06-24T20:19:37  INFO      Poll OK — 2026-06-25T03:19:37.238251+00:00
2026-06-24T20:19:48  INFO      Poll OK — 2026-06-25T03:19:47.703465+00:00
2026-06-24T20:19:58  INFO      Poll OK — 2026-06-25T03:19:58.167892+00:00
2026-06-24T20:20:09  INFO      Poll OK — 2026-06-25T03:20:08.632283+00:00
2026-06-24T20:20:19  INFO      Poll OK — 2026-06-25T03:20:19.096569+00:00
2026-06-24T20:20:30  INFO      Poll OK — 2026-06-25T03:20:29.562496+00:00
2026-06-24T20:20:40  INFO      Poll OK — 2026-06-25T03:20:40.030820+00:00
2026-06-24T20:20:50  INFO      Poll OK — 2026-06-25T03:20:50.497262+00:00
2026-06-24T20:21:01  INFO      Poll OK — 2026-06-25T03:21:00.961565+00:00
2026-06-24T20:21:11  INFO      Poll OK — 2026-06-25T03:21:11.426859+00:00
2026-06-24T20:21:22  INFO      Poll OK — 2026-06-25T03:21:21.901593+00:00
2026-06-24T20:21:32  INFO      Poll OK — 2026-06-25T03:21:32.366433+00:00
2026-06-24T20:21:43  INFO      Poll OK — 2026-06-25T03:21:42.829581+00:00
2026-06-24T20:21:53  INFO      Poll OK — 2026-06-25T03:21:53.305038+00:00
2026-06-24T20:22:04  INFO      Poll OK — 2026-06-25T03:22:03.769036+00:00
2026-06-24T20:22:14  INFO      Poll OK — 2026-06-25T03:22:14.234389+00:00
2026-06-24T20:22:25  INFO      Poll OK — 2026-06-25T03:22:24.701782+00:00
2026-06-24T20:22:35  INFO      Poll OK — 2026-06-25T03:22:35.167693+00:00
2026-06-24T20:22:46  INFO      Poll OK — 2026-06-25T03:22:45.634093+00:00
2026-06-24T20:22:56  INFO      Poll OK — 2026-06-25T03:22:56.098361+00:00
2026-06-24T20:23:07  INFO      Poll OK — 2026-06-25T03:23:06.563302+00:00
2026-06-24T20:23:17  INFO      Poll OK — 2026-06-25T03:23:17.027534+00:00
2026-06-24T20:23:27  INFO      Poll OK — 2026-06-25T03:23:27.492638+00:00
2026-06-24T20:23:38  INFO      Poll OK — 2026-06-25T03:23:37.957195+00:00
2026-06-24T20:23:48  INFO      Poll OK — 2026-06-25T03:23:48.430755+00:00
2026-06-24T20:23:59  INFO      Poll OK — 2026-06-25T03:23:58.895937+00:00
2026-06-24T20:24:09  INFO      Poll OK — 2026-06-25T03:24:09.361172+00:00
2026-06-24T20:24:20  INFO      Poll OK — 2026-06-25T03:24:19.826938+00:00
2026-06-24T20:24:30  INFO      Poll OK — 2026-06-25T03:24:30.294824+00:00
2026-06-24T20:24:41  INFO      Poll OK — 2026-06-25T03:24:40.759708+00:00
2026-06-24T20:24:51  INFO      Poll OK — 2026-06-25T03:24:51.236138+00:00
2026-06-24T20:25:02  INFO      Poll OK — 2026-06-25T03:25:01.699179+00:00
2026-06-24T20:25:12  INFO      Poll OK — 2026-06-25T03:25:12.164731+00:00
2026-06-24T20:25:23  INFO      Poll OK — 2026-06-25T03:25:22.629104+00:00
2026-06-24T20:25:33  INFO      Poll OK — 2026-06-25T03:25:33.093148+00:00
2026-06-24T20:25:44  INFO      Poll OK — 2026-06-25T03:25:43.558601+00:00
2026-06-24T20:25:54  INFO      Poll OK — 2026-06-25T03:25:54.021766+00:00
2026-06-24T20:26:04  INFO      Poll OK — 2026-06-25T03:26:04.489190+00:00
2026-06-24T20:26:15  INFO      Poll OK — 2026-06-25T03:26:14.956161+00:00
2026-06-24T20:26:25  INFO      Poll OK — 2026-06-25T03:26:25.422544+00:00
2026-06-24T20:26:36  INFO      Poll OK — 2026-06-25T03:26:35.887736+00:00
2026-06-24T20:26:46  INFO      Poll OK — 2026-06-25T03:26:46.351101+00:00
2026-06-24T20:26:57  INFO      Poll OK — 2026-06-25T03:26:56.817501+00:00
2026-06-24T20:27:07  INFO      Poll OK — 2026-06-25T03:27:07.280581+00:00
2026-06-24T20:27:18  INFO      Poll OK — 2026-06-25T03:27:17.746120+00:00
2026-06-24T20:27:28  INFO      Poll OK — 2026-06-25T03:27:28.210079+00:00
2026-06-24T20:27:39  INFO      Poll OK — 2026-06-25T03:27:38.674132+00:00
2026-06-24T20:27:49  INFO      Poll OK — 2026-06-25T03:27:49.139232+00:00
2026-06-24T20:28:00  INFO      Poll OK — 2026-06-25T03:27:59.605065+00:00
2026-06-24T20:28:10  INFO      Poll OK — 2026-06-25T03:28:10.073000+00:00
2026-06-24T20:28:21  INFO      Poll OK — 2026-06-25T03:28:20.539428+00:00
2026-06-24T20:28:31  INFO      Poll OK — 2026-06-25T03:28:31.003356+00:00
2026-06-24T20:28:41  INFO      Poll OK — 2026-06-25T03:28:41.468916+00:00
2026-06-24T20:28:52  INFO      Poll OK — 2026-06-25T03:28:51.932582+00:00
2026-06-24T20:29:02  INFO      Poll OK — 2026-06-25T03:29:02.398461+00:00
2026-06-24T20:29:13  INFO      Poll OK — 2026-06-25T03:29:12.861680+00:00
2026-06-24T20:29:23  INFO      Poll OK — 2026-06-25T03:29:23.327011+00:00
2026-06-24T20:29:34  INFO      Poll OK — 2026-06-25T03:29:33.801199+00:00
2026-06-24T20:29:44  INFO      Poll OK — 2026-06-25T03:29:44.265373+00:00
2026-06-24T20:29:55  INFO      Poll OK — 2026-06-25T03:29:54.733868+00:00
2026-06-24T20:30:05  INFO      Poll OK — 2026-06-25T03:30:05.199059+00:00
2026-06-24T20:30:16  INFO      Poll OK — 2026-06-25T03:30:15.667153+00:00
2026-06-24T20:30:26  INFO      Poll OK — 2026-06-25T03:30:26.131069+00:00
2026-06-24T20:30:37  INFO      Poll OK — 2026-06-25T03:30:36.595796+00:00
2026-06-24T20:30:47  INFO      Poll OK — 2026-06-25T03:30:47.059007+00:00
2026-06-24T20:30:57  INFO      Poll OK — 2026-06-25T03:30:57.523175+00:00
2026-06-24T20:31:08  INFO      Poll OK — 2026-06-25T03:31:07.989370+00:00
2026-06-24T20:31:18  INFO      Poll OK — 2026-06-25T03:31:18.452968+00:00
2026-06-24T20:31:29  INFO      Poll OK — 2026-06-25T03:31:28.919182+00:00
2026-06-24T20:31:39  INFO      Poll OK — 2026-06-25T03:31:39.383156+00:00
2026-06-24T20:31:50  INFO      Poll OK — 2026-06-25T03:31:49.849068+00:00
2026-06-24T20:32:00  INFO      Poll OK — 2026-06-25T03:32:00.315744+00:00
2026-06-24T20:32:11  INFO      Poll OK — 2026-06-25T03:32:10.780145+00:00
2026-06-24T20:32:21  INFO      Poll OK — 2026-06-25T03:32:21.247438+00:00
2026-06-24T20:32:32  INFO      Poll OK — 2026-06-25T03:32:31.710904+00:00
2026-06-24T20:32:42  INFO      Poll OK — 2026-06-25T03:32:42.175814+00:00
2026-06-24T20:32:53  INFO      Poll OK — 2026-06-25T03:32:52.640021+00:00
2026-06-24T20:33:03  INFO      Poll OK — 2026-06-25T03:33:03.104258+00:00
2026-06-24T20:33:14  INFO      Poll OK — 2026-06-25T03:33:13.569013+00:00
2026-06-24T20:33:24  INFO      Poll OK — 2026-06-25T03:33:24.044139+00:00
2026-06-24T20:33:34  INFO      Poll OK — 2026-06-25T03:33:34.512029+00:00
2026-06-24T20:33:45  INFO      Poll OK — 2026-06-25T03:33:44.978621+00:00
2026-06-24T20:33:55  INFO      Poll OK — 2026-06-25T03:33:55.444621+00:00
2026-06-24T20:34:06  INFO      Poll OK — 2026-06-25T03:34:05.909170+00:00
2026-06-24T20:34:16  INFO      Poll OK — 2026-06-25T03:34:16.372024+00:00
2026-06-24T20:34:27  INFO      Poll OK — 2026-06-25T03:34:26.838366+00:00
2026-06-24T20:34:37  INFO      Poll OK — 2026-06-25T03:34:37.301939+00:00
2026-06-24T20:34:48  INFO      Poll OK — 2026-06-25T03:34:47.767051+00:00
2026-06-24T20:34:58  INFO      Poll OK — 2026-06-25T03:34:58.231327+00:00
2026-06-24T20:35:09  INFO      Poll OK — 2026-06-25T03:35:08.695177+00:00
2026-06-24T20:35:19  INFO      Poll OK — 2026-06-25T03:35:19.161453+00:00
2026-06-24T20:35:30  INFO      Poll OK — 2026-06-25T03:35:29.626257+00:00
2026-06-24T20:35:40  INFO      Poll OK — 2026-06-25T03:35:40.095094+00:00
2026-06-24T20:35:51  INFO      Poll OK — 2026-06-25T03:35:50.571661+00:00
2026-06-24T20:36:01  INFO      Poll OK — 2026-06-25T03:36:01.045681+00:00
2026-06-24T20:36:11  INFO      Poll OK — 2026-06-25T03:36:11.510557+00:00
2026-06-24T20:36:22  INFO      Poll OK — 2026-06-25T03:36:21.974618+00:00
2026-06-24T20:36:32  INFO      Poll OK — 2026-06-25T03:36:32.439715+00:00
2026-06-24T20:36:43  INFO      Poll OK — 2026-06-25T03:36:42.902963+00:00
2026-06-24T20:36:53  INFO      Poll OK — 2026-06-25T03:36:53.368571+00:00
2026-06-24T20:37:04  INFO      Poll OK — 2026-06-25T03:37:03.832503+00:00
2026-06-24T20:37:14  INFO      Poll OK — 2026-06-25T03:37:14.297785+00:00
2026-06-24T20:37:25  INFO      Poll OK — 2026-06-25T03:37:24.766161+00:00
2026-06-24T20:37:35  INFO      Poll OK — 2026-06-25T03:37:35.232224+00:00
2026-06-24T20:37:46  INFO      Poll OK — 2026-06-25T03:37:45.697774+00:00
2026-06-24T20:37:56  INFO      Poll OK — 2026-06-25T03:37:56.162876+00:00
2026-06-24T20:38:07  INFO      Poll OK — 2026-06-25T03:38:06.626887+00:00
2026-06-24T20:38:17  INFO      Poll OK — 2026-06-25T03:38:17.089963+00:00
2026-06-24T20:38:28  INFO      Poll OK — 2026-06-25T03:38:27.555820+00:00
2026-06-24T20:38:38  INFO      Poll OK — 2026-06-25T03:38:38.020566+00:00
2026-06-24T20:38:48  INFO      Poll OK — 2026-06-25T03:38:48.484085+00:00
2026-06-24T20:38:59  INFO      Poll OK — 2026-06-25T03:38:58.949273+00:00
2026-06-24T20:39:09  INFO      Poll OK — 2026-06-25T03:39:09.415588+00:00
2026-06-24T20:39:20  INFO      Poll OK — 2026-06-25T03:39:19.880714+00:00
2026-06-24T20:39:30  INFO      Poll OK — 2026-06-25T03:39:30.349206+00:00
2026-06-24T20:39:41  INFO      Poll OK — 2026-06-25T03:39:40.814413+00:00
2026-06-24T20:39:51  INFO      Poll OK — 2026-06-25T03:39:51.279539+00:00
2026-06-24T20:40:02  INFO      Poll OK — 2026-06-25T03:40:01.742954+00:00
2026-06-24T20:40:12  INFO      Poll OK — 2026-06-25T03:40:12.207519+00:00
2026-06-24T20:40:23  INFO      Poll OK — 2026-06-25T03:40:22.671278+00:00
2026-06-24T20:40:33  INFO      Poll OK — 2026-06-25T03:40:33.136328+00:00
2026-06-24T20:40:44  INFO      Poll OK — 2026-06-25T03:40:43.601194+00:00
2026-06-24T20:40:54  INFO      Poll OK — 2026-06-25T03:40:54.074955+00:00
2026-06-24T20:41:05  INFO      Poll OK — 2026-06-25T03:41:04.542513+00:00
2026-06-24T20:41:15  INFO      Poll OK — 2026-06-25T03:41:15.008775+00:00
2026-06-24T20:41:25  INFO      Poll OK — 2026-06-25T03:41:25.475855+00:00
2026-06-24T20:41:36  INFO      Poll OK — 2026-06-25T03:41:35.941179+00:00
2026-06-24T20:41:46  INFO      Poll OK — 2026-06-25T03:41:46.405627+00:00
2026-06-24T20:41:57  INFO      Poll OK — 2026-06-25T03:41:56.870648+00:00
2026-06-24T20:42:07  INFO      Poll OK — 2026-06-25T03:42:07.334121+00:00
2026-06-24T20:42:18  INFO      Poll OK — 2026-06-25T03:42:17.798711+00:00
2026-06-24T20:42:28  INFO      Poll OK — 2026-06-25T03:42:28.263530+00:00
2026-06-24T20:42:39  INFO      Poll OK — 2026-06-25T03:42:38.727684+00:00
2026-06-24T20:42:49  INFO      Poll OK — 2026-06-25T03:42:49.192749+00:00
2026-06-24T20:43:00  INFO      Poll OK — 2026-06-25T03:42:59.659097+00:00
2026-06-24T20:43:10  INFO      Poll OK — 2026-06-25T03:43:10.127317+00:00
2026-06-24T20:43:21  INFO      Poll OK — 2026-06-25T03:43:20.592527+00:00
2026-06-24T20:43:31  INFO      Poll OK — 2026-06-25T03:43:31.058714+00:00
2026-06-24T20:43:41  INFO      Poll OK — 2026-06-25T03:43:41.522347+00:00
2026-06-24T20:43:52  INFO      Poll OK — 2026-06-25T03:43:51.986513+00:00
2026-06-24T20:44:02  INFO      Poll OK — 2026-06-25T03:44:02.450781+00:00
2026-06-24T20:44:13  INFO      Poll OK — 2026-06-25T03:44:12.914158+00:00
2026-06-24T20:44:23  INFO      Poll OK — 2026-06-25T03:44:23.379193+00:00
2026-06-24T20:44:34  INFO      Poll OK — 2026-06-25T03:44:33.844737+00:00
2026-06-24T20:44:44  INFO      Poll OK — 2026-06-25T03:44:44.308963+00:00
2026-06-24T20:44:55  INFO      Poll OK — 2026-06-25T03:44:54.776052+00:00
2026-06-24T20:45:05  INFO      Poll OK — 2026-06-25T03:45:05.242303+00:00
2026-06-24T20:45:16  INFO      Poll OK — 2026-06-25T03:45:15.708574+00:00
2026-06-24T20:45:26  INFO      Poll OK — 2026-06-25T03:45:26.173894+00:00
2026-06-24T20:45:37  INFO      Poll OK — 2026-06-25T03:45:36.639090+00:00
2026-06-24T20:45:47  INFO      Poll OK — 2026-06-25T03:45:47.113374+00:00
2026-06-24T20:45:58  INFO      Poll OK — 2026-06-25T03:45:57.576388+00:00
2026-06-24T20:46:08  INFO      Poll OK — 2026-06-25T03:46:08.041653+00:00
2026-06-24T20:46:18  INFO      Poll OK — 2026-06-25T03:46:18.505010+00:00
2026-06-24T20:46:29  INFO      Poll OK — 2026-06-25T03:46:28.971333+00:00
2026-06-24T20:46:39  INFO      Poll OK — 2026-06-25T03:46:39.437700+00:00
2026-06-24T20:46:50  INFO      Poll OK — 2026-06-25T03:46:49.903781+00:00
2026-06-24T20:47:00  INFO      Poll OK — 2026-06-25T03:47:00.370938+00:00
2026-06-24T20:47:11  INFO      Poll OK — 2026-06-25T03:47:10.845194+00:00
2026-06-24T20:47:21  INFO      Poll OK — 2026-06-25T03:47:21.310464+00:00
2026-06-24T20:47:32  INFO      Poll OK — 2026-06-25T03:47:31.774615+00:00
2026-06-24T20:47:42  INFO      Poll OK — 2026-06-25T03:47:42.238942+00:00
2026-06-24T20:47:53  INFO      Poll OK — 2026-06-25T03:47:52.702771+00:00
2026-06-24T20:48:03  INFO      Poll OK — 2026-06-25T03:48:03.167311+00:00
2026-06-24T20:48:14  INFO      Poll OK — 2026-06-25T03:48:13.633123+00:00
2026-06-24T20:48:24  INFO      Poll OK — 2026-06-25T03:48:24.095898+00:00
2026-06-24T20:48:35  INFO      Poll OK — 2026-06-25T03:48:34.563936+00:00
2026-06-24T20:48:45  INFO      Poll OK — 2026-06-25T03:48:45.030116+00:00
2026-06-24T20:48:55  INFO      Poll OK — 2026-06-25T03:48:55.506979+00:00
2026-06-24T20:49:06  INFO      Poll OK — 2026-06-25T03:49:05.970597+00:00
2026-06-24T20:49:16  INFO      Poll OK — 2026-06-25T03:49:16.436148+00:00
2026-06-24T20:49:27  INFO      Poll OK — 2026-06-25T03:49:26.901803+00:00
2026-06-24T20:49:37  INFO      Poll OK — 2026-06-25T03:49:37.364183+00:00
2026-06-24T20:49:48  INFO      Poll OK — 2026-06-25T03:49:47.829603+00:00
2026-06-24T20:49:58  INFO      Poll OK — 2026-06-25T03:49:58.294097+00:00
2026-06-24T20:50:09  INFO      Poll OK — 2026-06-25T03:50:08.768669+00:00
2026-06-24T20:50:19  INFO      Poll OK — 2026-06-25T03:50:19.235631+00:00
2026-06-24T20:50:30  INFO      Poll OK — 2026-06-25T03:50:29.699537+00:00
2026-06-24T20:50:40  INFO      Poll OK — 2026-06-25T03:50:40.168754+00:00
2026-06-24T20:50:51  INFO      Poll OK — 2026-06-25T03:50:50.634212+00:00
2026-06-24T20:51:01  INFO      Poll OK — 2026-06-25T03:51:01.097729+00:00
2026-06-24T20:51:12  INFO      Poll OK — 2026-06-25T03:51:11.562729+00:00
2026-06-24T20:51:22  INFO      Poll OK — 2026-06-25T03:51:22.025212+00:00
2026-06-24T20:51:32  INFO      Poll OK — 2026-06-25T03:51:32.491523+00:00
2026-06-24T20:51:43  INFO      Poll OK — 2026-06-25T03:51:42.955474+00:00
2026-06-24T20:51:53  INFO      Poll OK — 2026-06-25T03:51:53.420766+00:00
2026-06-24T20:52:04  INFO      Poll OK — 2026-06-25T03:52:03.884987+00:00
2026-06-24T20:52:14  INFO      Poll OK — 2026-06-25T03:52:14.350400+00:00
2026-06-24T20:52:25  INFO      Poll OK — 2026-06-25T03:52:24.817284+00:00
2026-06-24T20:52:35  INFO      Poll OK — 2026-06-25T03:52:35.283538+00:00
2026-06-24T20:52:46  INFO      Poll OK — 2026-06-25T03:52:45.750325+00:00
2026-06-24T20:52:56  INFO      Poll OK — 2026-06-25T03:52:56.213900+00:00
2026-06-24T20:53:07  INFO      Poll OK — 2026-06-25T03:53:06.678414+00:00
2026-06-24T20:53:17  INFO      Poll OK — 2026-06-25T03:53:17.142494+00:00
2026-06-24T20:53:28  INFO      Poll OK — 2026-06-25T03:53:27.606767+00:00
2026-06-24T20:53:38  INFO      Poll OK — 2026-06-25T03:53:38.071682+00:00
2026-06-24T20:53:49  INFO      Poll OK — 2026-06-25T03:53:48.536354+00:00
2026-06-24T20:53:59  INFO      Poll OK — 2026-06-25T03:53:59.008905+00:00
2026-06-24T20:54:09  INFO      Poll OK — 2026-06-25T03:54:09.477774+00:00
2026-06-24T20:54:20  INFO      Poll OK — 2026-06-25T03:54:19.943954+00:00
2026-06-24T20:54:30  INFO      Poll OK — 2026-06-25T03:54:30.410993+00:00
2026-06-24T20:54:41  INFO      Poll OK — 2026-06-25T03:54:40.876441+00:00
2026-06-24T20:54:51  INFO      Poll OK — 2026-06-25T03:54:51.341245+00:00
2026-06-24T20:55:02  INFO      Poll OK — 2026-06-25T03:55:01.803938+00:00
2026-06-24T20:55:12  INFO      Poll OK — 2026-06-25T03:55:12.268050+00:00
2026-06-24T20:55:23  INFO      Poll OK — 2026-06-25T03:55:22.732232+00:00
2026-06-24T20:55:33  INFO      Poll OK — 2026-06-25T03:55:33.199057+00:00
2026-06-24T20:55:44  INFO      Poll OK — 2026-06-25T03:55:43.683900+00:00
2026-06-24T20:55:54  INFO      Poll OK — 2026-06-25T03:55:54.147047+00:00
2026-06-24T20:56:05  INFO      Poll OK — 2026-06-25T03:56:04.615486+00:00
2026-06-24T20:56:15  INFO      Poll OK — 2026-06-25T03:56:15.080523+00:00
2026-06-24T20:56:26  INFO      Poll OK — 2026-06-25T03:56:25.546781+00:00
2026-06-24T20:56:36  INFO      Poll OK — 2026-06-25T03:56:36.011004+00:00
2026-06-24T20:56:46  INFO      Poll OK — 2026-06-25T03:56:46.476344+00:00
2026-06-24T20:56:57  INFO      Poll OK — 2026-06-25T03:56:56.941744+00:00
2026-06-24T20:57:07  INFO      Poll OK — 2026-06-25T03:57:07.404779+00:00
2026-06-24T20:57:18  INFO      Poll OK — 2026-06-25T03:57:17.869220+00:00
2026-06-24T20:57:28  INFO      Poll OK — 2026-06-25T03:57:28.334297+00:00
2026-06-24T20:57:39  INFO      Poll OK — 2026-06-25T03:57:38.798358+00:00
2026-06-24T20:57:49  INFO      Poll OK — 2026-06-25T03:57:49.264792+00:00
2026-06-24T20:58:00  INFO      Poll OK — 2026-06-25T03:57:59.729855+00:00
2026-06-24T20:58:10  INFO      Poll OK — 2026-06-25T03:58:10.198147+00:00
2026-06-24T20:58:21  INFO      Poll OK — 2026-06-25T03:58:20.663533+00:00
2026-06-24T20:58:31  INFO      Poll OK — 2026-06-25T03:58:31.136798+00:00
2026-06-24T20:58:42  INFO      Poll OK — 2026-06-25T03:58:41.601980+00:00
2026-06-24T20:58:52  INFO      Poll OK — 2026-06-25T03:58:52.075755+00:00
2026-06-24T20:59:03  INFO      Poll OK — 2026-06-25T03:59:02.541275+00:00
2026-06-24T20:59:13  INFO      Poll OK — 2026-06-25T03:59:13.004455+00:00
2026-06-24T20:59:23  INFO      Poll OK — 2026-06-25T03:59:23.470164+00:00
2026-06-24T20:59:34  INFO      Poll OK — 2026-06-25T03:59:33.934240+00:00
2026-06-24T20:59:44  INFO      Poll OK — 2026-06-25T03:59:44.411461+00:00
2026-06-24T20:59:55  INFO      Poll OK — 2026-06-25T03:59:54.877852+00:00
2026-06-24T21:00:05  INFO      Poll OK — 2026-06-25T04:00:05.344099+00:00
2026-06-24T21:00:16  INFO      Poll OK — 2026-06-25T04:00:15.809183+00:00
2026-06-24T21:00:26  INFO      Poll OK — 2026-06-25T04:00:26.272526+00:00
2026-06-24T21:00:37  INFO      Poll OK — 2026-06-25T04:00:36.736649+00:00
2026-06-24T21:00:47  INFO      Poll OK — 2026-06-25T04:00:47.201787+00:00
2026-06-24T21:00:58  INFO      Poll OK — 2026-06-25T04:00:57.665406+00:00
2026-06-24T21:01:08  INFO      Poll OK — 2026-06-25T04:01:08.131575+00:00
2026-06-24T21:01:19  INFO      Poll OK — 2026-06-25T04:01:18.594672+00:00
2026-06-24T21:01:29  INFO      Poll OK — 2026-06-25T04:01:29.060069+00:00
2026-06-24T21:01:39  INFO      Poll OK — 2026-06-25T04:01:39.526060+00:00
2026-06-24T21:01:50  INFO      Poll OK — 2026-06-25T04:01:49.992432+00:00
2026-06-24T21:02:00  INFO      Poll OK — 2026-06-25T04:02:00.459628+00:00
2026-06-24T21:02:11  INFO      Poll OK — 2026-06-25T04:02:10.922100+00:00
2026-06-24T21:02:21  INFO      Poll OK — 2026-06-25T04:02:21.388500+00:00
2026-06-24T21:02:32  INFO      Poll OK — 2026-06-25T04:02:31.851713+00:00
2026-06-24T21:02:42  INFO      Poll OK — 2026-06-25T04:02:42.316017+00:00
2026-06-24T21:02:53  INFO      Poll OK — 2026-06-25T04:02:52.781163+00:00
2026-06-24T21:03:03  INFO      Poll OK — 2026-06-25T04:03:03.245141+00:00
2026-06-24T21:03:14  INFO      Poll OK — 2026-06-25T04:03:13.709809+00:00
2026-06-24T21:03:24  INFO      Poll OK — 2026-06-25T04:03:24.173928+00:00
2026-06-24T21:03:35  INFO      Poll OK — 2026-06-25T04:03:34.642052+00:00
2026-06-24T21:03:45  INFO      Poll OK — 2026-06-25T04:03:45.108417+00:00
2026-06-24T21:03:56  INFO      Poll OK — 2026-06-25T04:03:55.573352+00:00
2026-06-24T21:04:06  INFO      Poll OK — 2026-06-25T04:04:06.047282+00:00
2026-06-24T21:04:16  INFO      Poll OK — 2026-06-25T04:04:16.511870+00:00
2026-06-24T21:04:27  INFO      Poll OK — 2026-06-25T04:04:26.977416+00:00
2026-06-24T21:04:37  INFO      Poll OK — 2026-06-25T04:04:37.440495+00:00
2026-06-24T21:04:48  INFO      Poll OK — 2026-06-25T04:04:47.906812+00:00
2026-06-24T21:04:58  INFO      Poll OK — 2026-06-25T04:04:58.370037+00:00
2026-06-24T21:05:09  INFO      Poll OK — 2026-06-25T04:05:08.844295+00:00
2026-06-24T21:05:19  INFO      Poll OK — 2026-06-25T04:05:19.309548+00:00
2026-06-24T21:05:30  INFO      Poll OK — 2026-06-25T04:05:29.775058+00:00
2026-06-24T21:05:40  INFO      Poll OK — 2026-06-25T04:05:40.242938+00:00
2026-06-24T21:05:51  INFO      Poll OK — 2026-06-25T04:05:50.708216+00:00
2026-06-24T21:06:01  INFO      Poll OK — 2026-06-25T04:06:01.172527+00:00
2026-06-24T21:06:12  INFO      Poll OK — 2026-06-25T04:06:11.637802+00:00
2026-06-24T21:06:22  INFO      Poll OK — 2026-06-25T04:06:22.102122+00:00
2026-06-24T21:06:33  INFO      Poll OK — 2026-06-25T04:06:32.567004+00:00
2026-06-24T21:06:43  INFO      Poll OK — 2026-06-25T04:06:43.030328+00:00
2026-06-24T21:06:53  INFO      Poll OK — 2026-06-25T04:06:53.495539+00:00
2026-06-24T21:07:04  INFO      Poll OK — 2026-06-25T04:07:03.959949+00:00
2026-06-24T21:07:14  INFO      Poll OK — 2026-06-25T04:07:14.426357+00:00
2026-06-24T21:07:25  INFO      Poll OK — 2026-06-25T04:07:24.902346+00:00
2026-06-24T21:07:35  INFO      Poll OK — 2026-06-25T04:07:35.367815+00:00
2026-06-24T21:07:46  INFO      Poll OK — 2026-06-25T04:07:45.833087+00:00
2026-06-24T21:07:56  INFO      Poll OK — 2026-06-25T04:07:56.298772+00:00
2026-06-24T21:08:07  INFO      Poll OK — 2026-06-25T04:08:06.762436+00:00
2026-06-24T21:08:17  INFO      Poll OK — 2026-06-25T04:08:17.226750+00:00
2026-06-24T21:08:28  INFO      Poll OK — 2026-06-25T04:08:27.690963+00:00
2026-06-24T21:08:38  INFO      Poll OK — 2026-06-25T04:08:38.155294+00:00
2026-06-24T21:08:49  INFO      Poll OK — 2026-06-25T04:08:48.618451+00:00
2026-06-24T21:08:59  INFO      Poll OK — 2026-06-25T04:08:59.086150+00:00
2026-06-24T21:09:10  INFO      Poll OK — 2026-06-25T04:09:09.550749+00:00
2026-06-24T21:09:20  INFO      Poll OK — 2026-06-25T04:09:20.027320+00:00
2026-06-24T21:09:30  INFO      Poll OK — 2026-06-25T04:09:30.493657+00:00
2026-06-24T21:09:41  INFO      Poll OK — 2026-06-25T04:09:40.957011+00:00
2026-06-24T21:09:51  INFO      Poll OK — 2026-06-25T04:09:51.422335+00:00
2026-06-24T21:10:02  INFO      Poll OK — 2026-06-25T04:10:01.886512+00:00
2026-06-24T21:10:12  INFO      Poll OK — 2026-06-25T04:10:12.350621+00:00
2026-06-24T21:10:23  INFO      Poll OK — 2026-06-25T04:10:22.814903+00:00
2026-06-24T21:10:33  INFO      Poll OK — 2026-06-25T04:10:33.278393+00:00
2026-06-24T21:10:44  INFO      Poll OK — 2026-06-25T04:10:43.743344+00:00
2026-06-24T21:10:54  INFO      Poll OK — 2026-06-25T04:10:54.207489+00:00
2026-06-24T21:11:05  INFO      Poll OK — 2026-06-25T04:11:04.675694+00:00
2026-06-24T21:11:15  INFO      Poll OK — 2026-06-25T04:11:15.141731+00:00
2026-06-24T21:11:26  INFO      Poll OK — 2026-06-25T04:11:25.607499+00:00
2026-06-24T21:11:36  INFO      Poll OK — 2026-06-25T04:11:36.070862+00:00
2026-06-24T21:11:47  INFO      Poll OK — 2026-06-25T04:11:46.534076+00:00
2026-06-24T21:11:57  INFO      Poll OK — 2026-06-25T04:11:57.001408+00:00
2026-06-24T21:12:07  INFO      Poll OK — 2026-06-25T04:12:07.464403+00:00
2026-06-24T21:12:18  INFO      Poll OK — 2026-06-25T04:12:17.928697+00:00
2026-06-24T21:12:28  INFO      Poll OK — 2026-06-25T04:12:28.392892+00:00
2026-06-24T21:12:39  INFO      Poll OK — 2026-06-25T04:12:38.857092+00:00
2026-06-24T21:12:49  INFO      Poll OK — 2026-06-25T04:12:49.322493+00:00
2026-06-24T21:13:00  INFO      Poll OK — 2026-06-25T04:12:59.787638+00:00
2026-06-24T21:13:10  INFO      Poll OK — 2026-06-25T04:13:10.255937+00:00
2026-06-24T21:13:21  INFO      Poll OK — 2026-06-25T04:13:20.720950+00:00
2026-06-24T21:13:31  INFO      Poll OK — 2026-06-25T04:13:31.184356+00:00
2026-06-24T21:13:42  INFO      Poll OK — 2026-06-25T04:13:41.648935+00:00
2026-06-24T21:13:52  INFO      Poll OK — 2026-06-25T04:13:52.111921+00:00
2026-06-24T21:14:03  INFO      Poll OK — 2026-06-25T04:14:02.578126+00:00
2026-06-24T21:14:13  INFO      Poll OK — 2026-06-25T04:14:13.041046+00:00
2026-06-24T21:14:23  INFO      Poll OK — 2026-06-25T04:14:23.506671+00:00
2026-06-24T21:14:34  INFO      Poll OK — 2026-06-25T04:14:33.970863+00:00
2026-06-24T21:14:44  INFO      Poll OK — 2026-06-25T04:14:44.435155+00:00
2026-06-24T21:14:55  INFO      Poll OK — 2026-06-25T04:14:54.902399+00:00
2026-06-24T21:15:05  INFO      Poll OK — 2026-06-25T04:15:05.368320+00:00
2026-06-24T21:15:16  INFO      Poll OK — 2026-06-25T04:15:15.834456+00:00
2026-06-24T21:15:26  INFO      Poll OK — 2026-06-25T04:15:26.298214+00:00
2026-06-24T21:15:37  INFO      Poll OK — 2026-06-25T04:15:36.761312+00:00
2026-06-24T21:15:47  INFO      Poll OK — 2026-06-25T04:15:47.235744+00:00
2026-06-24T21:15:58  INFO      Poll OK — 2026-06-25T04:15:57.701002+00:00
2026-06-24T21:16:08  INFO      Poll OK — 2026-06-25T04:16:08.166185+00:00
2026-06-24T21:16:19  INFO      Poll OK — 2026-06-25T04:16:18.629556+00:00
2026-06-24T21:16:29  INFO      Poll OK — 2026-06-25T04:16:29.094357+00:00
2026-06-24T21:16:40  INFO      Poll OK — 2026-06-25T04:16:39.559902+00:00
2026-06-24T21:16:50  INFO      Poll OK — 2026-06-25T04:16:50.025204+00:00
2026-06-24T21:17:00  INFO      Poll OK — 2026-06-25T04:17:00.493684+00:00
2026-06-24T21:17:11  INFO      Poll OK — 2026-06-25T04:17:10.966962+00:00
2026-06-24T21:17:21  INFO      Poll OK — 2026-06-25T04:17:21.432949+00:00
2026-06-24T21:17:32  INFO      Poll OK — 2026-06-25T04:17:31.895103+00:00
2026-06-24T21:17:42  INFO      Poll OK — 2026-06-25T04:17:42.359618+00:00
2026-06-24T21:17:53  INFO      Poll OK — 2026-06-25T04:17:52.823435+00:00
2026-06-24T21:18:03  INFO      Poll OK — 2026-06-25T04:18:03.288039+00:00
2026-06-24T21:18:14  INFO      Poll OK — 2026-06-25T04:18:13.754194+00:00
2026-06-24T21:18:24  INFO      Poll OK — 2026-06-25T04:18:24.216445+00:00
2026-06-24T21:18:35  INFO      Poll OK — 2026-06-25T04:18:34.683770+00:00
2026-06-24T21:18:45  INFO      Poll OK — 2026-06-25T04:18:45.150727+00:00
2026-06-24T21:18:56  INFO      Poll OK — 2026-06-25T04:18:55.616288+00:00
2026-06-24T21:19:06  INFO      Poll OK — 2026-06-25T04:19:06.081276+00:00
2026-06-24T21:19:17  INFO      Poll OK — 2026-06-25T04:19:16.544744+00:00
2026-06-24T21:19:27  INFO      Poll OK — 2026-06-25T04:19:27.019075+00:00
2026-06-24T21:19:37  INFO      Poll OK — 2026-06-25T04:19:37.482317+00:00
2026-06-24T21:19:48  INFO      Poll OK — 2026-06-25T04:19:47.947936+00:00
2026-06-24T21:19:58  INFO      Poll OK — 2026-06-25T04:19:58.411277+00:00
2026-06-24T21:20:09  INFO      Poll OK — 2026-06-25T04:20:08.875879+00:00
2026-06-24T21:20:19  INFO      Poll OK — 2026-06-25T04:20:19.341605+00:00
2026-06-24T21:20:30  INFO      Poll OK — 2026-06-25T04:20:29.817024+00:00
2026-06-24T21:20:40  INFO      Poll OK — 2026-06-25T04:20:40.284490+00:00
2026-06-24T21:20:51  INFO      Poll OK — 2026-06-25T04:20:50.749675+00:00
2026-06-24T21:21:01  INFO      Poll OK — 2026-06-25T04:21:01.212015+00:00
2026-06-24T21:21:12  INFO      Poll OK — 2026-06-25T04:21:11.696313+00:00
2026-06-24T21:21:22  INFO      Poll OK — 2026-06-25T04:21:22.160374+00:00
2026-06-24T21:21:33  INFO      Poll OK — 2026-06-25T04:21:32.625604+00:00
2026-06-24T21:21:43  INFO      Poll OK — 2026-06-25T04:21:43.088303+00:00
2026-06-24T21:21:54  INFO      Poll OK — 2026-06-25T04:21:53.553811+00:00
2026-06-24T21:22:04  INFO      Poll OK — 2026-06-25T04:22:04.016451+00:00
2026-06-24T21:22:14  INFO      Poll OK — 2026-06-25T04:22:14.484254+00:00
2026-06-24T21:22:25  INFO      Poll OK — 2026-06-25T04:22:24.949874+00:00
2026-06-24T21:22:35  INFO      Poll OK — 2026-06-25T04:22:35.414328+00:00
2026-06-24T21:22:46  INFO      Poll OK — 2026-06-25T04:22:45.880011+00:00
2026-06-24T21:22:56  INFO      Poll OK — 2026-06-25T04:22:56.343215+00:00
2026-06-24T21:23:07  INFO      Poll OK — 2026-06-25T04:23:06.808029+00:00
2026-06-24T21:23:17  INFO      Poll OK — 2026-06-25T04:23:17.271652+00:00
2026-06-24T21:23:28  INFO      Poll OK — 2026-06-25T04:23:27.735631+00:00
2026-06-24T21:23:38  INFO      Poll OK — 2026-06-25T04:23:38.210656+00:00
2026-06-24T21:23:49  INFO      Poll OK — 2026-06-25T04:23:48.673902+00:00
2026-06-24T21:23:59  INFO      Poll OK — 2026-06-25T04:23:59.138762+00:00
2026-06-24T21:24:10  INFO      Poll OK — 2026-06-25T04:24:09.606153+00:00
2026-06-24T21:24:20  INFO      Poll OK — 2026-06-25T04:24:20.070993+00:00
2026-06-24T21:24:30  INFO      Poll OK — 2026-06-25T04:24:30.536408+00:00
2026-06-24T21:24:41  INFO      Poll OK — 2026-06-25T04:24:40.999193+00:00
2026-06-24T21:24:51  INFO      Poll OK — 2026-06-25T04:24:51.464699+00:00
2026-06-24T21:25:02  INFO      Poll OK — 2026-06-25T04:25:01.927693+00:00
2026-06-24T21:25:12  INFO      Poll OK — 2026-06-25T04:25:12.392948+00:00
2026-06-24T21:25:23  INFO      Poll OK — 2026-06-25T04:25:22.855384+00:00
2026-06-24T21:25:33  INFO      Poll OK — 2026-06-25T04:25:33.318126+00:00
2026-06-24T21:25:44  INFO      Poll OK — 2026-06-25T04:25:43.782500+00:00
2026-06-24T21:25:54  INFO      Poll OK — 2026-06-25T04:25:54.244481+00:00
2026-06-24T21:26:05  INFO      Poll OK — 2026-06-25T04:26:04.710677+00:00
2026-06-24T21:26:15  INFO      Poll OK — 2026-06-25T04:26:15.176591+00:00
2026-06-24T21:26:26  INFO      Poll OK — 2026-06-25T04:26:25.639750+00:00
2026-06-24T21:26:36  INFO      Poll OK — 2026-06-25T04:26:36.102992+00:00
2026-06-24T21:26:47  INFO      Poll OK — 2026-06-25T04:26:46.566219+00:00
2026-06-24T21:26:57  INFO      Poll OK — 2026-06-25T04:26:57.030202+00:00
2026-06-24T21:27:07  INFO      Poll OK — 2026-06-25T04:27:07.492137+00:00
2026-06-24T21:27:18  INFO      Poll OK — 2026-06-25T04:27:17.956737+00:00
2026-06-24T21:27:28  INFO      Poll OK — 2026-06-25T04:27:28.418877+00:00
2026-06-24T21:27:39  INFO      Poll OK — 2026-06-25T04:27:38.881985+00:00
2026-06-24T21:27:49  INFO      Poll OK — 2026-06-25T04:27:49.346639+00:00
2026-06-24T21:28:00  INFO      Poll OK — 2026-06-25T04:27:59.811147+00:00
2026-06-24T21:28:10  INFO      Poll OK — 2026-06-25T04:28:10.278437+00:00
2026-06-24T21:28:21  INFO      Poll OK — 2026-06-25T04:28:20.741785+00:00
2026-06-24T21:28:31  INFO      Poll OK — 2026-06-25T04:28:31.204915+00:00
2026-06-24T21:28:42  INFO      Poll OK — 2026-06-25T04:28:41.666952+00:00
2026-06-24T21:28:52  INFO      Poll OK — 2026-06-25T04:28:52.130279+00:00
2026-06-24T21:29:03  INFO      Poll OK — 2026-06-25T04:29:02.594546+00:00
2026-06-24T21:29:13  INFO      Poll OK — 2026-06-25T04:29:13.056507+00:00
2026-06-24T21:29:23  INFO      Poll OK — 2026-06-25T04:29:23.520579+00:00
2026-06-24T21:29:34  INFO      Poll OK — 2026-06-25T04:29:33.982720+00:00
2026-06-24T21:29:44  INFO      Poll OK — 2026-06-25T04:29:44.448121+00:00
2026-06-24T21:29:55  INFO      Poll OK — 2026-06-25T04:29:54.913158+00:00
2026-06-24T21:30:05  INFO      Poll OK — 2026-06-25T04:30:05.377359+00:00
2026-06-24T21:30:16  INFO      Poll OK — 2026-06-25T04:30:15.842454+00:00
2026-06-24T21:30:26  INFO      Poll OK — 2026-06-25T04:30:26.304717+00:00
2026-06-24T21:30:37  INFO      Poll OK — 2026-06-25T04:30:36.767958+00:00
2026-06-24T21:30:47  INFO      Poll OK — 2026-06-25T04:30:47.230185+00:00
2026-06-24T21:30:58  INFO      Poll OK — 2026-06-25T04:30:57.692241+00:00
2026-06-24T21:31:08  INFO      Poll OK — 2026-06-25T04:31:08.156513+00:00
2026-06-24T21:31:19  INFO      Poll OK — 2026-06-25T04:31:18.618644+00:00
2026-06-24T21:31:29  INFO      Poll OK — 2026-06-25T04:31:29.082675+00:00
2026-06-24T21:31:40  INFO      Poll OK — 2026-06-25T04:31:39.548196+00:00
2026-06-24T21:31:50  INFO      Poll OK — 2026-06-25T04:31:50.013338+00:00
2026-06-24T21:32:00  INFO      Poll OK — 2026-06-25T04:32:00.478384+00:00
2026-06-24T21:32:11  INFO      Poll OK — 2026-06-25T04:32:10.950645+00:00
2026-06-24T21:32:21  INFO      Poll OK — 2026-06-25T04:32:21.415849+00:00
2026-06-24T21:32:32  INFO      Poll OK — 2026-06-25T04:32:31.878095+00:00
2026-06-24T21:32:42  INFO      Poll OK — 2026-06-25T04:32:42.341264+00:00
2026-06-24T21:32:53  INFO      Poll OK — 2026-06-25T04:32:52.803497+00:00
2026-06-24T21:33:03  INFO      Poll OK — 2026-06-25T04:33:03.266642+00:00
2026-06-24T21:33:14  INFO      Poll OK — 2026-06-25T04:33:13.730251+00:00
2026-06-24T21:33:24  INFO      Poll OK — 2026-06-25T04:33:24.192764+00:00
2026-06-24T21:33:35  INFO      Poll OK — 2026-06-25T04:33:34.658962+00:00
2026-06-24T21:33:45  INFO      Poll OK — 2026-06-25T04:33:45.124455+00:00
2026-06-24T21:33:56  INFO      Poll OK — 2026-06-25T04:33:55.589523+00:00
2026-06-24T21:34:06  INFO      Poll OK — 2026-06-25T04:34:06.051198+00:00
2026-06-24T21:34:16  INFO      Poll OK — 2026-06-25T04:34:16.515118+00:00
2026-06-24T21:34:27  INFO      Poll OK — 2026-06-25T04:34:26.979064+00:00
2026-06-24T21:34:37  INFO      Poll OK — 2026-06-25T04:34:37.450570+00:00
2026-06-24T21:34:48  INFO      Poll OK — 2026-06-25T04:34:47.915162+00:00
2026-06-24T21:34:58  INFO      Poll OK — 2026-06-25T04:34:58.377163+00:00
2026-06-24T21:35:09  INFO      Poll OK — 2026-06-25T04:35:08.838956+00:00
2026-06-24T21:35:19  INFO      Poll OK — 2026-06-25T04:35:19.305150+00:00
2026-06-24T21:35:30  INFO      Poll OK — 2026-06-25T04:35:29.767558+00:00
2026-06-24T21:35:40  INFO      Poll OK — 2026-06-25T04:35:40.235411+00:00
2026-06-24T21:35:51  INFO      Poll OK — 2026-06-25T04:35:50.698020+00:00
2026-06-24T21:36:01  INFO      Poll OK — 2026-06-25T04:36:01.160998+00:00
2026-06-24T21:36:12  INFO      Poll OK — 2026-06-25T04:36:11.623219+00:00
2026-06-24T21:36:22  INFO      Poll OK — 2026-06-25T04:36:22.087393+00:00
2026-06-24T21:36:33  INFO      Poll OK — 2026-06-25T04:36:32.551989+00:00
2026-06-24T21:36:43  INFO      Poll OK — 2026-06-25T04:36:43.015462+00:00
2026-06-24T21:36:53  INFO      Poll OK — 2026-06-25T04:36:53.477152+00:00
2026-06-24T21:37:04  INFO      Poll OK — 2026-06-25T04:37:03.939503+00:00
2026-06-24T21:37:14  INFO      Poll OK — 2026-06-25T04:37:14.403491+00:00
2026-06-24T21:37:25  INFO      Poll OK — 2026-06-25T04:37:24.869831+00:00
2026-06-24T21:37:35  INFO      Poll OK — 2026-06-25T04:37:35.334006+00:00
2026-06-24T21:37:46  INFO      Poll OK — 2026-06-25T04:37:45.799038+00:00
2026-06-24T21:37:56  INFO      Poll OK — 2026-06-25T04:37:56.261228+00:00
2026-06-24T21:38:07  INFO      Poll OK — 2026-06-25T04:38:06.723347+00:00
2026-06-24T21:38:17  INFO      Poll OK — 2026-06-25T04:38:17.186629+00:00
2026-06-24T21:38:28  INFO      Poll OK — 2026-06-25T04:38:27.650087+00:00
2026-06-24T21:38:38  INFO      Poll OK — 2026-06-25T04:38:38.114435+00:00
2026-06-24T21:38:49  INFO      Poll OK — 2026-06-25T04:38:48.575436+00:00
2026-06-24T21:38:59  INFO      Poll OK — 2026-06-25T04:38:59.039398+00:00
2026-06-24T21:39:09  INFO      Poll OK — 2026-06-25T04:39:09.504525+00:00
2026-06-24T21:39:20  INFO      Poll OK — 2026-06-25T04:39:19.969143+00:00
2026-06-24T21:39:30  INFO      Poll OK — 2026-06-25T04:39:30.435093+00:00
2026-06-24T21:39:41  INFO      Poll OK — 2026-06-25T04:39:40.896537+00:00
2026-06-24T21:39:51  INFO      Poll OK — 2026-06-25T04:39:51.361724+00:00
2026-06-24T21:40:02  INFO      Poll OK — 2026-06-25T04:40:01.823841+00:00
2026-06-24T21:40:12  INFO      Poll OK — 2026-06-25T04:40:12.297005+00:00
2026-06-24T21:40:23  INFO      Poll OK — 2026-06-25T04:40:22.760371+00:00
2026-06-24T21:40:33  INFO      Poll OK — 2026-06-25T04:40:33.222421+00:00
2026-06-24T21:40:44  INFO      Poll OK — 2026-06-25T04:40:43.687005+00:00
2026-06-24T21:40:54  INFO      Poll OK — 2026-06-25T04:40:54.158952+00:00
2026-06-24T21:41:05  INFO      Poll OK — 2026-06-25T04:41:04.625170+00:00
2026-06-24T21:41:15  INFO      Poll OK — 2026-06-25T04:41:15.090146+00:00
2026-06-24T21:41:26  INFO      Poll OK — 2026-06-25T04:41:25.554891+00:00
2026-06-24T21:41:36  INFO      Poll OK — 2026-06-25T04:41:36.016895+00:00
2026-06-24T21:41:46  INFO      Poll OK — 2026-06-25T04:41:46.480554+00:00
2026-06-24T21:41:57  INFO      Poll OK — 2026-06-25T04:41:56.944752+00:00
2026-06-24T21:42:07  INFO      Poll OK — 2026-06-25T04:42:07.405936+00:00
2026-06-24T21:42:18  INFO      Poll OK — 2026-06-25T04:42:17.868560+00:00
2026-06-24T21:42:28  INFO      Poll OK — 2026-06-25T04:42:28.332158+00:00
2026-06-24T21:42:39  INFO      Poll OK — 2026-06-25T04:42:38.795009+00:00
2026-06-24T21:42:49  INFO      Poll OK — 2026-06-25T04:42:49.260360+00:00
2026-06-24T21:43:00  INFO      Poll OK — 2026-06-25T04:42:59.723736+00:00
2026-06-24T21:43:10  INFO      Poll OK — 2026-06-25T04:43:10.189801+00:00
2026-06-24T21:43:21  INFO      Poll OK — 2026-06-25T04:43:20.653057+00:00
2026-06-24T21:43:31  INFO      Poll OK — 2026-06-25T04:43:31.117027+00:00
2026-06-24T21:43:42  INFO      Poll OK — 2026-06-25T04:43:41.579443+00:00
2026-06-24T21:43:52  INFO      Poll OK — 2026-06-25T04:43:52.051624+00:00
2026-06-24T21:44:02  INFO      Poll OK — 2026-06-25T04:44:02.515609+00:00
2026-06-24T21:44:13  INFO      Poll OK — 2026-06-25T04:44:12.977217+00:00
2026-06-24T21:44:23  INFO      Poll OK — 2026-06-25T04:44:23.441294+00:00
2026-06-24T21:44:34  INFO      Poll OK — 2026-06-25T04:44:33.904710+00:00
2026-06-24T21:44:44  INFO      Poll OK — 2026-06-25T04:44:44.378810+00:00
2026-06-24T21:44:55  INFO      Poll OK — 2026-06-25T04:44:54.845162+00:00
2026-06-24T21:45:05  INFO      Poll OK — 2026-06-25T04:45:05.309501+00:00
2026-06-24T21:45:16  INFO      Poll OK — 2026-06-25T04:45:15.772985+00:00
2026-06-24T21:45:26  INFO      Poll OK — 2026-06-25T04:45:26.236763+00:00
2026-06-24T21:45:37  INFO      Poll OK — 2026-06-25T04:45:36.700255+00:00
2026-06-24T21:45:47  INFO      Poll OK — 2026-06-25T04:45:47.162420+00:00
2026-06-24T21:45:58  INFO      Poll OK — 2026-06-25T04:45:57.624620+00:00
2026-06-24T21:46:08  INFO      Poll OK — 2026-06-25T04:46:08.088391+00:00
2026-06-24T21:46:19  INFO      Poll OK — 2026-06-25T04:46:18.550694+00:00
2026-06-24T21:46:29  INFO      Poll OK — 2026-06-25T04:46:29.015038+00:00
2026-06-24T21:46:39  INFO      Poll OK — 2026-06-25T04:46:39.480424+00:00
2026-06-24T21:46:50  INFO      Poll OK — 2026-06-25T04:46:49.944595+00:00
2026-06-24T21:47:00  INFO      Poll OK — 2026-06-25T04:47:00.409903+00:00
2026-06-24T21:47:11  INFO      Poll OK — 2026-06-25T04:47:10.870858+00:00
2026-06-24T21:47:21  INFO      Poll OK — 2026-06-25T04:47:21.336326+00:00
2026-06-24T21:47:32  INFO      Poll OK — 2026-06-25T04:47:31.798457+00:00
2026-06-24T21:47:42  INFO      Poll OK — 2026-06-25T04:47:42.261799+00:00
2026-06-24T21:47:53  INFO      Poll OK — 2026-06-25T04:47:52.723972+00:00
2026-06-24T21:48:03  INFO      Poll OK — 2026-06-25T04:48:03.186156+00:00
2026-06-24T21:48:14  INFO      Poll OK — 2026-06-25T04:48:13.650579+00:00
2026-06-24T21:48:24  INFO      Poll OK — 2026-06-25T04:48:24.112446+00:00
2026-06-24T21:48:35  INFO      Poll OK — 2026-06-25T04:48:34.579718+00:00
2026-06-24T21:48:45  INFO      Poll OK — 2026-06-25T04:48:45.043797+00:00
2026-06-24T21:48:55  INFO      Poll OK — 2026-06-25T04:48:55.508604+00:00
2026-06-24T21:49:06  INFO      Poll OK — 2026-06-25T04:49:05.972884+00:00
2026-06-24T21:49:16  INFO      Poll OK — 2026-06-25T04:49:16.432796+00:00
2026-06-24T21:49:27  INFO      Poll OK — 2026-06-25T04:49:26.898173+00:00
2026-06-24T21:49:37  INFO      Poll OK — 2026-06-25T04:49:37.360038+00:00
2026-06-24T21:49:48  INFO      Poll OK — 2026-06-25T04:49:47.823491+00:00
2026-06-24T21:49:58  INFO      Poll OK — 2026-06-25T04:49:58.285877+00:00
2026-06-24T21:50:09  INFO      Poll OK — 2026-06-25T04:50:08.748790+00:00
2026-06-24T21:50:19  INFO      Poll OK — 2026-06-25T04:50:19.212310+00:00
2026-06-24T21:50:30  INFO      Poll OK — 2026-06-25T04:50:29.677247+00:00
2026-06-24T21:50:40  INFO      Poll OK — 2026-06-25T04:50:40.144524+00:00
2026-06-24T21:50:51  INFO      Poll OK — 2026-06-25T04:50:50.607788+00:00
2026-06-24T21:51:01  INFO      Poll OK — 2026-06-25T04:51:01.070818+00:00
2026-06-24T21:51:11  INFO      Poll OK — 2026-06-25T04:51:11.534753+00:00
2026-06-24T21:51:22  INFO      Poll OK — 2026-06-25T04:51:21.995443+00:00
2026-06-24T21:51:32  INFO      Poll OK — 2026-06-25T04:51:32.460571+00:00
2026-06-24T21:51:43  INFO      Poll OK — 2026-06-25T04:51:42.922265+00:00
2026-06-24T21:51:53  INFO      Poll OK — 2026-06-25T04:51:53.386296+00:00
2026-06-24T21:52:04  INFO      Poll OK — 2026-06-25T04:52:03.848573+00:00
2026-06-24T21:52:14  INFO      Poll OK — 2026-06-25T04:52:14.312559+00:00
2026-06-24T21:52:25  INFO      Poll OK — 2026-06-25T04:52:24.778910+00:00
2026-06-24T21:52:35  INFO      Poll OK — 2026-06-25T04:52:35.242652+00:00
2026-06-24T21:52:46  INFO      Poll OK — 2026-06-25T04:52:45.707182+00:00
2026-06-24T21:52:56  INFO      Poll OK — 2026-06-25T04:52:56.169737+00:00
2026-06-24T21:53:07  INFO      Poll OK — 2026-06-25T04:53:06.632579+00:00
2026-06-24T21:53:17  INFO      Poll OK — 2026-06-25T04:53:17.096002+00:00
2026-06-24T21:53:28  INFO      Poll OK — 2026-06-25T04:53:27.558154+00:00
2026-06-24T21:53:38  INFO      Poll OK — 2026-06-25T04:53:38.023024+00:00
2026-06-24T21:53:48  INFO      Poll OK — 2026-06-25T04:53:48.484608+00:00
2026-06-24T21:53:59  INFO      Poll OK — 2026-06-25T04:53:58.948790+00:00
2026-06-24T21:54:09  INFO      Poll OK — 2026-06-25T04:54:09.413300+00:00
2026-06-24T21:54:20  INFO      Poll OK — 2026-06-25T04:54:19.878590+00:00
2026-06-24T21:54:30  INFO      Poll OK — 2026-06-25T04:54:30.343668+00:00
2026-06-24T21:54:41  INFO      Poll OK — 2026-06-25T04:54:40.805772+00:00
2026-06-24T21:54:51  INFO      Poll OK — 2026-06-25T04:54:51.271038+00:00
2026-06-24T21:55:02  INFO      Poll OK — 2026-06-25T04:55:01.732164+00:00
2026-06-24T21:55:12  INFO      Poll OK — 2026-06-25T04:55:12.195621+00:00
2026-06-24T21:55:23  INFO      Poll OK — 2026-06-25T04:55:22.657680+00:00
2026-06-24T21:55:33  INFO      Poll OK — 2026-06-25T04:55:33.121162+00:00
2026-06-24T21:55:44  INFO      Poll OK — 2026-06-25T04:55:43.584282+00:00
2026-06-24T21:55:54  INFO      Poll OK — 2026-06-25T04:55:54.046233+00:00
2026-06-24T21:56:04  INFO      Poll OK — 2026-06-25T04:56:04.513743+00:00
2026-06-24T21:56:15  INFO      Poll OK — 2026-06-25T04:56:14.978133+00:00
2026-06-24T21:56:25  INFO      Poll OK — 2026-06-25T04:56:25.442001+00:00
2026-06-24T21:56:36  INFO      Poll OK — 2026-06-25T04:56:35.905456+00:00
2026-06-24T21:56:46  INFO      Poll OK — 2026-06-25T04:56:46.367591+00:00
2026-06-24T21:56:57  INFO      Poll OK — 2026-06-25T04:56:56.832940+00:00
2026-06-24T21:57:07  INFO      Poll OK — 2026-06-25T04:57:07.293998+00:00
2026-06-24T21:57:18  INFO      Poll OK — 2026-06-25T04:57:17.758528+00:00
2026-06-24T21:57:28  INFO      Poll OK — 2026-06-25T04:57:28.219839+00:00
2026-06-24T21:57:39  INFO      Poll OK — 2026-06-25T04:57:38.683642+00:00
2026-06-24T21:57:49  INFO      Poll OK — 2026-06-25T04:57:49.147035+00:00
2026-06-24T21:58:00  INFO      Poll OK — 2026-06-25T04:57:59.612155+00:00
2026-06-24T21:58:10  INFO      Poll OK — 2026-06-25T04:58:10.078422+00:00
2026-06-24T21:58:21  INFO      Poll OK — 2026-06-25T04:58:20.541512+00:00
2026-06-24T21:58:31  INFO      Poll OK — 2026-06-25T04:58:31.006371+00:00
2026-06-24T21:58:41  INFO      Poll OK — 2026-06-25T04:58:41.468018+00:00
2026-06-24T21:58:52  INFO      Poll OK — 2026-06-25T04:58:51.940224+00:00
2026-06-24T21:59:02  INFO      Poll OK — 2026-06-25T04:59:02.404800+00:00
2026-06-24T21:59:13  INFO      Poll OK — 2026-06-25T04:59:12.866121+00:00
2026-06-24T21:59:23  INFO      Poll OK — 2026-06-25T04:59:23.330357+00:00
2026-06-24T21:59:34  INFO      Poll OK — 2026-06-25T04:59:33.792552+00:00
2026-06-24T21:59:44  INFO      Poll OK — 2026-06-25T04:59:44.257622+00:00
2026-06-24T21:59:55  INFO      Poll OK — 2026-06-25T04:59:54.722813+00:00
2026-06-24T22:00:05  INFO      Poll OK — 2026-06-25T05:00:05.186830+00:00
2026-06-24T22:00:16  INFO      Poll OK — 2026-06-25T05:00:15.651336+00:00
2026-06-24T22:00:26  INFO      Poll OK — 2026-06-25T05:00:26.113564+00:00
2026-06-24T22:00:37  INFO      Poll OK — 2026-06-25T05:00:36.576565+00:00
2026-06-24T22:00:47  INFO      Poll OK — 2026-06-25T05:00:47.039051+00:00
2026-06-24T22:00:57  INFO      Poll OK — 2026-06-25T05:00:57.502342+00:00
2026-06-24T22:01:08  INFO      Poll OK — 2026-06-25T05:01:07.965365+00:00
2026-06-24T22:01:18  INFO      Poll OK — 2026-06-25T05:01:18.427723+00:00
2026-06-24T22:01:29  INFO      Poll OK — 2026-06-25T05:01:28.890716+00:00
2026-06-24T22:01:39  INFO      Poll OK — 2026-06-25T05:01:39.355126+00:00
2026-06-24T22:01:50  INFO      Poll OK — 2026-06-25T05:01:49.820298+00:00
2026-06-24T22:02:00  INFO      Poll OK — 2026-06-25T05:02:00.285731+00:00
2026-06-24T22:02:11  INFO      Poll OK — 2026-06-25T05:02:10.747594+00:00
2026-06-24T22:02:21  INFO      Poll OK — 2026-06-25T05:02:21.213179+00:00
2026-06-24T22:02:32  INFO      Poll OK — 2026-06-25T05:02:31.684253+00:00
2026-06-24T22:02:42  INFO      Poll OK — 2026-06-25T05:02:42.147455+00:00
2026-06-24T22:02:53  INFO      Poll OK — 2026-06-25T05:02:52.610759+00:00
2026-06-24T22:03:03  INFO      Poll OK — 2026-06-25T05:03:03.072985+00:00
2026-06-24T22:03:13  INFO      Poll OK — 2026-06-25T05:03:13.537389+00:00
2026-06-24T22:03:24  INFO      Poll OK — 2026-06-25T05:03:23.998218+00:00
2026-06-24T22:03:34  INFO      Poll OK — 2026-06-25T05:03:34.475962+00:00
2026-06-24T22:03:45  INFO      Poll OK — 2026-06-25T05:03:44.939649+00:00
2026-06-24T22:03:55  INFO      Poll OK — 2026-06-25T05:03:55.405546+00:00
2026-06-24T22:04:06  INFO      Poll OK — 2026-06-25T05:04:05.867317+00:00
2026-06-24T22:04:16  INFO      Poll OK — 2026-06-25T05:04:16.329782+00:00
2026-06-24T22:04:27  INFO      Poll OK — 2026-06-25T05:04:26.793910+00:00
2026-06-24T22:04:37  INFO      Poll OK — 2026-06-25T05:04:37.265161+00:00
2026-06-24T22:04:48  INFO      Poll OK — 2026-06-25T05:04:47.730507+00:00
2026-06-24T22:04:58  INFO      Poll OK — 2026-06-25T05:04:58.192524+00:00
2026-06-24T22:05:09  INFO      Poll OK — 2026-06-25T05:05:08.654706+00:00
2026-06-24T22:05:19  INFO      Poll OK — 2026-06-25T05:05:19.118064+00:00
2026-06-24T22:05:30  INFO      Poll OK — 2026-06-25T05:05:29.582359+00:00
2026-06-24T22:05:40  INFO      Poll OK — 2026-06-25T05:05:40.049364+00:00
2026-06-24T22:05:50  INFO      Poll OK — 2026-06-25T05:05:50.524200+00:00
2026-06-24T22:06:01  INFO      Poll OK — 2026-06-25T05:06:00.986171+00:00
2026-06-24T22:06:11  INFO      Poll OK — 2026-06-25T05:06:11.459110+00:00
2026-06-24T22:06:22  INFO      Poll OK — 2026-06-25T05:06:21.921410+00:00
2026-06-24T22:06:32  INFO      Poll OK — 2026-06-25T05:06:32.386075+00:00
2026-06-24T22:06:43  INFO      Poll OK — 2026-06-25T05:06:42.846899+00:00
2026-06-24T22:06:53  INFO      Poll OK — 2026-06-25T05:06:53.321122+00:00
2026-06-24T22:07:04  INFO      Poll OK — 2026-06-25T05:07:03.783545+00:00
2026-06-24T22:07:14  INFO      Poll OK — 2026-06-25T05:07:14.248041+00:00
2026-06-24T22:07:25  INFO      Poll OK — 2026-06-25T05:07:24.713710+00:00
2026-06-24T22:07:35  INFO      Poll OK — 2026-06-25T05:07:35.176779+00:00
2026-06-24T22:07:46  INFO      Poll OK — 2026-06-25T05:07:45.642138+00:00
2026-06-24T22:07:56  INFO      Poll OK — 2026-06-25T05:07:56.104368+00:00
2026-06-24T22:08:07  INFO      Poll OK — 2026-06-25T05:08:06.567503+00:00
2026-06-24T22:08:17  INFO      Poll OK — 2026-06-25T05:08:17.029738+00:00
2026-06-24T22:08:27  INFO      Poll OK — 2026-06-25T05:08:27.493569+00:00
2026-06-24T22:08:38  INFO      Poll OK — 2026-06-25T05:08:37.956557+00:00
2026-06-24T22:08:48  INFO      Poll OK — 2026-06-25T05:08:48.417766+00:00
2026-06-24T22:08:59  INFO      Poll OK — 2026-06-25T05:08:58.882948+00:00
2026-06-24T22:09:09  INFO      Poll OK — 2026-06-25T05:09:09.347020+00:00
2026-06-24T22:09:20  INFO      Poll OK — 2026-06-25T05:09:19.811504+00:00
2026-06-24T22:09:30  INFO      Poll OK — 2026-06-25T05:09:30.286663+00:00
2026-06-24T22:09:41  INFO      Poll OK — 2026-06-25T05:09:40.748997+00:00
2026-06-24T22:09:51  INFO      Poll OK — 2026-06-25T05:09:51.214219+00:00
2026-06-24T22:10:02  INFO      Poll OK — 2026-06-25T05:10:01.675540+00:00
2026-06-24T22:10:12  INFO      Poll OK — 2026-06-25T05:10:12.138737+00:00
2026-06-24T22:10:23  INFO      Poll OK — 2026-06-25T05:10:22.600663+00:00
2026-06-24T22:10:33  INFO      Poll OK — 2026-06-25T05:10:33.076919+00:00
2026-06-24T22:10:43  INFO      Poll OK — 2026-06-25T05:10:43.537335+00:00
2026-06-24T22:10:54  INFO      Poll OK — 2026-06-25T05:10:54.000326+00:00
2026-06-24T22:11:04  INFO      Poll OK — 2026-06-25T05:11:04.467011+00:00
2026-06-24T22:11:15  INFO      Poll OK — 2026-06-25T05:11:14.930892+00:00
2026-06-24T22:11:25  INFO      Poll OK — 2026-06-25T05:11:25.395843+00:00
2026-06-24T22:11:36  INFO      Poll OK — 2026-06-25T05:11:35.858320+00:00
2026-06-24T22:11:46  INFO      Poll OK — 2026-06-25T05:11:46.319578+00:00
2026-06-24T22:11:57  INFO      Poll OK — 2026-06-25T05:11:56.785887+00:00
2026-06-24T22:12:07  INFO      Poll OK — 2026-06-25T05:12:07.246978+00:00
2026-06-24T22:12:18  INFO      Poll OK — 2026-06-25T05:12:17.710503+00:00
2026-06-24T22:12:28  INFO      Poll OK — 2026-06-25T05:12:28.172661+00:00
2026-06-24T22:12:39  INFO      Poll OK — 2026-06-25T05:12:38.635046+00:00
2026-06-24T22:12:49  INFO      Poll OK — 2026-06-25T05:12:49.099045+00:00
2026-06-24T22:13:00  INFO      Poll OK — 2026-06-25T05:12:59.563451+00:00
2026-06-24T22:13:10  INFO      Poll OK — 2026-06-25T05:13:10.030556+00:00
2026-06-24T22:13:20  INFO      Poll OK — 2026-06-25T05:13:20.494369+00:00
2026-06-24T22:13:31  INFO      Poll OK — 2026-06-25T05:13:30.956749+00:00
2026-06-24T22:13:41  INFO      Poll OK — 2026-06-25T05:13:41.419737+00:00
2026-06-24T22:13:52  INFO      Poll OK — 2026-06-25T05:13:51.881621+00:00
2026-06-24T22:14:02  INFO      Poll OK — 2026-06-25T05:14:02.347051+00:00
2026-06-24T22:14:13  INFO      Poll OK — 2026-06-25T05:14:12.808488+00:00
2026-06-24T22:14:23  INFO      Poll OK — 2026-06-25T05:14:23.270992+00:00
2026-06-24T22:14:34  INFO      Poll OK — 2026-06-25T05:14:33.733618+00:00
2026-06-24T22:14:44  INFO      Poll OK — 2026-06-25T05:14:44.198844+00:00
2026-06-24T22:14:55  INFO      Poll OK — 2026-06-25T05:14:54.663810+00:00
2026-06-24T22:15:05  INFO      Poll OK — 2026-06-25T05:15:05.127059+00:00
2026-06-24T22:15:16  INFO      Poll OK — 2026-06-25T05:15:15.593159+00:00
2026-06-24T22:15:26  INFO      Poll OK — 2026-06-25T05:15:26.054234+00:00
2026-06-24T22:15:36  INFO      Poll OK — 2026-06-25T05:15:36.517996+00:00
2026-06-24T22:15:47  INFO      Poll OK — 2026-06-25T05:15:46.979345+00:00
2026-06-24T22:15:57  INFO      Poll OK — 2026-06-25T05:15:57.443433+00:00
2026-06-24T22:16:08  INFO      Poll OK — 2026-06-25T05:16:07.907399+00:00
2026-06-24T22:16:18  INFO      Poll OK — 2026-06-25T05:16:18.368648+00:00
2026-06-24T22:16:29  INFO      Poll OK — 2026-06-25T05:16:28.833168+00:00
2026-06-24T22:16:39  INFO      Poll OK — 2026-06-25T05:16:39.297296+00:00
2026-06-24T22:16:50  INFO      Poll OK — 2026-06-25T05:16:49.761998+00:00
2026-06-24T22:17:00  INFO      Poll OK — 2026-06-25T05:17:00.227759+00:00
2026-06-24T22:17:11  INFO      Poll OK — 2026-06-25T05:17:10.698971+00:00
2026-06-24T22:17:21  INFO      Poll OK — 2026-06-25T05:17:21.162892+00:00
2026-06-24T22:17:32  INFO      Poll OK — 2026-06-25T05:17:31.624546+00:00
2026-06-24T22:17:42  INFO      Poll OK — 2026-06-25T05:17:42.090366+00:00
2026-06-24T22:17:53  INFO      Poll OK — 2026-06-25T05:17:52.550145+00:00
2026-06-24T22:18:03  INFO      Poll OK — 2026-06-25T05:18:03.013248+00:00
2026-06-24T22:18:13  INFO      Poll OK — 2026-06-25T05:18:13.476615+00:00
2026-06-24T22:18:24  INFO      Poll OK — 2026-06-25T05:18:23.939112+00:00
2026-06-24T22:18:34  INFO      Poll OK — 2026-06-25T05:18:34.405030+00:00
2026-06-24T22:18:45  INFO      Poll OK — 2026-06-25T05:18:44.868171+00:00
2026-06-24T22:18:55  INFO      Poll OK — 2026-06-25T05:18:55.333268+00:00
2026-06-24T22:19:06  INFO      Poll OK — 2026-06-25T05:19:05.796633+00:00
2026-06-24T22:19:16  INFO      Poll OK — 2026-06-25T05:19:16.258400+00:00
2026-06-24T22:19:27  INFO      Poll OK — 2026-06-25T05:19:26.723028+00:00
2026-06-24T22:19:37  INFO      Poll OK — 2026-06-25T05:19:37.183139+00:00
2026-06-24T22:19:48  INFO      Poll OK — 2026-06-25T05:19:47.647367+00:00
2026-06-24T22:19:58  INFO      Poll OK — 2026-06-25T05:19:58.108782+00:00
2026-06-24T22:20:09  INFO      Poll OK — 2026-06-25T05:20:08.582096+00:00
2026-06-24T22:20:19  INFO      Poll OK — 2026-06-25T05:20:19.045327+00:00
2026-06-24T22:20:29  INFO      Poll OK — 2026-06-25T05:20:29.509592+00:00
2026-06-24T22:20:40  INFO      Poll OK — 2026-06-25T05:20:39.977056+00:00
2026-06-24T22:20:50  INFO      Poll OK — 2026-06-25T05:20:50.439885+00:00
2026-06-24T22:21:01  INFO      Poll OK — 2026-06-25T05:21:00.902205+00:00
2026-06-24T22:21:11  INFO      Poll OK — 2026-06-25T05:21:11.365572+00:00
2026-06-24T22:21:22  INFO      Poll OK — 2026-06-25T05:21:21.827386+00:00
2026-06-24T22:21:32  INFO      Poll OK — 2026-06-25T05:21:32.291941+00:00
2026-06-24T22:21:43  INFO      Poll OK — 2026-06-25T05:21:42.751985+00:00
2026-06-24T22:21:53  INFO      Poll OK — 2026-06-25T05:21:53.216464+00:00
2026-06-24T22:22:04  INFO      Poll OK — 2026-06-25T05:22:03.678519+00:00
2026-06-24T22:22:14  INFO      Poll OK — 2026-06-25T05:22:14.142885+00:00
2026-06-24T22:22:25  INFO      Poll OK — 2026-06-25T05:22:24.607031+00:00
2026-06-24T22:22:35  INFO      Poll OK — 2026-06-25T05:22:35.081284+00:00
2026-06-24T22:22:46  INFO      Poll OK — 2026-06-25T05:22:45.546598+00:00
2026-06-24T22:22:56  INFO      Poll OK — 2026-06-25T05:22:56.008961+00:00
2026-06-24T22:23:06  INFO      Poll OK — 2026-06-25T05:23:06.471794+00:00
2026-06-24T22:23:17  INFO      Poll OK — 2026-06-25T05:23:16.934212+00:00
2026-06-24T22:23:27  INFO      Poll OK — 2026-06-25T05:23:27.396573+00:00
2026-06-24T22:23:38  INFO      Poll OK — 2026-06-25T05:23:37.860764+00:00
2026-06-24T22:23:48  INFO      Poll OK — 2026-06-25T05:23:48.321154+00:00
2026-06-24T22:23:59  INFO      Poll OK — 2026-06-25T05:23:58.784787+00:00
2026-06-24T22:24:09  INFO      Poll OK — 2026-06-25T05:24:09.250534+00:00
2026-06-24T22:24:20  INFO      Poll OK — 2026-06-25T05:24:19.714546+00:00
2026-06-24T22:24:30  INFO      Poll OK — 2026-06-25T05:24:30.180428+00:00
2026-06-24T22:24:41  INFO      Poll OK — 2026-06-25T05:24:40.641369+00:00
2026-06-24T22:24:51  INFO      Poll OK — 2026-06-25T05:24:51.105298+00:00
2026-06-24T22:25:02  INFO      Poll OK — 2026-06-25T05:25:01.566597+00:00
2026-06-24T22:25:12  INFO      Poll OK — 2026-06-25T05:25:12.030676+00:00
2026-06-24T22:25:22  INFO      Poll OK — 2026-06-25T05:25:22.493960+00:00
2026-06-24T22:25:33  INFO      Poll OK — 2026-06-25T05:25:32.955089+00:00
2026-06-24T22:25:43  INFO      Poll OK — 2026-06-25T05:25:43.419416+00:00
2026-06-24T22:25:54  INFO      Poll OK — 2026-06-25T05:25:53.880887+00:00
2026-06-24T22:26:04  INFO      Poll OK — 2026-06-25T05:26:04.355919+00:00
2026-06-24T22:26:15  INFO      Poll OK — 2026-06-25T05:26:14.821456+00:00
2026-06-24T22:26:25  INFO      Poll OK — 2026-06-25T05:26:25.286447+00:00
2026-06-24T22:26:36  INFO      Poll OK — 2026-06-25T05:26:35.748056+00:00
2026-06-24T22:26:46  INFO      Poll OK — 2026-06-25T05:26:46.210044+00:00
2026-06-24T22:26:57  INFO      Poll OK — 2026-06-25T05:26:56.675189+00:00
2026-06-24T22:27:07  INFO      Poll OK — 2026-06-25T05:27:07.136577+00:00
2026-06-24T22:27:18  INFO      Poll OK — 2026-06-25T05:27:17.600633+00:00
2026-06-24T22:27:28  INFO      Poll OK — 2026-06-25T05:27:28.061708+00:00
2026-06-24T22:27:38  INFO      Poll OK — 2026-06-25T05:27:38.524102+00:00
2026-06-24T22:27:49  INFO      Poll OK — 2026-06-25T05:27:48.988376+00:00
2026-06-24T22:27:59  INFO      Poll OK — 2026-06-25T05:27:59.461702+00:00
2026-06-24T22:28:10  INFO      Poll OK — 2026-06-25T05:28:09.929757+00:00
2026-06-24T22:28:20  INFO      Poll OK — 2026-06-25T05:28:20.392440+00:00
2026-06-24T22:28:31  INFO      Poll OK — 2026-06-25T05:28:30.855834+00:00
2026-06-24T22:28:41  INFO      Poll OK — 2026-06-25T05:28:41.318247+00:00
2026-06-24T22:28:52  INFO      Poll OK — 2026-06-25T05:28:51.780574+00:00
2026-06-24T22:29:02  INFO      Poll OK — 2026-06-25T05:29:02.245569+00:00
2026-06-24T22:29:13  INFO      Poll OK — 2026-06-25T05:29:12.707335+00:00
2026-06-24T22:29:23  INFO      Poll OK — 2026-06-25T05:29:23.171734+00:00
2026-06-24T22:29:34  INFO      Poll OK — 2026-06-25T05:29:33.634376+00:00
2026-06-24T22:29:44  INFO      Poll OK — 2026-06-25T05:29:44.096942+00:00
2026-06-24T22:29:55  INFO      Poll OK — 2026-06-25T05:29:54.562740+00:00
2026-06-24T22:30:05  INFO      Poll OK — 2026-06-25T05:30:05.026840+00:00
2026-06-24T22:30:15  INFO      Poll OK — 2026-06-25T05:30:15.494257+00:00
2026-06-24T22:30:26  INFO      Poll OK — 2026-06-25T05:30:25.954675+00:00
2026-06-24T22:30:36  INFO      Poll OK — 2026-06-25T05:30:36.428581+00:00
2026-06-24T22:30:47  INFO      Poll OK — 2026-06-25T05:30:46.890461+00:00
2026-06-24T22:30:57  INFO      Poll OK — 2026-06-25T05:30:57.354123+00:00
2026-06-24T22:31:08  INFO      Poll OK — 2026-06-25T05:31:07.818482+00:00
2026-06-24T22:31:18  INFO      Poll OK — 2026-06-25T05:31:18.279880+00:00
2026-06-24T22:31:29  INFO      Poll OK — 2026-06-25T05:31:28.744549+00:00
2026-06-24T22:31:39  INFO      Poll OK — 2026-06-25T05:31:39.208911+00:00
2026-06-24T22:31:50  INFO      Poll OK — 2026-06-25T05:31:49.673383+00:00
2026-06-24T22:32:00  INFO      Poll OK — 2026-06-25T05:32:00.139089+00:00
2026-06-24T22:32:11  INFO      Poll OK — 2026-06-25T05:32:10.599473+00:00
2026-06-24T22:32:21  INFO      Poll OK — 2026-06-25T05:32:21.066524+00:00
2026-06-24T22:32:31  INFO      Poll OK — 2026-06-25T05:32:31.527441+00:00
2026-06-24T22:32:42  INFO      Poll OK — 2026-06-25T05:32:41.991631+00:00
2026-06-24T22:32:52  INFO      Poll OK — 2026-06-25T05:32:52.453300+00:00
2026-06-24T22:33:03  INFO      Poll OK — 2026-06-25T05:33:02.915993+00:00
2026-06-24T22:33:13  INFO      Poll OK — 2026-06-25T05:33:13.391056+00:00
2026-06-24T22:33:24  INFO      Poll OK — 2026-06-25T05:33:23.851727+00:00
2026-06-24T22:33:34  INFO      Poll OK — 2026-06-25T05:33:34.318306+00:00
2026-06-24T22:33:45  INFO      Poll OK — 2026-06-25T05:33:44.782694+00:00
2026-06-24T22:33:55  INFO      Poll OK — 2026-06-25T05:33:55.250496+00:00
2026-06-24T22:34:06  INFO      Poll OK — 2026-06-25T05:34:05.709686+00:00
2026-06-24T22:34:16  INFO      Poll OK — 2026-06-25T05:34:16.172877+00:00
2026-06-24T22:34:27  INFO      Poll OK — 2026-06-25T05:34:26.638441+00:00
2026-06-24T22:34:37  INFO      Poll OK — 2026-06-25T05:34:37.098820+00:00
2026-06-24T22:34:48  INFO      Poll OK — 2026-06-25T05:34:47.563234+00:00
2026-06-24T22:34:58  INFO      Poll OK — 2026-06-25T05:34:58.025108+00:00
2026-06-24T22:35:08  INFO      Poll OK — 2026-06-25T05:35:08.487271+00:00
2026-06-24T22:35:19  INFO      Poll OK — 2026-06-25T05:35:18.952677+00:00
2026-06-24T22:35:29  INFO      Poll OK — 2026-06-25T05:35:29.416237+00:00
2026-06-24T22:35:40  INFO      Poll OK — 2026-06-25T05:35:39.883740+00:00
2026-06-24T22:35:50  INFO      Poll OK — 2026-06-25T05:35:50.356130+00:00
2026-06-24T22:36:01  INFO      Poll OK — 2026-06-25T05:36:00.819533+00:00
2026-06-24T22:36:11  INFO      Poll OK — 2026-06-25T05:36:11.282050+00:00
2026-06-24T22:36:22  INFO      Poll OK — 2026-06-25T05:36:21.755233+00:00
2026-06-24T22:36:32  INFO      Poll OK — 2026-06-25T05:36:32.219532+00:00
2026-06-24T22:36:43  INFO      Poll OK — 2026-06-25T05:36:42.680152+00:00
2026-06-24T22:36:53  INFO      Poll OK — 2026-06-25T05:36:53.144449+00:00
2026-06-24T22:37:04  INFO      Poll OK — 2026-06-25T05:37:03.606909+00:00
2026-06-24T22:37:14  INFO      Poll OK — 2026-06-25T05:37:14.069546+00:00
2026-06-24T22:37:24  INFO      Poll OK — 2026-06-25T05:37:24.535724+00:00
2026-06-24T22:37:35  INFO      Poll OK — 2026-06-25T05:37:35.000912+00:00
2026-06-24T22:37:45  INFO      Poll OK — 2026-06-25T05:37:45.465370+00:00
2026-06-24T22:37:56  INFO      Poll OK — 2026-06-25T05:37:55.927086+00:00
2026-06-24T22:38:06  INFO      Poll OK — 2026-06-25T05:38:06.390559+00:00
2026-06-24T22:38:17  INFO      Poll OK — 2026-06-25T05:38:16.851910+00:00
2026-06-24T22:38:27  INFO      Poll OK — 2026-06-25T05:38:27.326181+00:00
2026-06-24T22:38:38  INFO      Poll OK — 2026-06-25T05:38:37.790413+00:00
2026-06-24T22:38:48  INFO      Poll OK — 2026-06-25T05:38:48.250983+00:00
2026-06-24T22:38:59  INFO      Poll OK — 2026-06-25T05:38:58.715412+00:00
2026-06-24T22:39:09  INFO      Poll OK — 2026-06-25T05:39:09.179630+00:00
2026-06-24T22:39:20  INFO      Poll OK — 2026-06-25T05:39:19.643899+00:00
2026-06-24T22:39:30  INFO      Poll OK — 2026-06-25T05:39:30.110312+00:00
2026-06-24T22:39:41  INFO      Poll OK — 2026-06-25T05:39:40.571661+00:00
2026-06-24T22:39:51  INFO      Poll OK — 2026-06-25T05:39:51.037315+00:00
2026-06-24T22:40:01  INFO      Poll OK — 2026-06-25T05:40:01.498352+00:00
2026-06-24T22:40:12  INFO      Poll OK — 2026-06-25T05:40:11.961941+00:00
2026-06-24T22:40:22  INFO      Poll OK — 2026-06-25T05:40:22.424356+00:00
2026-06-24T22:40:33  INFO      Poll OK — 2026-06-25T05:40:32.886751+00:00
2026-06-24T22:40:43  INFO      Poll OK — 2026-06-25T05:40:43.361092+00:00
2026-06-24T22:40:54  INFO      Poll OK — 2026-06-25T05:40:53.822429+00:00
2026-06-24T22:41:04  INFO      Poll OK — 2026-06-25T05:41:04.298834+00:00
2026-06-24T22:41:15  INFO      Poll OK — 2026-06-25T05:41:14.762176+00:00
2026-06-24T22:41:25  INFO      Poll OK — 2026-06-25T05:41:25.228444+00:00
2026-06-24T22:41:36  INFO      Poll OK — 2026-06-25T05:41:35.689801+00:00
2026-06-24T22:41:46  INFO      Poll OK — 2026-06-25T05:41:46.152048+00:00
2026-06-24T22:41:57  INFO      Poll OK — 2026-06-25T05:41:56.617163+00:00
2026-06-24T22:42:07  INFO      Poll OK — 2026-06-25T05:42:07.078047+00:00
2026-06-24T22:42:18  INFO      Poll OK — 2026-06-25T05:42:17.542366+00:00
2026-06-24T22:42:28  INFO      Poll OK — 2026-06-25T05:42:28.004187+00:00
2026-06-24T22:42:38  INFO      Poll OK — 2026-06-25T05:42:38.466786+00:00
2026-06-24T22:42:49  INFO      Poll OK — 2026-06-25T05:42:48.931356+00:00
2026-06-24T22:42:59  INFO      Poll OK — 2026-06-25T05:42:59.394572+00:00
2026-06-24T22:43:10  INFO      Poll OK — 2026-06-25T05:43:09.861959+00:00
2026-06-24T22:43:20  INFO      Poll OK — 2026-06-25T05:43:20.325324+00:00
2026-06-24T22:43:31  INFO      Poll OK — 2026-06-25T05:43:30.788451+00:00
2026-06-24T22:43:41  INFO      Poll OK — 2026-06-25T05:43:41.250978+00:00
2026-06-24T22:43:52  INFO      Poll OK — 2026-06-25T05:43:51.713309+00:00
2026-06-24T22:44:02  INFO      Poll OK — 2026-06-25T05:44:02.177858+00:00
2026-06-24T22:44:13  INFO      Poll OK — 2026-06-25T05:44:12.638088+00:00
2026-06-24T22:44:23  INFO      Poll OK — 2026-06-25T05:44:23.102414+00:00
2026-06-24T22:44:34  INFO      Poll OK — 2026-06-25T05:44:33.565707+00:00
2026-06-24T22:44:44  INFO      Poll OK — 2026-06-25T05:44:44.027977+00:00
2026-06-24T22:44:54  INFO      Poll OK — 2026-06-25T05:44:54.493694+00:00
2026-06-24T22:45:05  INFO      Poll OK — 2026-06-25T05:45:04.957776+00:00
2026-06-24T22:45:15  INFO      Poll OK — 2026-06-25T05:45:15.432933+00:00
2026-06-24T22:45:26  INFO      Poll OK — 2026-06-25T05:45:25.895254+00:00
2026-06-24T22:45:36  INFO      Poll OK — 2026-06-25T05:45:36.368756+00:00
2026-06-24T22:45:47  INFO      Poll OK — 2026-06-25T05:45:46.830787+00:00
2026-06-24T22:45:57  INFO      Poll OK — 2026-06-25T05:45:57.293265+00:00
2026-06-24T22:46:08  INFO      Poll OK — 2026-06-25T05:46:07.758091+00:00
2026-06-24T22:46:18  INFO      Poll OK — 2026-06-25T05:46:18.218806+00:00
2026-06-24T22:46:29  INFO      Poll OK — 2026-06-25T05:46:28.683430+00:00
2026-06-24T22:46:39  INFO      Poll OK — 2026-06-25T05:46:39.147849+00:00
2026-06-24T22:46:50  INFO      Poll OK — 2026-06-25T05:46:49.611931+00:00
2026-06-24T22:47:00  INFO      Poll OK — 2026-06-25T05:47:00.077685+00:00
2026-06-24T22:47:11  INFO      Poll OK — 2026-06-25T05:47:10.538538+00:00
2026-06-24T22:47:21  INFO      Poll OK — 2026-06-25T05:47:21.003568+00:00
2026-06-24T22:47:31  INFO      Poll OK — 2026-06-25T05:47:31.464996+00:00
2026-06-24T22:47:42  INFO      Poll OK — 2026-06-25T05:47:41.929637+00:00
2026-06-24T22:47:52  INFO      Poll OK — 2026-06-25T05:47:52.390984+00:00
2026-06-24T22:48:03  INFO      Poll OK — 2026-06-25T05:48:02.852787+00:00
2026-06-24T22:48:13  INFO      Poll OK — 2026-06-25T05:48:13.327746+00:00
2026-06-24T22:48:24  INFO      Poll OK — 2026-06-25T05:48:23.788770+00:00
2026-06-24T22:48:34  INFO      Poll OK — 2026-06-25T05:48:34.255282+00:00
2026-06-24T22:48:45  INFO      Poll OK — 2026-06-25T05:48:44.719535+00:00
2026-06-24T22:48:55  INFO      Poll OK — 2026-06-25T05:48:55.186932+00:00
2026-06-24T22:49:06  INFO      Poll OK — 2026-06-25T05:49:05.646964+00:00
2026-06-24T22:49:16  INFO      Poll OK — 2026-06-25T05:49:16.108491+00:00
2026-06-24T22:49:27  INFO      Poll OK — 2026-06-25T05:49:26.573864+00:00
2026-06-24T22:49:37  INFO      Poll OK — 2026-06-25T05:49:37.034630+00:00
2026-06-24T22:49:47  INFO      Poll OK — 2026-06-25T05:49:47.509394+00:00
2026-06-24T22:49:58  INFO      Poll OK — 2026-06-25T05:49:57.971910+00:00
2026-06-24T22:50:08  INFO      Poll OK — 2026-06-25T05:50:08.444886+00:00
2026-06-24T22:50:19  INFO      Poll OK — 2026-06-25T05:50:18.907171+00:00
2026-06-24T22:50:29  INFO      Poll OK — 2026-06-25T05:50:29.371743+00:00
2026-06-24T22:50:40  INFO      Poll OK — 2026-06-25T05:50:39.838873+00:00
2026-06-24T22:50:50  INFO      Poll OK — 2026-06-25T05:50:50.301162+00:00
2026-06-24T22:51:01  INFO      Poll OK — 2026-06-25T05:51:00.764752+00:00
2026-06-24T22:51:11  INFO      Poll OK — 2026-06-25T05:51:11.226921+00:00
2026-06-24T22:51:22  INFO      Poll OK — 2026-06-25T05:51:21.689218+00:00
2026-06-24T22:51:32  INFO      Poll OK — 2026-06-25T05:51:32.154508+00:00
2026-06-24T22:51:43  INFO      Poll OK — 2026-06-25T05:51:42.614997+00:00
2026-06-24T22:51:53  INFO      Poll OK — 2026-06-25T05:51:53.079123+00:00
2026-06-24T22:52:04  INFO      Poll OK — 2026-06-25T05:52:03.551622+00:00
2026-06-24T22:52:14  INFO      Poll OK — 2026-06-25T05:52:14.013985+00:00
2026-06-24T22:52:24  INFO      Poll OK — 2026-06-25T05:52:24.490348+00:00
2026-06-24T22:52:35  INFO      Poll OK — 2026-06-25T05:52:34.954787+00:00
2026-06-24T22:52:45  INFO      Poll OK — 2026-06-25T05:52:45.430757+00:00
2026-06-24T22:52:56  INFO      Poll OK — 2026-06-25T05:52:55.892636+00:00
2026-06-24T22:53:06  INFO      Poll OK — 2026-06-25T05:53:06.355254+00:00
2026-06-24T22:53:17  INFO      Poll OK — 2026-06-25T05:53:16.816194+00:00
2026-06-24T22:53:27  INFO      Poll OK — 2026-06-25T05:53:27.289192+00:00
2026-06-24T22:53:38  INFO      Poll OK — 2026-06-25T05:53:37.754459+00:00
2026-06-24T22:53:48  INFO      Poll OK — 2026-06-25T05:53:48.215390+00:00
2026-06-24T22:53:59  INFO      Poll OK — 2026-06-25T05:53:58.679953+00:00
2026-06-24T22:54:09  INFO      Poll OK — 2026-06-25T05:54:09.143410+00:00
2026-06-24T22:54:20  INFO      Poll OK — 2026-06-25T05:54:19.608212+00:00
2026-06-24T22:54:30  INFO      Poll OK — 2026-06-25T05:54:30.072763+00:00
2026-06-24T22:54:41  INFO      Poll OK — 2026-06-25T05:54:40.534898+00:00
2026-06-24T22:54:51  INFO      Poll OK — 2026-06-25T05:54:51.000903+00:00
2026-06-24T22:55:01  INFO      Poll OK — 2026-06-25T05:55:01.461727+00:00
2026-06-24T22:55:12  INFO      Poll OK — 2026-06-25T05:55:11.925388+00:00
2026-06-24T22:55:22  INFO      Poll OK — 2026-06-25T05:55:22.387363+00:00
2026-06-24T22:55:33  INFO      Poll OK — 2026-06-25T05:55:32.849801+00:00
2026-06-24T22:55:43  INFO      Poll OK — 2026-06-25T05:55:43.324013+00:00
2026-06-24T22:55:54  INFO      Poll OK — 2026-06-25T05:55:53.785081+00:00
2026-06-24T22:56:04  INFO      Poll OK — 2026-06-25T05:56:04.251823+00:00
2026-06-24T22:56:15  INFO      Poll OK — 2026-06-25T05:56:14.715900+00:00
2026-06-24T22:56:25  INFO      Poll OK — 2026-06-25T05:56:25.179902+00:00
2026-06-24T22:56:36  INFO      Poll OK — 2026-06-25T05:56:35.642531+00:00
2026-06-24T22:56:46  INFO      Poll OK — 2026-06-25T05:56:46.105792+00:00
2026-06-24T22:56:57  INFO      Poll OK — 2026-06-25T05:56:56.569986+00:00
2026-06-24T22:57:07  INFO      Poll OK — 2026-06-25T05:57:07.041089+00:00
2026-06-24T22:57:17  INFO      Poll OK — 2026-06-25T05:57:17.504936+00:00
2026-06-24T22:57:28  INFO      Poll OK — 2026-06-25T05:57:27.966785+00:00
2026-06-24T22:57:38  INFO      Poll OK — 2026-06-25T05:57:38.430290+00:00
2026-06-24T22:57:49  INFO      Poll OK — 2026-06-25T05:57:48.893498+00:00
2026-06-24T22:57:59  INFO      Poll OK — 2026-06-25T05:57:59.357076+00:00
2026-06-24T22:58:10  INFO      Poll OK — 2026-06-25T05:58:09.824100+00:00
2026-06-24T22:58:20  INFO      Poll OK — 2026-06-25T05:58:20.287339+00:00
2026-06-24T22:58:31  INFO      Poll OK — 2026-06-25T05:58:30.750807+00:00
2026-06-24T22:58:41  INFO      Poll OK — 2026-06-25T05:58:41.213067+00:00
2026-06-24T22:58:52  INFO      Poll OK — 2026-06-25T05:58:51.675351+00:00
2026-06-24T22:59:02  INFO      Poll OK — 2026-06-25T05:59:02.139774+00:00
2026-06-24T22:59:13  INFO      Poll OK — 2026-06-25T05:59:12.601168+00:00
2026-06-24T22:59:23  INFO      Poll OK — 2026-06-25T05:59:23.065022+00:00
2026-06-24T22:59:33  INFO      Poll OK — 2026-06-25T05:59:33.526445+00:00
2026-06-24T22:59:44  INFO      Poll OK — 2026-06-25T05:59:43.990035+00:00
2026-06-24T22:59:54  INFO      Poll OK — 2026-06-25T05:59:54.456266+00:00
2026-06-24T23:00:05  INFO      Poll OK — 2026-06-25T06:00:04.919873+00:00
2026-06-24T23:00:15  INFO      Poll OK — 2026-06-25T06:00:15.385924+00:00
2026-06-24T23:00:26  INFO      Poll OK — 2026-06-25T06:00:25.846851+00:00
2026-06-24T23:00:36  INFO      Poll OK — 2026-06-25T06:00:36.320179+00:00
2026-06-24T23:00:47  INFO      Poll OK — 2026-06-25T06:00:46.782216+00:00
2026-06-24T23:00:57  INFO      Poll OK — 2026-06-25T06:00:57.244668+00:00
2026-06-24T23:01:08  INFO      Poll OK — 2026-06-25T06:01:07.709164+00:00
2026-06-24T23:01:18  INFO      Poll OK — 2026-06-25T06:01:18.170600+00:00
2026-06-24T23:01:29  INFO      Poll OK — 2026-06-25T06:01:28.634776+00:00
2026-06-24T23:01:39  INFO      Poll OK — 2026-06-25T06:01:39.108145+00:00
2026-06-24T23:01:50  INFO      Poll OK — 2026-06-25T06:01:49.572973+00:00
2026-06-24T23:02:00  INFO      Poll OK — 2026-06-25T06:02:00.038344+00:00
2026-06-24T23:02:10  INFO      Poll OK — 2026-06-25T06:02:10.500955+00:00
2026-06-24T23:02:21  INFO      Poll OK — 2026-06-25T06:02:20.965182+00:00
2026-06-24T23:02:31  INFO      Poll OK — 2026-06-25T06:02:31.426679+00:00
2026-06-24T23:02:42  INFO      Poll OK — 2026-06-25T06:02:41.900660+00:00
2026-06-24T23:02:52  INFO      Poll OK — 2026-06-25T06:02:52.363159+00:00
2026-06-24T23:03:03  INFO      Poll OK — 2026-06-25T06:03:02.824931+00:00
2026-06-24T23:03:13  INFO      Poll OK — 2026-06-25T06:03:13.288212+00:00
2026-06-24T23:03:24  INFO      Poll OK — 2026-06-25T06:03:23.749148+00:00
2026-06-24T23:03:34  INFO      Poll OK — 2026-06-25T06:03:34.215580+00:00
2026-06-24T23:03:45  INFO      Poll OK — 2026-06-25T06:03:44.679658+00:00
2026-06-24T23:03:55  INFO      Poll OK — 2026-06-25T06:03:55.145156+00:00
2026-06-24T23:04:06  INFO      Poll OK — 2026-06-25T06:04:05.607525+00:00
2026-06-24T23:04:16  INFO      Poll OK — 2026-06-25T06:04:16.068353+00:00
2026-06-24T23:04:26  INFO      Poll OK — 2026-06-25T06:04:26.533062+00:00
2026-06-24T23:04:37  INFO      Poll OK — 2026-06-25T06:04:36.994636+00:00
2026-06-24T23:04:47  INFO      Poll OK — 2026-06-25T06:04:47.468706+00:00
2026-06-24T23:04:58  INFO      Poll OK — 2026-06-25T06:04:57.930960+00:00
2026-06-24T23:05:08  INFO      Poll OK — 2026-06-25T06:05:08.393218+00:00
2026-06-24T23:05:19  INFO      Poll OK — 2026-06-25T06:05:18.856492+00:00
2026-06-24T23:05:29  INFO      Poll OK — 2026-06-25T06:05:29.320628+00:00
2026-06-24T23:05:40  INFO      Poll OK — 2026-06-25T06:05:39.786852+00:00
2026-06-24T23:05:50  INFO      Poll OK — 2026-06-25T06:05:50.261084+00:00
2026-06-24T23:06:01  INFO      Poll OK — 2026-06-25T06:06:00.724428+00:00
2026-06-24T23:06:11  INFO      Poll OK — 2026-06-25T06:06:11.196521+00:00
2026-06-24T23:06:22  INFO      Poll OK — 2026-06-25T06:06:21.657748+00:00
2026-06-24T23:06:32  INFO      Poll OK — 2026-06-25T06:06:32.131628+00:00
2026-06-24T23:06:43  INFO      Poll OK — 2026-06-25T06:06:42.593163+00:00
2026-06-24T23:06:53  INFO      Poll OK — 2026-06-25T06:06:53.059458+00:00
2026-06-24T23:07:03  INFO      Poll OK — 2026-06-25T06:07:03.519599+00:00
2026-06-24T23:07:14  INFO      Poll OK — 2026-06-25T06:07:13.982502+00:00
2026-06-24T23:07:24  INFO      Poll OK — 2026-06-25T06:07:24.448029+00:00
2026-06-24T23:07:35  INFO      Poll OK — 2026-06-25T06:07:34.911987+00:00
2026-06-24T23:07:45  INFO      Poll OK — 2026-06-25T06:07:45.377214+00:00
2026-06-24T23:07:56  INFO      Poll OK — 2026-06-25T06:07:55.838817+00:00
2026-06-24T23:08:06  INFO      Poll OK — 2026-06-25T06:08:06.302996+00:00
2026-06-24T23:08:17  INFO      Poll OK — 2026-06-25T06:08:16.765070+00:00
2026-06-24T23:08:27  INFO      Poll OK — 2026-06-25T06:08:27.227000+00:00
2026-06-24T23:08:38  INFO      Poll OK — 2026-06-25T06:08:37.690271+00:00
2026-06-24T23:08:48  INFO      Poll OK — 2026-06-25T06:08:48.152597+00:00
2026-06-24T23:08:59  INFO      Poll OK — 2026-06-25T06:08:58.617164+00:00
2026-06-24T23:09:09  INFO      Poll OK — 2026-06-25T06:09:09.080108+00:00
2026-06-24T23:09:20  INFO      Poll OK — 2026-06-25T06:09:19.545244+00:00
2026-06-24T23:09:30  INFO      Poll OK — 2026-06-25T06:09:30.009639+00:00
2026-06-24T23:09:40  INFO      Poll OK — 2026-06-25T06:09:40.471493+00:00
2026-06-24T23:09:51  INFO      Poll OK — 2026-06-25T06:09:50.938421+00:00
2026-06-24T23:10:01  INFO      Poll OK — 2026-06-25T06:10:01.398328+00:00
2026-06-24T23:10:12  INFO      Poll OK — 2026-06-25T06:10:11.871509+00:00
2026-06-24T23:10:22  INFO      Poll OK — 2026-06-25T06:10:22.333825+00:00
2026-06-24T23:10:33  INFO      Poll OK — 2026-06-25T06:10:32.795914+00:00
2026-06-24T23:10:43  INFO      Poll OK — 2026-06-25T06:10:43.269172+00:00
2026-06-24T23:10:54  INFO      Poll OK — 2026-06-25T06:10:53.731301+00:00
2026-06-24T23:11:04  INFO      Poll OK — 2026-06-25T06:11:04.197744+00:00
2026-06-24T23:11:15  INFO      Poll OK — 2026-06-25T06:11:14.661988+00:00
2026-06-24T23:11:25  INFO      Poll OK — 2026-06-25T06:11:25.126194+00:00
2026-06-24T23:11:36  INFO      Poll OK — 2026-06-25T06:11:35.589885+00:00
2026-06-24T23:11:46  INFO      Poll OK — 2026-06-25T06:11:46.050042+00:00
2026-06-24T23:11:56  INFO      Poll OK — 2026-06-25T06:11:56.515751+00:00
2026-06-24T23:12:07  INFO      Poll OK — 2026-06-25T06:12:06.976966+00:00
2026-06-24T23:12:17  INFO      Poll OK — 2026-06-25T06:12:17.441219+00:00
2026-06-24T23:12:28  INFO      Poll OK — 2026-06-25T06:12:27.902276+00:00
2026-06-24T23:12:38  INFO      Poll OK — 2026-06-25T06:12:38.364726+00:00
2026-06-24T23:12:49  INFO      Poll OK — 2026-06-25T06:12:48.829092+00:00
2026-06-24T23:12:59  INFO      Poll OK — 2026-06-25T06:12:59.293197+00:00
2026-06-24T23:13:10  INFO      Poll OK — 2026-06-25T06:13:09.758726+00:00
2026-06-24T23:13:20  INFO      Poll OK — 2026-06-25T06:13:20.222647+00:00
2026-06-24T23:13:31  INFO      Poll OK — 2026-06-25T06:13:30.686059+00:00
2026-06-24T23:13:41  INFO      Poll OK — 2026-06-25T06:13:41.148065+00:00
2026-06-24T23:13:52  INFO      Poll OK — 2026-06-25T06:13:51.609924+00:00
2026-06-24T23:14:02  INFO      Poll OK — 2026-06-25T06:14:02.074621+00:00
2026-06-24T23:14:12  INFO      Poll OK — 2026-06-25T06:14:12.535860+00:00
2026-06-24T23:14:23  INFO      Poll OK — 2026-06-25T06:14:22.999817+00:00
2026-06-24T23:14:33  INFO      Poll OK — 2026-06-25T06:14:33.461267+00:00
2026-06-24T23:14:44  INFO      Poll OK — 2026-06-25T06:14:43.924722+00:00
2026-06-24T23:14:54  INFO      Poll OK — 2026-06-25T06:14:54.389953+00:00
2026-06-24T23:15:05  INFO      Poll OK — 2026-06-25T06:15:04.854249+00:00
2026-06-24T23:15:15  INFO      Poll OK — 2026-06-25T06:15:15.330516+00:00
2026-06-24T23:15:26  INFO      Poll OK — 2026-06-25T06:15:25.791544+00:00
2026-06-24T23:15:36  INFO      Poll OK — 2026-06-25T06:15:36.254841+00:00
2026-06-24T23:15:47  INFO      Poll OK — 2026-06-25T06:15:46.717229+00:00
2026-06-24T23:15:57  INFO      Poll OK — 2026-06-25T06:15:57.179399+00:00
2026-06-24T23:16:08  INFO      Poll OK — 2026-06-25T06:16:07.643634+00:00
2026-06-24T23:16:18  INFO      Poll OK — 2026-06-25T06:16:18.105151+00:00
2026-06-24T23:16:29  INFO      Poll OK — 2026-06-25T06:16:28.569153+00:00
2026-06-24T23:16:39  INFO      Poll OK — 2026-06-25T06:16:39.032092+00:00
2026-06-24T23:16:49  INFO      Poll OK — 2026-06-25T06:16:49.496950+00:00
2026-06-24T23:17:00  INFO      Poll OK — 2026-06-25T06:16:59.962513+00:00
2026-06-24T23:17:10  INFO      Poll OK — 2026-06-25T06:17:10.425327+00:00
2026-06-24T23:17:21  INFO      Poll OK — 2026-06-25T06:17:20.889629+00:00
2026-06-24T23:17:31  INFO      Poll OK — 2026-06-25T06:17:31.350450+00:00
2026-06-24T23:17:42  INFO      Poll OK — 2026-06-25T06:17:41.813869+00:00
2026-06-24T23:17:52  INFO      Poll OK — 2026-06-25T06:17:52.276190+00:00
2026-06-24T23:18:03  INFO      Poll OK — 2026-06-25T06:18:02.739356+00:00
2026-06-24T23:18:13  INFO      Poll OK — 2026-06-25T06:18:13.202589+00:00
2026-06-24T23:18:24  INFO      Poll OK — 2026-06-25T06:18:23.663563+00:00
2026-06-24T23:18:34  INFO      Poll OK — 2026-06-25T06:18:34.130284+00:00
2026-06-24T23:18:45  INFO      Poll OK — 2026-06-25T06:18:44.594605+00:00
2026-06-24T23:18:55  INFO      Poll OK — 2026-06-25T06:18:55.058455+00:00
2026-06-24T23:19:05  INFO      Poll OK — 2026-06-25T06:19:05.522020+00:00
2026-06-24T23:19:16  INFO      Poll OK — 2026-06-25T06:19:15.983124+00:00
2026-06-24T23:19:26  INFO      Poll OK — 2026-06-25T06:19:26.448506+00:00
2026-06-24T23:19:37  INFO      Poll OK — 2026-06-25T06:19:36.909587+00:00
2026-06-24T23:19:47  INFO      Poll OK — 2026-06-25T06:19:47.373155+00:00
2026-06-24T23:19:58  INFO      Poll OK — 2026-06-25T06:19:57.835117+00:00
2026-06-24T23:20:08  INFO      Poll OK — 2026-06-25T06:20:08.298562+00:00
2026-06-24T23:20:19  INFO      Poll OK — 2026-06-25T06:20:18.761798+00:00
2026-06-24T23:20:29  INFO      Poll OK — 2026-06-25T06:20:29.224599+00:00
2026-06-24T23:20:40  INFO      Poll OK — 2026-06-25T06:20:39.691259+00:00
2026-06-24T23:20:50  INFO      Poll OK — 2026-06-25T06:20:50.155572+00:00
2026-06-24T23:21:01  INFO      Poll OK — 2026-06-25T06:21:00.618910+00:00
2026-06-24T23:21:11  INFO      Poll OK — 2026-06-25T06:21:11.080910+00:00
2026-06-24T23:21:22  INFO      Poll OK — 2026-06-25T06:21:21.542966+00:00
2026-06-24T23:21:32  INFO      Poll OK — 2026-06-25T06:21:32.011661+00:00
2026-06-24T23:21:42  INFO      Poll OK — 2026-06-25T06:21:42.478811+00:00
2026-06-24T23:21:53  INFO      Poll OK — 2026-06-25T06:21:52.943145+00:00
2026-06-24T23:22:03  INFO      Poll OK — 2026-06-25T06:22:03.405399+00:00
2026-06-24T23:22:14  INFO      Poll OK — 2026-06-25T06:22:13.869236+00:00
2026-06-24T23:22:24  INFO      Poll OK — 2026-06-25T06:22:24.333691+00:00
2026-06-24T23:22:35  INFO      Poll OK — 2026-06-25T06:22:34.806390+00:00
2026-06-24T23:22:45  INFO      Poll OK — 2026-06-25T06:22:45.273205+00:00
2026-06-24T23:22:56  INFO      Poll OK — 2026-06-25T06:22:55.733759+00:00
2026-06-24T23:23:06  INFO      Poll OK — 2026-06-25T06:23:06.199087+00:00
2026-06-24T23:23:17  INFO      Poll OK — 2026-06-25T06:23:16.661164+00:00
2026-06-24T23:23:27  INFO      Poll OK — 2026-06-25T06:23:27.133569+00:00
2026-06-24T23:23:38  INFO      Poll OK — 2026-06-25T06:23:37.596759+00:00
2026-06-24T23:23:48  INFO      Poll OK — 2026-06-25T06:23:48.057976+00:00
2026-06-24T23:23:58  INFO      Poll OK — 2026-06-25T06:23:58.522371+00:00
2026-06-24T23:24:09  INFO      Poll OK — 2026-06-25T06:24:08.985466+00:00
2026-06-24T23:24:19  INFO      Poll OK — 2026-06-25T06:24:19.450792+00:00
2026-06-24T23:24:30  INFO      Poll OK — 2026-06-25T06:24:29.914959+00:00
2026-06-24T23:24:40  INFO      Poll OK — 2026-06-25T06:24:40.378398+00:00
2026-06-24T23:24:51  INFO      Poll OK — 2026-06-25T06:24:50.842389+00:00
2026-06-24T23:25:01  INFO      Poll OK — 2026-06-25T06:25:01.303906+00:00
2026-06-24T23:25:12  INFO      Poll OK — 2026-06-25T06:25:11.767962+00:00
2026-06-24T23:25:22  INFO      Poll OK — 2026-06-25T06:25:22.240129+00:00
2026-06-24T23:25:33  INFO      Poll OK — 2026-06-25T06:25:32.702554+00:00
2026-06-24T23:25:43  INFO      Poll OK — 2026-06-25T06:25:43.175752+00:00
2026-06-24T23:25:54  INFO      Poll OK — 2026-06-25T06:25:53.637056+00:00
2026-06-24T23:26:04  INFO      Poll OK — 2026-06-25T06:26:04.113895+00:00
2026-06-24T23:26:15  INFO      Poll OK — 2026-06-25T06:26:14.578438+00:00
2026-06-24T23:26:25  INFO      Poll OK — 2026-06-25T06:26:25.053993+00:00
2026-06-24T23:26:35  INFO      Poll OK — 2026-06-25T06:26:35.516218+00:00
2026-06-24T23:26:46  INFO      Poll OK — 2026-06-25T06:26:45.976320+00:00
2026-06-24T23:26:56  INFO      Poll OK — 2026-06-25T06:26:56.442498+00:00
2026-06-24T23:27:07  INFO      Poll OK — 2026-06-25T06:27:06.903882+00:00
2026-06-24T23:27:17  INFO      Poll OK — 2026-06-25T06:27:17.368224+00:00
2026-06-24T23:27:28  INFO      Poll OK — 2026-06-25T06:27:27.829650+00:00
2026-06-24T23:27:38  INFO      Poll OK — 2026-06-25T06:27:38.291985+00:00
2026-06-24T23:27:49  INFO      Poll OK — 2026-06-25T06:27:48.755783+00:00
2026-06-24T23:27:59  INFO      Poll OK — 2026-06-25T06:27:59.228400+00:00
2026-06-24T23:28:10  INFO      Poll OK — 2026-06-25T06:28:09.696622+00:00
2026-06-24T23:28:20  INFO      Poll OK — 2026-06-25T06:28:20.159832+00:00
2026-06-24T23:28:31  INFO      Poll OK — 2026-06-25T06:28:30.623147+00:00
2026-06-24T23:28:41  INFO      Poll OK — 2026-06-25T06:28:41.085310+00:00
2026-06-24T23:28:52  INFO      Poll OK — 2026-06-25T06:28:51.547643+00:00
2026-06-24T23:29:02  INFO      Poll OK — 2026-06-25T06:29:02.013914+00:00
2026-06-24T23:29:12  INFO      Poll OK — 2026-06-25T06:29:12.473257+00:00
2026-06-24T23:29:23  INFO      Poll OK — 2026-06-25T06:29:22.937700+00:00
2026-06-24T23:29:33  INFO      Poll OK — 2026-06-25T06:29:33.399853+00:00
2026-06-24T23:29:44  INFO      Poll OK — 2026-06-25T06:29:43.861772+00:00
2026-06-24T23:29:54  INFO      Poll OK — 2026-06-25T06:29:54.326811+00:00
2026-06-24T23:30:05  INFO      Poll OK — 2026-06-25T06:30:04.791134+00:00
2026-06-24T23:30:15  INFO      Poll OK — 2026-06-25T06:30:15.257450+00:00
2026-06-24T23:30:26  INFO      Poll OK — 2026-06-25T06:30:25.717885+00:00
2026-06-24T23:30:36  INFO      Poll OK — 2026-06-25T06:30:36.182360+00:00
2026-06-24T23:30:47  INFO      Poll OK — 2026-06-25T06:30:46.644483+00:00
2026-06-24T23:30:57  INFO      Poll OK — 2026-06-25T06:30:57.106883+00:00
2026-06-24T23:31:08  INFO      Poll OK — 2026-06-25T06:31:07.570656+00:00
2026-06-24T23:31:18  INFO      Poll OK — 2026-06-25T06:31:18.032199+00:00
2026-06-24T23:31:28  INFO      Poll OK — 2026-06-25T06:31:28.496174+00:00
2026-06-24T23:31:39  INFO      Poll OK — 2026-06-25T06:31:38.958611+00:00
2026-06-24T23:31:49  INFO      Poll OK — 2026-06-25T06:31:49.424155+00:00
2026-06-24T23:32:00  INFO      Poll OK — 2026-06-25T06:31:59.889216+00:00
2026-06-24T23:32:10  INFO      Poll OK — 2026-06-25T06:32:10.351917+00:00
2026-06-24T23:32:21  INFO      Poll OK — 2026-06-25T06:32:20.817060+00:00
2026-06-24T23:32:31  INFO      Poll OK — 2026-06-25T06:32:31.278202+00:00
2026-06-24T23:32:42  INFO      Poll OK — 2026-06-25T06:32:41.741507+00:00
2026-06-24T23:32:52  INFO      Poll OK — 2026-06-25T06:32:52.203385+00:00
2026-06-24T23:33:03  INFO      Poll OK — 2026-06-25T06:33:02.666040+00:00
2026-06-24T23:33:13  INFO      Poll OK — 2026-06-25T06:33:13.140025+00:00
2026-06-24T23:33:24  INFO      Poll OK — 2026-06-25T06:33:23.601198+00:00
2026-06-24T23:33:34  INFO      Poll OK — 2026-06-25T06:33:34.067806+00:00
2026-06-24T23:33:44  INFO      Poll OK — 2026-06-25T06:33:44.531817+00:00
2026-06-24T23:33:55  INFO      Poll OK — 2026-06-25T06:33:54.997391+00:00
2026-06-24T23:34:05  INFO      Poll OK — 2026-06-25T06:34:05.459818+00:00
2026-06-24T23:34:16  INFO      Poll OK — 2026-06-25T06:34:15.921796+00:00
2026-06-24T23:34:26  INFO      Poll OK — 2026-06-25T06:34:26.386164+00:00
2026-06-24T23:34:37  INFO      Poll OK — 2026-06-25T06:34:36.847532+00:00
2026-06-24T23:34:47  INFO      Poll OK — 2026-06-25T06:34:47.311775+00:00
2026-06-24T23:34:58  INFO      Poll OK — 2026-06-25T06:34:57.772732+00:00
2026-06-24T23:35:08  INFO      Poll OK — 2026-06-25T06:35:08.235006+00:00
2026-06-24T23:35:19  INFO      Poll OK — 2026-06-25T06:35:18.699375+00:00
2026-06-24T23:35:29  INFO      Poll OK — 2026-06-25T06:35:29.162159+00:00
2026-06-24T23:35:40  INFO      Poll OK — 2026-06-25T06:35:39.628382+00:00
2026-06-24T23:35:50  INFO      Poll OK — 2026-06-25T06:35:50.103035+00:00
2026-06-24T23:36:01  INFO      Poll OK — 2026-06-25T06:36:00.566307+00:00
2026-06-24T23:36:11  INFO      Poll OK — 2026-06-25T06:36:11.028721+00:00
2026-06-24T23:36:21  INFO      Poll OK — 2026-06-25T06:36:21.490775+00:00
2026-06-24T23:36:32  INFO      Poll OK — 2026-06-25T06:36:31.965184+00:00
2026-06-24T23:36:42  INFO      Poll OK — 2026-06-25T06:36:42.426722+00:00
2026-06-24T23:36:53  INFO      Poll OK — 2026-06-25T06:36:52.890516+00:00
2026-06-24T23:37:03  INFO      Poll OK — 2026-06-25T06:37:03.352210+00:00
2026-06-24T23:37:14  INFO      Poll OK — 2026-06-25T06:37:13.814320+00:00
2026-06-24T23:37:24  INFO      Poll OK — 2026-06-25T06:37:24.280275+00:00
2026-06-24T23:37:35  INFO      Poll OK — 2026-06-25T06:37:34.743949+00:00
2026-06-24T23:37:45  INFO      Poll OK — 2026-06-25T06:37:45.209184+00:00
2026-06-24T23:37:56  INFO      Poll OK — 2026-06-25T06:37:55.670116+00:00
2026-06-24T23:38:06  INFO      Poll OK — 2026-06-25T06:38:06.132946+00:00
2026-06-24T23:38:17  INFO      Poll OK — 2026-06-25T06:38:16.595149+00:00
2026-06-24T23:38:27  INFO      Poll OK — 2026-06-25T06:38:27.058063+00:00
2026-06-24T23:38:37  INFO      Poll OK — 2026-06-25T06:38:37.521213+00:00
2026-06-24T23:38:48  INFO      Poll OK — 2026-06-25T06:38:47.981959+00:00
2026-06-24T23:38:58  INFO      Poll OK — 2026-06-25T06:38:58.446299+00:00
2026-06-24T23:39:09  INFO      Poll OK — 2026-06-25T06:39:08.908309+00:00
2026-06-24T23:39:19  INFO      Poll OK — 2026-06-25T06:39:19.374393+00:00
2026-06-24T23:39:30  INFO      Poll OK — 2026-06-25T06:39:29.838336+00:00
2026-06-24T23:39:40  INFO      Poll OK — 2026-06-25T06:39:40.301409+00:00
2026-06-24T23:39:51  INFO      Poll OK — 2026-06-25T06:39:50.765027+00:00
2026-06-24T23:40:01  INFO      Poll OK — 2026-06-25T06:40:01.226471+00:00
2026-06-24T23:40:12  INFO      Poll OK — 2026-06-25T06:40:11.689634+00:00
2026-06-24T23:40:22  INFO      Poll OK — 2026-06-25T06:40:22.162339+00:00
2026-06-24T23:40:33  INFO      Poll OK — 2026-06-25T06:40:32.624607+00:00
2026-06-24T23:40:43  INFO      Poll OK — 2026-06-25T06:40:43.087633+00:00
2026-06-24T23:40:54  INFO      Poll OK — 2026-06-25T06:40:53.548463+00:00
2026-06-24T23:41:04  INFO      Poll OK — 2026-06-25T06:41:04.014693+00:00
2026-06-24T23:41:14  INFO      Poll OK — 2026-06-25T06:41:14.478882+00:00
2026-06-24T23:41:25  INFO      Poll OK — 2026-06-25T06:41:24.943795+00:00
2026-06-24T23:41:35  INFO      Poll OK — 2026-06-25T06:41:35.407036+00:00
2026-06-24T23:41:46  INFO      Poll OK — 2026-06-25T06:41:45.868136+00:00
2026-06-24T23:41:56  INFO      Poll OK — 2026-06-25T06:41:56.332248+00:00
2026-06-24T23:42:07  INFO      Poll OK — 2026-06-25T06:42:06.793307+00:00
2026-06-24T23:42:17  INFO      Poll OK — 2026-06-25T06:42:17.257939+00:00
2026-06-24T23:42:28  INFO      Poll OK — 2026-06-25T06:42:27.719386+00:00
2026-06-24T23:42:38  INFO      Poll OK — 2026-06-25T06:42:38.181161+00:00
2026-06-24T23:42:49  INFO      Poll OK — 2026-06-25T06:42:48.644463+00:00
2026-06-24T23:42:59  INFO      Poll OK — 2026-06-25T06:42:59.107441+00:00
2026-06-24T23:43:10  INFO      Poll OK — 2026-06-25T06:43:09.574880+00:00
2026-06-24T23:43:20  INFO      Poll OK — 2026-06-25T06:43:20.037531+00:00
2026-06-24T23:43:30  INFO      Poll OK — 2026-06-25T06:43:30.512002+00:00
2026-06-24T23:43:41  INFO      Poll OK — 2026-06-25T06:43:40.974170+00:00
2026-06-24T23:43:51  INFO      Poll OK — 2026-06-25T06:43:51.435215+00:00
2026-06-24T23:44:02  INFO      Poll OK — 2026-06-25T06:44:01.899079+00:00
2026-06-24T23:44:12  INFO      Poll OK — 2026-06-25T06:44:12.370545+00:00
2026-06-24T23:44:23  INFO      Poll OK — 2026-06-25T06:44:22.835056+00:00
2026-06-24T23:44:33  INFO      Poll OK — 2026-06-25T06:44:33.296669+00:00
2026-06-24T23:44:44  INFO      Poll OK — 2026-06-25T06:44:43.759909+00:00
2026-06-24T23:44:54  INFO      Poll OK — 2026-06-25T06:44:54.234663+00:00
2026-06-24T23:45:05  INFO      Poll OK — 2026-06-25T06:45:04.699209+00:00
2026-06-24T23:45:15  INFO      Poll OK — 2026-06-25T06:45:15.164202+00:00
2026-06-24T23:45:26  INFO      Poll OK — 2026-06-25T06:45:25.626344+00:00
2026-06-24T23:45:36  INFO      Poll OK — 2026-06-25T06:45:36.088862+00:00
2026-06-24T23:45:47  INFO      Poll OK — 2026-06-25T06:45:46.550621+00:00
2026-06-24T23:45:57  INFO      Poll OK — 2026-06-25T06:45:57.013436+00:00
2026-06-24T23:46:07  INFO      Poll OK — 2026-06-25T06:46:07.476887+00:00
2026-06-24T23:46:18  INFO      Poll OK — 2026-06-25T06:46:17.937987+00:00
2026-06-24T23:46:28  INFO      Poll OK — 2026-06-25T06:46:28.402803+00:00
2026-06-24T23:46:39  INFO      Poll OK — 2026-06-25T06:46:38.865225+00:00
2026-06-24T23:46:49  INFO      Poll OK — 2026-06-25T06:46:49.330553+00:00
2026-06-24T23:47:00  INFO      Poll OK — 2026-06-25T06:46:59.795441+00:00
2026-06-24T23:47:10  INFO      Poll OK — 2026-06-25T06:47:10.258121+00:00
2026-06-24T23:47:21  INFO      Poll OK — 2026-06-25T06:47:20.722128+00:00
2026-06-24T23:47:31  INFO      Poll OK — 2026-06-25T06:47:31.184061+00:00
2026-06-24T23:47:42  INFO      Poll OK — 2026-06-25T06:47:41.647047+00:00
2026-06-24T23:47:52  INFO      Poll OK — 2026-06-25T06:47:52.109581+00:00
2026-06-24T23:48:03  INFO      Poll OK — 2026-06-25T06:48:02.571335+00:00
2026-06-24T23:48:13  INFO      Poll OK — 2026-06-25T06:48:13.034583+00:00
2026-06-24T23:48:23  INFO      Poll OK — 2026-06-25T06:48:23.495572+00:00
2026-06-24T23:48:34  INFO      Poll OK — 2026-06-25T06:48:33.963042+00:00
2026-06-24T23:48:44  INFO      Poll OK — 2026-06-25T06:48:44.426335+00:00
2026-06-24T23:48:55  INFO      Poll OK — 2026-06-25T06:48:54.890333+00:00
2026-06-24T23:49:05  INFO      Poll OK — 2026-06-25T06:49:05.354800+00:00
2026-06-24T23:49:16  INFO      Poll OK — 2026-06-25T06:49:15.815807+00:00
2026-06-24T23:49:26  INFO      Poll OK — 2026-06-25T06:49:26.279778+00:00
2026-06-24T23:49:37  INFO      Poll OK — 2026-06-25T06:49:36.741661+00:00
2026-06-24T23:49:47  INFO      Poll OK — 2026-06-25T06:49:47.206117+00:00
2026-06-24T23:49:58  INFO      Poll OK — 2026-06-25T06:49:57.667316+00:00
2026-06-24T23:50:08  INFO      Poll OK — 2026-06-25T06:50:08.129644+00:00
2026-06-24T23:50:19  INFO      Poll OK — 2026-06-25T06:50:18.591848+00:00
2026-06-24T23:50:29  INFO      Poll OK — 2026-06-25T06:50:29.055200+00:00
2026-06-24T23:50:39  INFO      Poll OK — 2026-06-25T06:50:39.523055+00:00
2026-06-24T23:50:50  INFO      Poll OK — 2026-06-25T06:50:49.987400+00:00
2026-06-24T23:51:00  INFO      Poll OK — 2026-06-25T06:51:00.450296+00:00
2026-06-24T23:51:11  INFO      Poll OK — 2026-06-25T06:51:10.912713+00:00
2026-06-24T23:51:21  INFO      Poll OK — 2026-06-25T06:51:21.373643+00:00
2026-06-24T23:51:32  INFO      Poll OK — 2026-06-25T06:51:31.839003+00:00
2026-06-24T23:51:42  INFO      Poll OK — 2026-06-25T06:51:42.300159+00:00
2026-06-24T23:51:53  INFO      Poll OK — 2026-06-25T06:51:52.764377+00:00
2026-06-24T23:52:03  INFO      Poll OK — 2026-06-25T06:52:03.225370+00:00
2026-06-24T23:52:14  INFO      Poll OK — 2026-06-25T06:52:13.689016+00:00
2026-06-24T23:52:24  INFO      Poll OK — 2026-06-25T06:52:24.153002+00:00
2026-06-24T23:52:35  INFO      Poll OK — 2026-06-25T06:52:34.617120+00:00
2026-06-24T23:52:45  INFO      Poll OK — 2026-06-25T06:52:45.084437+00:00
2026-06-24T23:52:56  INFO      Poll OK — 2026-06-25T06:52:55.545525+00:00
2026-06-24T23:53:06  INFO      Poll OK — 2026-06-25T06:53:06.010363+00:00
2026-06-24T23:53:16  INFO      Poll OK — 2026-06-25T06:53:16.470813+00:00
2026-06-24T23:53:27  INFO      Poll OK — 2026-06-25T06:53:26.933095+00:00
2026-06-24T23:53:37  INFO      Poll OK — 2026-06-25T06:53:37.397136+00:00
2026-06-24T23:53:48  INFO      Poll OK — 2026-06-25T06:53:47.858225+00:00
2026-06-24T23:53:58  INFO      Poll OK — 2026-06-25T06:53:58.323138+00:00
2026-06-24T23:54:09  INFO      Poll OK — 2026-06-25T06:54:08.785045+00:00
2026-06-24T23:54:19  INFO      Poll OK — 2026-06-25T06:54:19.250161+00:00
2026-06-24T23:54:30  INFO      Poll OK — 2026-06-25T06:54:29.714106+00:00
2026-06-24T23:54:40  INFO      Poll OK — 2026-06-25T06:54:40.178431+00:00
2026-06-24T23:54:51  INFO      Poll OK — 2026-06-25T06:54:50.642373+00:00
2026-06-24T23:55:01  INFO      Poll OK — 2026-06-25T06:55:01.103746+00:00
2026-06-24T23:55:12  INFO      Poll OK — 2026-06-25T06:55:11.567212+00:00
2026-06-24T23:55:22  INFO      Poll OK — 2026-06-25T06:55:22.028899+00:00
2026-06-24T23:55:32  INFO      Poll OK — 2026-06-25T06:55:32.493363+00:00
2026-06-24T23:55:43  INFO      Poll OK — 2026-06-25T06:55:42.955826+00:00
2026-06-24T23:55:53  INFO      Poll OK — 2026-06-25T06:55:53.416954+00:00
2026-06-24T23:56:04  INFO      Poll OK — 2026-06-25T06:56:03.881167+00:00
2026-06-24T23:56:14  INFO      Poll OK — 2026-06-25T06:56:14.345153+00:00
2026-06-24T23:56:25  INFO      Poll OK — 2026-06-25T06:56:24.810608+00:00
2026-06-24T23:56:35  INFO      Poll OK — 2026-06-25T06:56:35.274934+00:00
2026-06-24T23:56:46  INFO      Poll OK — 2026-06-25T06:56:45.735913+00:00
2026-06-24T23:56:56  INFO      Poll OK — 2026-06-25T06:56:56.201083+00:00
2026-06-24T23:57:07  INFO      Poll OK — 2026-06-25T06:57:06.662414+00:00
2026-06-24T23:57:17  INFO      Poll OK — 2026-06-25T06:57:17.125161+00:00
2026-06-24T23:57:28  INFO      Poll OK — 2026-06-25T06:57:27.587573+00:00
2026-06-24T23:57:38  INFO      Poll OK — 2026-06-25T06:57:38.050716+00:00
2026-06-24T23:57:48  INFO      Poll OK — 2026-06-25T06:57:48.514376+00:00
2026-06-24T23:57:59  INFO      Poll OK — 2026-06-25T06:57:58.977633+00:00
2026-06-24T23:58:09  INFO      Poll OK — 2026-06-25T06:58:09.445352+00:00
2026-06-24T23:58:20  INFO      Poll OK — 2026-06-25T06:58:19.908145+00:00
2026-06-24T23:58:30  INFO      Poll OK — 2026-06-25T06:58:30.381283+00:00
2026-06-24T23:58:41  INFO      Poll OK — 2026-06-25T06:58:40.843977+00:00
2026-06-24T23:58:51  INFO      Poll OK — 2026-06-25T06:58:51.306130+00:00
2026-06-24T23:59:02  INFO      Poll OK — 2026-06-25T06:59:01.769602+00:00
2026-06-24T23:59:12  INFO      Poll OK — 2026-06-25T06:59:12.230675+00:00
2026-06-24T23:59:23  INFO      Poll OK — 2026-06-25T06:59:22.704881+00:00
2026-06-24T23:59:33  INFO      Poll OK — 2026-06-25T06:59:33.166447+00:00
2026-06-24T23:59:44  INFO      Poll OK — 2026-06-25T06:59:43.630095+00:00
2026-06-24T23:59:54  INFO      Poll OK — 2026-06-25T06:59:54.094161+00:00
2026-06-25T00:00:05  INFO      Poll OK — 2026-06-25T07:00:04.558060+00:00
2026-06-25T00:00:15  INFO      Poll OK — 2026-06-25T07:00:15.024893+00:00
2026-06-25T00:00:25  INFO      Poll OK — 2026-06-25T07:00:25.485896+00:00
2026-06-25T00:00:36  INFO      Poll OK — 2026-06-25T07:00:35.949730+00:00
2026-06-25T00:00:46  INFO      Poll OK — 2026-06-25T07:00:46.411128+00:00
2026-06-25T00:00:57  INFO      Poll OK — 2026-06-25T07:00:56.874133+00:00
2026-06-25T00:01:07  INFO      Poll OK — 2026-06-25T07:01:07.338283+00:00
2026-06-25T00:01:18  INFO      Poll OK — 2026-06-25T07:01:17.799614+00:00
2026-06-25T00:01:28  INFO      Poll OK — 2026-06-25T07:01:28.263722+00:00
2026-06-25T00:01:39  INFO      Poll OK — 2026-06-25T07:01:38.726070+00:00
2026-06-25T00:01:49  INFO      Poll OK — 2026-06-25T07:01:49.190982+00:00
2026-06-25T00:02:00  INFO      Poll OK — 2026-06-25T07:01:59.655956+00:00
2026-06-25T00:02:10  INFO      Poll OK — 2026-06-25T07:02:10.119624+00:00
2026-06-25T00:02:21  INFO      Poll OK — 2026-06-25T07:02:20.583773+00:00
2026-06-25T00:02:31  INFO      Poll OK — 2026-06-25T07:02:31.045115+00:00
2026-06-25T00:02:41  INFO      Poll OK — 2026-06-25T07:02:41.509247+00:00
2026-06-25T00:02:52  INFO      Poll OK — 2026-06-25T07:02:51.971419+00:00
2026-06-25T00:03:02  INFO      Poll OK — 2026-06-25T07:03:02.443716+00:00
2026-06-25T00:03:13  INFO      Poll OK — 2026-06-25T07:03:12.906777+00:00
2026-06-25T00:03:23  INFO      Poll OK — 2026-06-25T07:03:23.367988+00:00
2026-06-25T00:03:34  INFO      Poll OK — 2026-06-25T07:03:33.832375+00:00
2026-06-25T00:03:44  INFO      Poll OK — 2026-06-25T07:03:44.297799+00:00
2026-06-25T00:03:55  INFO      Poll OK — 2026-06-25T07:03:54.762961+00:00
2026-06-25T00:04:05  INFO      Poll OK — 2026-06-25T07:04:05.236023+00:00
2026-06-25T00:04:16  INFO      Poll OK — 2026-06-25T07:04:15.697230+00:00
2026-06-25T00:04:26  INFO      Poll OK — 2026-06-25T07:04:26.162537+00:00
2026-06-25T00:04:37  INFO      Poll OK — 2026-06-25T07:04:36.623543+00:00
2026-06-25T00:04:47  INFO      Poll OK — 2026-06-25T07:04:47.087982+00:00
2026-06-25T00:04:58  INFO      Poll OK — 2026-06-25T07:04:57.550132+00:00
2026-06-25T00:05:08  INFO      Poll OK — 2026-06-25T07:05:08.012207+00:00
2026-06-25T00:05:18  INFO      Poll OK — 2026-06-25T07:05:18.475555+00:00
2026-06-25T00:05:29  INFO      Poll OK — 2026-06-25T07:05:28.938747+00:00
2026-06-25T00:05:39  INFO      Poll OK — 2026-06-25T07:05:39.415046+00:00
2026-06-25T00:05:50  INFO      Poll OK — 2026-06-25T07:05:49.878907+00:00
2026-06-25T00:06:00  INFO      Poll OK — 2026-06-25T07:06:00.343678+00:00
2026-06-25T00:06:11  INFO      Poll OK — 2026-06-25T07:06:10.815968+00:00
2026-06-25T00:06:21  INFO      Poll OK — 2026-06-25T07:06:21.277199+00:00
2026-06-25T00:06:32  INFO      Poll OK — 2026-06-25T07:06:31.741174+00:00
2026-06-25T00:06:42  INFO      Poll OK — 2026-06-25T07:06:42.202259+00:00
2026-06-25T00:06:53  INFO      Poll OK — 2026-06-25T07:06:52.668063+00:00
2026-06-25T00:07:03  INFO      Poll OK — 2026-06-25T07:07:03.129220+00:00
2026-06-25T00:07:14  INFO      Poll OK — 2026-06-25T07:07:13.591922+00:00
2026-06-25T00:07:24  INFO      Poll OK — 2026-06-25T07:07:24.056419+00:00
2026-06-25T00:07:34  INFO      Poll OK — 2026-06-25T07:07:34.519646+00:00
2026-06-25T00:07:45  INFO      Poll OK — 2026-06-25T07:07:44.986525+00:00
2026-06-25T00:07:55  INFO      Poll OK — 2026-06-25T07:07:55.449390+00:00
2026-06-25T00:08:06  INFO      Poll OK — 2026-06-25T07:08:05.912008+00:00
2026-06-25T00:08:16  INFO      Poll OK — 2026-06-25T07:08:16.372684+00:00
2026-06-25T00:08:27  INFO      Poll OK — 2026-06-25T07:08:26.836172+00:00
2026-06-25T00:08:37  INFO      Poll OK — 2026-06-25T07:08:37.299787+00:00
2026-06-25T00:08:48  INFO      Poll OK — 2026-06-25T07:08:47.762309+00:00
2026-06-25T00:08:58  INFO      Poll OK — 2026-06-25T07:08:58.226425+00:00
2026-06-25T00:09:09  INFO      Poll OK — 2026-06-25T07:09:08.687548+00:00
2026-06-25T00:09:19  INFO      Poll OK — 2026-06-25T07:09:19.152531+00:00
2026-06-25T00:09:30  INFO      Poll OK — 2026-06-25T07:09:29.616992+00:00
2026-06-25T00:09:40  INFO      Poll OK — 2026-06-25T07:09:40.080220+00:00
2026-06-25T00:09:51  INFO      Poll OK — 2026-06-25T07:09:50.546533+00:00
2026-06-25T00:10:01  INFO      Poll OK — 2026-06-25T07:10:01.006270+00:00
2026-06-25T00:10:11  INFO      Poll OK — 2026-06-25T07:10:11.470835+00:00
2026-06-25T00:10:22  INFO      Poll OK — 2026-06-25T07:10:21.932093+00:00
2026-06-25T00:10:32  INFO      Poll OK — 2026-06-25T07:10:32.394435+00:00
2026-06-25T00:10:43  INFO      Poll OK — 2026-06-25T07:10:42.858616+00:00
2026-06-25T00:10:53  INFO      Poll OK — 2026-06-25T07:10:53.319840+00:00
2026-06-25T00:11:04  INFO      Poll OK — 2026-06-25T07:11:03.785263+00:00
2026-06-25T00:11:14  INFO      Poll OK — 2026-06-25T07:11:14.249314+00:00
2026-06-25T00:11:25  INFO      Poll OK — 2026-06-25T07:11:24.714900+00:00
2026-06-25T00:11:35  INFO      Poll OK — 2026-06-25T07:11:35.178471+00:00
2026-06-25T00:11:46  INFO      Poll OK — 2026-06-25T07:11:45.639653+00:00
2026-06-25T00:11:56  INFO      Poll OK — 2026-06-25T07:11:56.104753+00:00
2026-06-25T00:12:07  INFO      Poll OK — 2026-06-25T07:12:06.566193+00:00
2026-06-25T00:12:17  INFO      Poll OK — 2026-06-25T07:12:17.030289+00:00
2026-06-25T00:12:27  INFO      Poll OK — 2026-06-25T07:12:27.492416+00:00
2026-06-25T00:12:38  INFO      Poll OK — 2026-06-25T07:12:37.954235+00:00
2026-06-25T00:12:48  INFO      Poll OK — 2026-06-25T07:12:48.417432+00:00
2026-06-25T00:12:59  INFO      Poll OK — 2026-06-25T07:12:58.881095+00:00
2026-06-25T00:13:09  INFO      Poll OK — 2026-06-25T07:13:09.347059+00:00
2026-06-25T00:13:20  INFO      Poll OK — 2026-06-25T07:13:19.810571+00:00
2026-06-25T00:13:30  INFO      Poll OK — 2026-06-25T07:13:30.275895+00:00
2026-06-25T00:13:41  INFO      Poll OK — 2026-06-25T07:13:40.738054+00:00
2026-06-25T00:13:51  INFO      Poll OK — 2026-06-25T07:13:51.199560+00:00
2026-06-25T00:14:02  INFO      Poll OK — 2026-06-25T07:14:01.665160+00:00
2026-06-25T00:14:12  INFO      Poll OK — 2026-06-25T07:14:12.126149+00:00
2026-06-25T00:14:23  INFO      Poll OK — 2026-06-25T07:14:22.590064+00:00
2026-06-25T00:14:33  INFO      Poll OK — 2026-06-25T07:14:33.051687+00:00
2026-06-25T00:14:43  INFO      Poll OK — 2026-06-25T07:14:43.514179+00:00
2026-06-25T00:14:54  INFO      Poll OK — 2026-06-25T07:14:53.980449+00:00
2026-06-25T00:15:04  INFO      Poll OK — 2026-06-25T07:15:04.443645+00:00
2026-06-25T00:15:15  INFO      Poll OK — 2026-06-25T07:15:14.909980+00:00
2026-06-25T00:15:25  INFO      Poll OK — 2026-06-25T07:15:25.372272+00:00
2026-06-25T00:15:36  INFO      Poll OK — 2026-06-25T07:15:35.834611+00:00
2026-06-25T00:15:46  INFO      Poll OK — 2026-06-25T07:15:46.296761+00:00
2026-06-25T00:15:57  INFO      Poll OK — 2026-06-25T07:15:56.759835+00:00
2026-06-25T00:16:07  INFO      Poll OK — 2026-06-25T07:16:07.224382+00:00
2026-06-25T00:16:18  INFO      Poll OK — 2026-06-25T07:16:17.685213+00:00
2026-06-25T00:16:28  INFO      Poll OK — 2026-06-25T07:16:28.148680+00:00
2026-06-25T00:16:39  INFO      Poll OK — 2026-06-25T07:16:38.611012+00:00
2026-06-25T00:16:49  INFO      Poll OK — 2026-06-25T07:16:49.075549+00:00
2026-06-25T00:17:00  INFO      Poll OK — 2026-06-25T07:16:59.541044+00:00
2026-06-25T00:17:10  INFO      Poll OK — 2026-06-25T07:17:10.005080+00:00
2026-06-25T00:17:20  INFO      Poll OK — 2026-06-25T07:17:20.469160+00:00
2026-06-25T00:17:31  INFO      Poll OK — 2026-06-25T07:17:30.931148+00:00
2026-06-25T00:17:41  INFO      Poll OK — 2026-06-25T07:17:41.405011+00:00
2026-06-25T00:17:52  INFO      Poll OK — 2026-06-25T07:17:51.866426+00:00
2026-06-25T00:18:02  INFO      Poll OK — 2026-06-25T07:18:02.329915+00:00
2026-06-25T00:18:13  INFO      Poll OK — 2026-06-25T07:18:12.792947+00:00
2026-06-25T00:18:23  INFO      Poll OK — 2026-06-25T07:18:23.254077+00:00
2026-06-25T00:18:34  INFO      Poll OK — 2026-06-25T07:18:33.719858+00:00
2026-06-25T00:18:44  INFO      Poll OK — 2026-06-25T07:18:44.184312+00:00
2026-06-25T00:18:55  INFO      Poll OK — 2026-06-25T07:18:54.649109+00:00
2026-06-25T00:19:05  INFO      Poll OK — 2026-06-25T07:19:05.112326+00:00
2026-06-25T00:19:16  INFO      Poll OK — 2026-06-25T07:19:15.574502+00:00
2026-06-25T00:19:26  INFO      Poll OK — 2026-06-25T07:19:26.038200+00:00
2026-06-25T00:19:36  INFO      Poll OK — 2026-06-25T07:19:36.499987+00:00
2026-06-25T00:19:47  INFO      Poll OK — 2026-06-25T07:19:46.964621+00:00
2026-06-25T00:19:57  INFO      Poll OK — 2026-06-25T07:19:57.425583+00:00
2026-06-25T00:20:08  INFO      Poll OK — 2026-06-25T07:20:07.888954+00:00
2026-06-25T00:20:18  INFO      Poll OK — 2026-06-25T07:20:18.351900+00:00
2026-06-25T00:20:29  INFO      Poll OK — 2026-06-25T07:20:28.812795+00:00
2026-06-25T00:20:39  INFO      Poll OK — 2026-06-25T07:20:39.280674+00:00
2026-06-25T00:20:50  INFO      Poll OK — 2026-06-25T07:20:49.745125+00:00
2026-06-25T00:21:00  INFO      Poll OK — 2026-06-25T07:21:00.209617+00:00
2026-06-25T00:21:11  INFO      Poll OK — 2026-06-25T07:21:10.671309+00:00
2026-06-25T00:21:21  INFO      Poll OK — 2026-06-25T07:21:21.133756+00:00
2026-06-25T00:21:32  INFO      Poll OK — 2026-06-25T07:21:31.598298+00:00
2026-06-25T00:21:42  INFO      Poll OK — 2026-06-25T07:21:42.060062+00:00
2026-06-25T00:21:52  INFO      Poll OK — 2026-06-25T07:21:52.533716+00:00
2026-06-25T00:22:03  INFO      Poll OK — 2026-06-25T07:22:02.996014+00:00
2026-06-25T00:22:13  INFO      Poll OK — 2026-06-25T07:22:13.458252+00:00
2026-06-25T00:22:24  INFO      Poll OK — 2026-06-25T07:22:23.923401+00:00
2026-06-25T00:22:34  INFO      Poll OK — 2026-06-25T07:22:34.386734+00:00
2026-06-25T00:22:45  INFO      Poll OK — 2026-06-25T07:22:44.862960+00:00
2026-06-25T00:22:55  INFO      Poll OK — 2026-06-25T07:22:55.324601+00:00
2026-06-25T00:23:06  INFO      Poll OK — 2026-06-25T07:23:05.789240+00:00
2026-06-25T00:23:16  INFO      Poll OK — 2026-06-25T07:23:16.251023+00:00
2026-06-25T00:23:27  INFO      Poll OK — 2026-06-25T07:23:26.713359+00:00
2026-06-25T00:23:37  INFO      Poll OK — 2026-06-25T07:23:37.177790+00:00
2026-06-25T00:23:48  INFO      Poll OK — 2026-06-25T07:23:47.638463+00:00
2026-06-25T00:23:58  INFO      Poll OK — 2026-06-25T07:23:58.102113+00:00
2026-06-25T00:24:09  INFO      Poll OK — 2026-06-25T07:24:08.565168+00:00
2026-06-25T00:24:19  INFO      Poll OK — 2026-06-25T07:24:19.029201+00:00
2026-06-25T00:24:29  INFO      Poll OK — 2026-06-25T07:24:29.493847+00:00
2026-06-25T00:24:40  INFO      Poll OK — 2026-06-25T07:24:39.957992+00:00
2026-06-25T00:24:50  INFO      Poll OK — 2026-06-25T07:24:50.422350+00:00
2026-06-25T00:25:01  INFO      Poll OK — 2026-06-25T07:25:00.883570+00:00
2026-06-25T00:25:11  INFO      Poll OK — 2026-06-25T07:25:11.347797+00:00
2026-06-25T00:25:22  INFO      Poll OK — 2026-06-25T07:25:21.809867+00:00
2026-06-25T00:25:32  INFO      Poll OK — 2026-06-25T07:25:32.272310+00:00
2026-06-25T00:25:43  INFO      Poll OK — 2026-06-25T07:25:42.735734+00:00
2026-06-25T00:25:53  INFO      Poll OK — 2026-06-25T07:25:53.206793+00:00
2026-06-25T00:26:04  INFO      Poll OK — 2026-06-25T07:26:03.682262+00:00
2026-06-25T00:26:14  INFO      Poll OK — 2026-06-25T07:26:14.146410+00:00
2026-06-25T00:26:25  INFO      Poll OK — 2026-06-25T07:26:24.611627+00:00
2026-06-25T00:26:35  INFO      Poll OK — 2026-06-25T07:26:35.075677+00:00
2026-06-25T00:26:46  INFO      Poll OK — 2026-06-25T07:26:45.536996+00:00
2026-06-25T00:26:56  INFO      Poll OK — 2026-06-25T07:26:56.000543+00:00
2026-06-25T00:27:06  INFO      Poll OK — 2026-06-25T07:27:06.463686+00:00
2026-06-25T00:27:17  INFO      Poll OK — 2026-06-25T07:27:16.926992+00:00
2026-06-25T00:27:27  INFO      Poll OK — 2026-06-25T07:27:27.389726+00:00
2026-06-25T00:27:38  INFO      Poll OK — 2026-06-25T07:27:37.851391+00:00
2026-06-25T00:27:48  INFO      Poll OK — 2026-06-25T07:27:48.314630+00:00
2026-06-25T00:27:59  INFO      Poll OK — 2026-06-25T07:27:58.786058+00:00
2026-06-25T00:28:09  INFO      Poll OK — 2026-06-25T07:28:09.254353+00:00
2026-06-25T00:28:20  INFO      Poll OK — 2026-06-25T07:28:19.719057+00:00
2026-06-25T00:28:30  INFO      Poll OK — 2026-06-25T07:28:30.183388+00:00
2026-06-25T00:28:41  INFO      Poll OK — 2026-06-25T07:28:40.643895+00:00
2026-06-25T00:28:51  INFO      Poll OK — 2026-06-25T07:28:51.106379+00:00
2026-06-25T00:29:02  INFO      Poll OK — 2026-06-25T07:29:01.570212+00:00
2026-06-25T00:29:12  INFO      Poll OK — 2026-06-25T07:29:12.032614+00:00
2026-06-25T00:29:22  INFO      Poll OK — 2026-06-25T07:29:22.495754+00:00
2026-06-25T00:29:33  INFO      Poll OK — 2026-06-25T07:29:32.958058+00:00
2026-06-25T00:29:43  INFO      Poll OK — 2026-06-25T07:29:43.420594+00:00
2026-06-25T00:29:54  INFO      Poll OK — 2026-06-25T07:29:53.885725+00:00
2026-06-25T00:30:04  INFO      Poll OK — 2026-06-25T07:30:04.349063+00:00
2026-06-25T00:30:15  INFO      Poll OK — 2026-06-25T07:30:14.816249+00:00
2026-06-25T00:30:25  INFO      Poll OK — 2026-06-25T07:30:25.277556+00:00
2026-06-25T00:30:36  INFO      Poll OK — 2026-06-25T07:30:35.740891+00:00
2026-06-25T00:30:46  INFO      Poll OK — 2026-06-25T07:30:46.202949+00:00
2026-06-25T00:30:57  INFO      Poll OK — 2026-06-25T07:30:56.665221+00:00
2026-06-25T00:31:07  INFO      Poll OK — 2026-06-25T07:31:07.129705+00:00
2026-06-25T00:31:18  INFO      Poll OK — 2026-06-25T07:31:17.610829+00:00
2026-06-25T00:31:28  INFO      Poll OK — 2026-06-25T07:31:28.086178+00:00
2026-06-25T00:31:39  INFO      Poll OK — 2026-06-25T07:31:38.547167+00:00
2026-06-25T00:31:49  INFO      Poll OK — 2026-06-25T07:31:49.011220+00:00
2026-06-25T00:31:59  INFO      Poll OK — 2026-06-25T07:31:59.476813+00:00
2026-06-25T00:32:10  INFO      Poll OK — 2026-06-25T07:32:09.940236+00:00
2026-06-25T00:32:20  INFO      Poll OK — 2026-06-25T07:32:20.406596+00:00
2026-06-25T00:32:31  INFO      Poll OK — 2026-06-25T07:32:30.866776+00:00
2026-06-25T00:32:41  INFO      Poll OK — 2026-06-25T07:32:41.330725+00:00
2026-06-25T00:32:52  INFO      Poll OK — 2026-06-25T07:32:51.792157+00:00
2026-06-25T00:33:02  INFO      Poll OK — 2026-06-25T07:33:02.254465+00:00
2026-06-25T00:33:13  INFO      Poll OK — 2026-06-25T07:33:12.718293+00:00
2026-06-25T00:33:23  INFO      Poll OK — 2026-06-25T07:33:23.180052+00:00
2026-06-25T00:33:34  INFO      Poll OK — 2026-06-25T07:33:33.645013+00:00
2026-06-25T00:33:44  INFO      Poll OK — 2026-06-25T07:33:44.109174+00:00
2026-06-25T00:33:55  INFO      Poll OK — 2026-06-25T07:33:54.573356+00:00
2026-06-25T00:34:05  INFO      Poll OK — 2026-06-25T07:34:05.058109+00:00
2026-06-25T00:34:15  INFO      Poll OK — 2026-06-25T07:34:15.519764+00:00
2026-06-25T00:34:26  INFO      Poll OK — 2026-06-25T07:34:25.983265+00:00
2026-06-25T00:34:36  INFO      Poll OK — 2026-06-25T07:34:36.445595+00:00
2026-06-25T00:34:47  INFO      Poll OK — 2026-06-25T07:34:46.909983+00:00
2026-06-25T00:34:57  INFO      Poll OK — 2026-06-25T07:34:57.370924+00:00
2026-06-25T00:35:08  INFO      Poll OK — 2026-06-25T07:35:07.833476+00:00
2026-06-25T00:35:18  INFO      Poll OK — 2026-06-25T07:35:18.297600+00:00
2026-06-25T00:35:29  INFO      Poll OK — 2026-06-25T07:35:28.757874+00:00
2026-06-25T00:35:39  INFO      Poll OK — 2026-06-25T07:35:39.226316+00:00
2026-06-25T00:35:50  INFO      Poll OK — 2026-06-25T07:35:49.690324+00:00
2026-06-25T00:36:00  INFO      Poll OK — 2026-06-25T07:36:00.154732+00:00
2026-06-25T00:36:11  INFO      Poll OK — 2026-06-25T07:36:10.616136+00:00
2026-06-25T00:36:21  INFO      Poll OK — 2026-06-25T07:36:21.079135+00:00
2026-06-25T00:36:32  INFO      Poll OK — 2026-06-25T07:36:31.543473+00:00
2026-06-25T00:36:42  INFO      Poll OK — 2026-06-25T07:36:42.004262+00:00
2026-06-25T00:36:52  INFO      Poll OK — 2026-06-25T07:36:52.469289+00:00
2026-06-25T00:37:03  INFO      Poll OK — 2026-06-25T07:37:02.930125+00:00
2026-06-25T00:37:13  INFO      Poll OK — 2026-06-25T07:37:13.392079+00:00
2026-06-25T00:37:24  INFO      Poll OK — 2026-06-25T07:37:23.858611+00:00
2026-06-25T00:37:34  INFO      Poll OK — 2026-06-25T07:37:34.324877+00:00
2026-06-25T00:37:45  INFO      Poll OK — 2026-06-25T07:37:44.788546+00:00
2026-06-25T00:37:55  INFO      Poll OK — 2026-06-25T07:37:55.250192+00:00
2026-06-25T00:38:06  INFO      Poll OK — 2026-06-25T07:38:05.712607+00:00
2026-06-25T00:38:16  INFO      Poll OK — 2026-06-25T07:38:16.185958+00:00
2026-06-25T00:38:27  INFO      Poll OK — 2026-06-25T07:38:26.647339+00:00
2026-06-25T00:38:37  INFO      Poll OK — 2026-06-25T07:38:37.112275+00:00
2026-06-25T00:38:48  INFO      Poll OK — 2026-06-25T07:38:47.573667+00:00
2026-06-25T00:38:58  INFO      Poll OK — 2026-06-25T07:38:58.037566+00:00
2026-06-25T00:39:08  INFO      Poll OK — 2026-06-25T07:39:08.498813+00:00
2026-06-25T00:39:19  INFO      Poll OK — 2026-06-25T07:39:18.964351+00:00
2026-06-25T00:39:29  INFO      Poll OK — 2026-06-25T07:39:29.428485+00:00
2026-06-25T00:39:40  INFO      Poll OK — 2026-06-25T07:39:39.892963+00:00
2026-06-25T00:39:50  INFO      Poll OK — 2026-06-25T07:39:50.357143+00:00
2026-06-25T00:40:01  INFO      Poll OK — 2026-06-25T07:40:00.818494+00:00
2026-06-25T00:40:11  INFO      Poll OK — 2026-06-25T07:40:11.282620+00:00
2026-06-25T00:40:22  INFO      Poll OK — 2026-06-25T07:40:21.744920+00:00
2026-06-25T00:40:32  INFO      Poll OK — 2026-06-25T07:40:32.206688+00:00
2026-06-25T00:40:43  INFO      Poll OK — 2026-06-25T07:40:42.670306+00:00
2026-06-25T00:40:53  INFO      Poll OK — 2026-06-25T07:40:53.131603+00:00
2026-06-25T00:41:04  INFO      Poll OK — 2026-06-25T07:41:03.597026+00:00
2026-06-25T00:41:14  INFO      Poll OK — 2026-06-25T07:41:14.059809+00:00
2026-06-25T00:41:24  INFO      Poll OK — 2026-06-25T07:41:24.525137+00:00
2026-06-25T00:41:35  INFO      Poll OK — 2026-06-25T07:41:34.989548+00:00
2026-06-25T00:41:45  INFO      Poll OK — 2026-06-25T07:41:45.451619+00:00
2026-06-25T00:41:56  INFO      Poll OK — 2026-06-25T07:41:55.915862+00:00
2026-06-25T00:42:06  INFO      Poll OK — 2026-06-25T07:42:06.377175+00:00
2026-06-25T00:42:17  INFO      Poll OK — 2026-06-25T07:42:16.841872+00:00
2026-06-25T00:42:27  INFO      Poll OK — 2026-06-25T07:42:27.303700+00:00
2026-06-25T00:42:38  INFO      Poll OK — 2026-06-25T07:42:37.766554+00:00
2026-06-25T00:42:48  INFO      Poll OK — 2026-06-25T07:42:48.238902+00:00
2026-06-25T00:42:59  INFO      Poll OK — 2026-06-25T07:42:58.699674+00:00
2026-06-25T00:43:09  INFO      Poll OK — 2026-06-25T07:43:09.167737+00:00
2026-06-25T00:43:20  INFO      Poll OK — 2026-06-25T07:43:19.631948+00:00
2026-06-25T00:43:30  INFO      Poll OK — 2026-06-25T07:43:30.106985+00:00
2026-06-25T00:43:41  INFO      Poll OK — 2026-06-25T07:43:40.568438+00:00
2026-06-25T00:43:51  INFO      Poll OK — 2026-06-25T07:43:51.030789+00:00
2026-06-25T00:44:01  INFO      Poll OK — 2026-06-25T07:44:01.494652+00:00
2026-06-25T00:44:12  INFO      Poll OK — 2026-06-25T07:44:11.956372+00:00
2026-06-25T00:44:22  INFO      Poll OK — 2026-06-25T07:44:22.420282+00:00
2026-06-25T00:44:33  INFO      Poll OK — 2026-06-25T07:44:32.882778+00:00
2026-06-25T00:44:43  INFO      Poll OK — 2026-06-25T07:44:43.354926+00:00
2026-06-25T00:44:54  INFO      Poll OK — 2026-06-25T07:44:53.820484+00:00
2026-06-25T00:45:04  INFO      Poll OK — 2026-06-25T07:45:04.282858+00:00
2026-06-25T00:45:15  INFO      Poll OK — 2026-06-25T07:45:14.750389+00:00
2026-06-25T00:45:25  INFO      Poll OK — 2026-06-25T07:45:25.212802+00:00
2026-06-25T00:45:36  INFO      Poll OK — 2026-06-25T07:45:35.676282+00:00
2026-06-25T00:45:46  INFO      Poll OK — 2026-06-25T07:45:46.138475+00:00
2026-06-25T00:45:57  INFO      Poll OK — 2026-06-25T07:45:56.601471+00:00
2026-06-25T00:46:07  INFO      Poll OK — 2026-06-25T07:46:07.066154+00:00
2026-06-25T00:46:17  INFO      Poll OK — 2026-06-25T07:46:17.527391+00:00
2026-06-25T00:46:28  INFO      Poll OK — 2026-06-25T07:46:27.991606+00:00
2026-06-25T00:46:38  INFO      Poll OK — 2026-06-25T07:46:38.454236+00:00
2026-06-25T00:46:49  INFO      Poll OK — 2026-06-25T07:46:48.918460+00:00
2026-06-25T00:46:59  INFO      Poll OK — 2026-06-25T07:46:59.383383+00:00
2026-06-25T00:47:10  INFO      Poll OK — 2026-06-25T07:47:09.847747+00:00
2026-06-25T00:47:20  INFO      Poll OK — 2026-06-25T07:47:20.312959+00:00
2026-06-25T00:47:31  INFO      Poll OK — 2026-06-25T07:47:30.774731+00:00
2026-06-25T00:47:41  INFO      Poll OK — 2026-06-25T07:47:41.237723+00:00
2026-06-25T00:47:52  INFO      Poll OK — 2026-06-25T07:47:51.700469+00:00
2026-06-25T00:48:02  INFO      Poll OK — 2026-06-25T07:48:02.162806+00:00
2026-06-25T00:48:13  INFO      Poll OK — 2026-06-25T07:48:12.626085+00:00
2026-06-25T00:48:23  INFO      Poll OK — 2026-06-25T07:48:23.097747+00:00
2026-06-25T00:48:34  INFO      Poll OK — 2026-06-25T07:48:33.563072+00:00
2026-06-25T00:48:44  INFO      Poll OK — 2026-06-25T07:48:44.027401+00:00
2026-06-25T00:48:54  INFO      Poll OK — 2026-06-25T07:48:54.491952+00:00
2026-06-25T00:49:05  INFO      Poll OK — 2026-06-25T07:49:04.956898+00:00
2026-06-25T00:49:15  INFO      Poll OK — 2026-06-25T07:49:15.419102+00:00
2026-06-25T00:49:26  INFO      Poll OK — 2026-06-25T07:49:25.883188+00:00
2026-06-25T00:49:36  INFO      Poll OK — 2026-06-25T07:49:36.355530+00:00
2026-06-25T00:49:47  INFO      Poll OK — 2026-06-25T07:49:46.820003+00:00
2026-06-25T00:49:57  INFO      Poll OK — 2026-06-25T07:49:57.281775+00:00
2026-06-25T00:50:08  INFO      Poll OK — 2026-06-25T07:50:07.743844+00:00
2026-06-25T00:50:18  INFO      Poll OK — 2026-06-25T07:50:18.207659+00:00
2026-06-25T00:50:29  INFO      Poll OK — 2026-06-25T07:50:28.668679+00:00
2026-06-25T00:50:39  INFO      Poll OK — 2026-06-25T07:50:39.137179+00:00
2026-06-25T00:50:50  INFO      Poll OK — 2026-06-25T07:50:49.600356+00:00
2026-06-25T00:51:00  INFO      Poll OK — 2026-06-25T07:51:00.065093+00:00
2026-06-25T00:51:10  INFO      Poll OK — 2026-06-25T07:51:10.526553+00:00
2026-06-25T00:51:21  INFO      Poll OK — 2026-06-25T07:51:20.989711+00:00
2026-06-25T00:51:31  INFO      Poll OK — 2026-06-25T07:51:31.454999+00:00
2026-06-25T00:51:42  INFO      Poll OK — 2026-06-25T07:51:41.916478+00:00
2026-06-25T00:51:52  INFO      Poll OK — 2026-06-25T07:51:52.379910+00:00
2026-06-25T00:52:03  INFO      Poll OK — 2026-06-25T07:52:02.841963+00:00
2026-06-25T00:52:13  INFO      Poll OK — 2026-06-25T07:52:13.304756+00:00
2026-06-25T00:52:24  INFO      Poll OK — 2026-06-25T07:52:23.767943+00:00
2026-06-25T00:52:34  INFO      Poll OK — 2026-06-25T07:52:34.233057+00:00
2026-06-25T00:52:45  INFO      Poll OK — 2026-06-25T07:52:44.699778+00:00
2026-06-25T00:52:55  INFO      Poll OK — 2026-06-25T07:52:55.162149+00:00
2026-06-25T00:53:06  INFO      Poll OK — 2026-06-25T07:53:05.626604+00:00
2026-06-25T00:53:16  INFO      Poll OK — 2026-06-25T07:53:16.097435+00:00
2026-06-25T00:53:27  INFO      Poll OK — 2026-06-25T07:53:26.560106+00:00
2026-06-25T00:53:37  INFO      Poll OK — 2026-06-25T07:53:37.024624+00:00
2026-06-25T00:53:47  INFO      Poll OK — 2026-06-25T07:53:47.485928+00:00
2026-06-25T00:53:58  INFO      Poll OK — 2026-06-25T07:53:57.950224+00:00
2026-06-25T00:54:08  INFO      Poll OK — 2026-06-25T07:54:08.412674+00:00
2026-06-25T00:54:19  INFO      Poll OK — 2026-06-25T07:54:18.877037+00:00
2026-06-25T00:54:29  INFO      Poll OK — 2026-06-25T07:54:29.340976+00:00
2026-06-25T00:54:40  INFO      Poll OK — 2026-06-25T07:54:39.806284+00:00
2026-06-25T00:54:50  INFO      Poll OK — 2026-06-25T07:54:50.280972+00:00
2026-06-25T00:55:01  INFO      Poll OK — 2026-06-25T07:55:00.742398+00:00
2026-06-25T00:55:11  INFO      Poll OK — 2026-06-25T07:55:11.206616+00:00
2026-06-25T00:55:22  INFO      Poll OK — 2026-06-25T07:55:21.668194+00:00
2026-06-25T00:55:32  INFO      Poll OK — 2026-06-25T07:55:32.130506+00:00
2026-06-25T00:55:43  INFO      Poll OK — 2026-06-25T07:55:42.594297+00:00
2026-06-25T00:55:53  INFO      Poll OK — 2026-06-25T07:55:53.056036+00:00
2026-06-25T00:56:03  INFO      Poll OK — 2026-06-25T07:56:03.520519+00:00
2026-06-25T00:56:14  INFO      Poll OK — 2026-06-25T07:56:13.984903+00:00
2026-06-25T00:56:24  INFO      Poll OK — 2026-06-25T07:56:24.449146+00:00
2026-06-25T00:56:35  INFO      Poll OK — 2026-06-25T07:56:34.913344+00:00
2026-06-25T00:56:45  INFO      Poll OK — 2026-06-25T07:56:45.376622+00:00
2026-06-25T00:56:56  INFO      Poll OK — 2026-06-25T07:56:55.841391+00:00
2026-06-25T00:57:06  INFO      Poll OK — 2026-06-25T07:57:06.302595+00:00
2026-06-25T00:57:17  INFO      Poll OK — 2026-06-25T07:57:16.766455+00:00
2026-06-25T00:57:27  INFO      Poll OK — 2026-06-25T07:57:27.228051+00:00
2026-06-25T00:57:38  INFO      Poll OK — 2026-06-25T07:57:37.691547+00:00
2026-06-25T00:57:48  INFO      Poll OK — 2026-06-25T07:57:48.154834+00:00
2026-06-25T00:57:59  INFO      Poll OK — 2026-06-25T07:57:58.615363+00:00
2026-06-25T00:58:09  INFO      Poll OK — 2026-06-25T07:58:09.083062+00:00
2026-06-25T00:58:20  INFO      Poll OK — 2026-06-25T07:58:19.546736+00:00
2026-06-25T00:58:30  INFO      Poll OK — 2026-06-25T07:58:30.012174+00:00
2026-06-25T00:58:40  INFO      Poll OK — 2026-06-25T07:58:40.474587+00:00
2026-06-25T00:58:51  INFO      Poll OK — 2026-06-25T07:58:50.936916+00:00
2026-06-25T00:59:01  INFO      Poll OK — 2026-06-25T07:59:01.401163+00:00
2026-06-25T00:59:12  INFO      Poll OK — 2026-06-25T07:59:11.862484+00:00
2026-06-25T00:59:22  INFO      Poll OK — 2026-06-25T07:59:22.325597+00:00
2026-06-25T00:59:33  INFO      Poll OK — 2026-06-25T07:59:32.788072+00:00
2026-06-25T00:59:43  INFO      Poll OK — 2026-06-25T07:59:43.251282+00:00
2026-06-25T00:59:54  INFO      Poll OK — 2026-06-25T07:59:53.714492+00:00
2026-06-25T01:00:04  INFO      Poll OK — 2026-06-25T08:00:04.178749+00:00
2026-06-25T01:00:15  INFO      Poll OK — 2026-06-25T08:00:14.645172+00:00
2026-06-25T01:00:25  INFO      Poll OK — 2026-06-25T08:00:25.108333+00:00
2026-06-25T01:00:36  INFO      Poll OK — 2026-06-25T08:00:35.571860+00:00
2026-06-25T01:00:46  INFO      Poll OK — 2026-06-25T08:00:46.033658+00:00
2026-06-25T01:00:56  INFO      Poll OK — 2026-06-25T08:00:56.496354+00:00
2026-06-25T01:01:07  INFO      Poll OK — 2026-06-25T08:01:06.970733+00:00
2026-06-25T01:01:17  INFO      Poll OK — 2026-06-25T08:01:17.432165+00:00
2026-06-25T01:01:28  INFO      Poll OK — 2026-06-25T08:01:27.896798+00:00
2026-06-25T01:01:38  INFO      Poll OK — 2026-06-25T08:01:38.357805+00:00
2026-06-25T01:01:49  INFO      Poll OK — 2026-06-25T08:01:48.823235+00:00
2026-06-25T01:01:59  INFO      Poll OK — 2026-06-25T08:01:59.288423+00:00
2026-06-25T01:02:10  INFO      Poll OK — 2026-06-25T08:02:09.751717+00:00
2026-06-25T01:02:20  INFO      Poll OK — 2026-06-25T08:02:20.226973+00:00
2026-06-25T01:02:31  INFO      Poll OK — 2026-06-25T08:02:30.688326+00:00
2026-06-25T01:02:41  INFO      Poll OK — 2026-06-25T08:02:41.152281+00:00
2026-06-25T01:02:52  INFO      Poll OK — 2026-06-25T08:02:51.615090+00:00
2026-06-25T01:03:02  INFO      Poll OK — 2026-06-25T08:03:02.076967+00:00
2026-06-25T01:03:13  INFO      Poll OK — 2026-06-25T08:03:12.541155+00:00
2026-06-25T01:03:23  INFO      Poll OK — 2026-06-25T08:03:23.001718+00:00
2026-06-25T01:03:33  INFO      Poll OK — 2026-06-25T08:03:33.465648+00:00
2026-06-25T01:03:44  INFO      Poll OK — 2026-06-25T08:03:43.930282+00:00
2026-06-25T01:03:54  INFO      Poll OK — 2026-06-25T08:03:54.405843+00:00
2026-06-25T01:04:05  INFO      Poll OK — 2026-06-25T08:04:04.870162+00:00
2026-06-25T01:04:15  INFO      Poll OK — 2026-06-25T08:04:15.332297+00:00
2026-06-25T01:04:26  INFO      Poll OK — 2026-06-25T08:04:25.796477+00:00
2026-06-25T01:04:36  INFO      Poll OK — 2026-06-25T08:04:36.257959+00:00
2026-06-25T01:04:47  INFO      Poll OK — 2026-06-25T08:04:46.722398+00:00
2026-06-25T01:04:57  INFO      Poll OK — 2026-06-25T08:04:57.184465+00:00
2026-06-25T01:05:08  INFO      Poll OK — 2026-06-25T08:05:07.656749+00:00
2026-06-25T01:05:18  INFO      Poll OK — 2026-06-25T08:05:18.130092+00:00
2026-06-25T01:05:29  INFO      Poll OK — 2026-06-25T08:05:28.590531+00:00
2026-06-25T01:05:39  INFO      Poll OK — 2026-06-25T08:05:39.058243+00:00
2026-06-25T01:05:49  INFO      Poll OK — 2026-06-25T08:05:49.523917+00:00
2026-06-25T01:06:00  INFO      Poll OK — 2026-06-25T08:05:59.988418+00:00
2026-06-25T01:06:10  INFO      Poll OK — 2026-06-25T08:06:10.449799+00:00
2026-06-25T01:06:21  INFO      Poll OK — 2026-06-25T08:06:20.911809+00:00
2026-06-25T01:06:31  INFO      Poll OK — 2026-06-25T08:06:31.376215+00:00
2026-06-25T01:06:42  INFO      Poll OK — 2026-06-25T08:06:41.837146+00:00
2026-06-25T01:06:52  INFO      Poll OK — 2026-06-25T08:06:52.302916+00:00
2026-06-25T01:07:03  INFO      Poll OK — 2026-06-25T08:07:02.774071+00:00
2026-06-25T01:07:13  INFO      Poll OK — 2026-06-25T08:07:13.237133+00:00
2026-06-25T01:07:24  INFO      Poll OK — 2026-06-25T08:07:23.699713+00:00
2026-06-25T01:07:34  INFO      Poll OK — 2026-06-25T08:07:34.174231+00:00
2026-06-25T01:07:45  INFO      Poll OK — 2026-06-25T08:07:44.641163+00:00
2026-06-25T01:07:55  INFO      Poll OK — 2026-06-25T08:07:55.104284+00:00
2026-06-25T01:08:06  INFO      Poll OK — 2026-06-25T08:08:05.567915+00:00
2026-06-25T01:08:16  INFO      Poll OK — 2026-06-25T08:08:16.029069+00:00
2026-06-25T01:08:26  INFO      Poll OK — 2026-06-25T08:08:26.492509+00:00
2026-06-25T01:08:37  INFO      Poll OK — 2026-06-25T08:08:36.955659+00:00
2026-06-25T01:08:47  INFO      Poll OK — 2026-06-25T08:08:47.418051+00:00
2026-06-25T01:08:58  INFO      Poll OK — 2026-06-25T08:08:57.882400+00:00
2026-06-25T01:09:08  INFO      Poll OK — 2026-06-25T08:09:08.344540+00:00
2026-06-25T01:09:19  INFO      Poll OK — 2026-06-25T08:09:18.808632+00:00
2026-06-25T01:09:29  INFO      Poll OK — 2026-06-25T08:09:29.273159+00:00
2026-06-25T01:09:40  INFO      Poll OK — 2026-06-25T08:09:39.737642+00:00
2026-06-25T01:09:50  INFO      Poll OK — 2026-06-25T08:09:50.202606+00:00
2026-06-25T01:10:01  INFO      Poll OK — 2026-06-25T08:10:00.673962+00:00
2026-06-25T01:10:11  INFO      Poll OK — 2026-06-25T08:10:11.138278+00:00
2026-06-25T01:10:22  INFO      Poll OK — 2026-06-25T08:10:21.600530+00:00
2026-06-25T01:10:32  INFO      Poll OK — 2026-06-25T08:10:32.061827+00:00
2026-06-25T01:10:42  INFO      Poll OK — 2026-06-25T08:10:42.525067+00:00
2026-06-25T01:10:53  INFO      Poll OK — 2026-06-25T08:10:52.987202+00:00
2026-06-25T01:11:03  INFO      Poll OK — 2026-06-25T08:11:03.451792+00:00
2026-06-25T01:11:14  INFO      Poll OK — 2026-06-25T08:11:13.916058+00:00
2026-06-25T01:11:24  INFO      Poll OK — 2026-06-25T08:11:24.381771+00:00
2026-06-25T01:11:35  INFO      Poll OK — 2026-06-25T08:11:34.845216+00:00
2026-06-25T01:11:45  INFO      Poll OK — 2026-06-25T08:11:45.306735+00:00
2026-06-25T01:11:56  INFO      Poll OK — 2026-06-25T08:11:55.771711+00:00
2026-06-25T01:12:06  INFO      Poll OK — 2026-06-25T08:12:06.233394+00:00
2026-06-25T01:12:17  INFO      Poll OK — 2026-06-25T08:12:16.698292+00:00
2026-06-25T01:12:27  INFO      Poll OK — 2026-06-25T08:12:27.159132+00:00
2026-06-25T01:12:38  INFO      Poll OK — 2026-06-25T08:12:37.622485+00:00
2026-06-25T01:12:48  INFO      Poll OK — 2026-06-25T08:12:48.084387+00:00
2026-06-25T01:12:59  INFO      Poll OK — 2026-06-25T08:12:58.545792+00:00
2026-06-25T01:13:09  INFO      Poll OK — 2026-06-25T08:13:09.014246+00:00
2026-06-25T01:13:19  INFO      Poll OK — 2026-06-25T08:13:19.477130+00:00
2026-06-25T01:13:30  INFO      Poll OK — 2026-06-25T08:13:29.942406+00:00
2026-06-25T01:13:40  INFO      Poll OK — 2026-06-25T08:13:40.414967+00:00
2026-06-25T01:13:51  INFO      Poll OK — 2026-06-25T08:13:50.877139+00:00
2026-06-25T01:14:01  INFO      Poll OK — 2026-06-25T08:14:01.341920+00:00
2026-06-25T01:14:12  INFO      Poll OK — 2026-06-25T08:14:11.802683+00:00
2026-06-25T01:14:22  INFO      Poll OK — 2026-06-25T08:14:22.266772+00:00
2026-06-25T01:14:33  INFO      Poll OK — 2026-06-25T08:14:32.729504+00:00
2026-06-25T01:14:43  INFO      Poll OK — 2026-06-25T08:14:43.191596+00:00
2026-06-25T01:14:54  INFO      Poll OK — 2026-06-25T08:14:53.654851+00:00
2026-06-25T01:15:04  INFO      Poll OK — 2026-06-25T08:15:04.129215+00:00
2026-06-25T01:15:15  INFO      Poll OK — 2026-06-25T08:15:14.596373+00:00
2026-06-25T01:15:25  INFO      Poll OK — 2026-06-25T08:15:25.058620+00:00
2026-06-25T01:15:35  INFO      Poll OK — 2026-06-25T08:15:35.522664+00:00
2026-06-25T01:15:46  INFO      Poll OK — 2026-06-25T08:15:45.983305+00:00
2026-06-25T01:15:56  INFO      Poll OK — 2026-06-25T08:15:56.447445+00:00
2026-06-25T01:16:07  INFO      Poll OK — 2026-06-25T08:16:06.910724+00:00
2026-06-25T01:16:17  INFO      Poll OK — 2026-06-25T08:16:17.372209+00:00
2026-06-25T01:16:28  INFO      Poll OK — 2026-06-25T08:16:27.836345+00:00
2026-06-25T01:16:38  INFO      Poll OK — 2026-06-25T08:16:38.298651+00:00
2026-06-25T01:16:49  INFO      Poll OK — 2026-06-25T08:16:48.762983+00:00
2026-06-25T01:16:59  INFO      Poll OK — 2026-06-25T08:16:59.227180+00:00
2026-06-25T01:17:10  INFO      Poll OK — 2026-06-25T08:17:09.691630+00:00
2026-06-25T01:17:20  INFO      Poll OK — 2026-06-25T08:17:20.157036+00:00
2026-06-25T01:17:31  INFO      Poll OK — 2026-06-25T08:17:30.618000+00:00
2026-06-25T01:17:41  INFO      Poll OK — 2026-06-25T08:17:41.082856+00:00
2026-06-25T01:17:52  INFO      Poll OK — 2026-06-25T08:17:51.543567+00:00
2026-06-25T01:18:02  INFO      Poll OK — 2026-06-25T08:18:02.009445+00:00
2026-06-25T01:18:12  INFO      Poll OK — 2026-06-25T08:18:12.470413+00:00
2026-06-25T01:18:23  INFO      Poll OK — 2026-06-25T08:18:22.931427+00:00
2026-06-25T01:18:33  INFO      Poll OK — 2026-06-25T08:18:33.396614+00:00
2026-06-25T01:18:44  INFO      Poll OK — 2026-06-25T08:18:43.860205+00:00
2026-06-25T01:18:54  INFO      Poll OK — 2026-06-25T08:18:54.325435+00:00
2026-06-25T01:19:05  INFO      Poll OK — 2026-06-25T08:19:04.790322+00:00
2026-06-25T01:19:15  INFO      Poll OK — 2026-06-25T08:19:15.251596+00:00
2026-06-25T01:19:26  INFO      Poll OK — 2026-06-25T08:19:25.714923+00:00
2026-06-25T01:19:36  INFO      Poll OK — 2026-06-25T08:19:36.177021+00:00
2026-06-25T01:19:47  INFO      Poll OK — 2026-06-25T08:19:46.641358+00:00
2026-06-25T01:19:57  INFO      Poll OK — 2026-06-25T08:19:57.103607+00:00
2026-06-25T01:20:08  INFO      Poll OK — 2026-06-25T08:20:07.566573+00:00
2026-06-25T01:20:18  INFO      Poll OK — 2026-06-25T08:20:18.039393+00:00
2026-06-25T01:20:28  INFO      Poll OK — 2026-06-25T08:20:28.500026+00:00
2026-06-25T01:20:39  INFO      Poll OK — 2026-06-25T08:20:38.966884+00:00
2026-06-25T01:20:49  INFO      Poll OK — 2026-06-25T08:20:49.430373+00:00
2026-06-25T01:21:00  INFO      Poll OK — 2026-06-25T08:20:59.896348+00:00
2026-06-25T01:21:10  INFO      Poll OK — 2026-06-25T08:21:10.359257+00:00
2026-06-25T01:21:21  INFO      Poll OK — 2026-06-25T08:21:20.820904+00:00
2026-06-25T01:21:31  INFO      Poll OK — 2026-06-25T08:21:31.285240+00:00
2026-06-25T01:21:42  INFO      Poll OK — 2026-06-25T08:21:41.745280+00:00
2026-06-25T01:21:52  INFO      Poll OK — 2026-06-25T08:21:52.209703+00:00
2026-06-25T01:22:03  INFO      Poll OK — 2026-06-25T08:22:02.673182+00:00
2026-06-25T01:22:13  INFO      Poll OK — 2026-06-25T08:22:13.134957+00:00
2026-06-25T01:22:24  INFO      Poll OK — 2026-06-25T08:22:23.597797+00:00
2026-06-25T01:22:34  INFO      Poll OK — 2026-06-25T08:22:34.061432+00:00
2026-06-25T01:22:44  INFO      Poll OK — 2026-06-25T08:22:44.528634+00:00
2026-06-25T01:22:55  INFO      Poll OK — 2026-06-25T08:22:54.991032+00:00
2026-06-25T01:23:05  INFO      Poll OK — 2026-06-25T08:23:05.455966+00:00
2026-06-25T01:23:16  INFO      Poll OK — 2026-06-25T08:23:15.916970+00:00
2026-06-25T01:23:26  INFO      Poll OK — 2026-06-25T08:23:26.379243+00:00
2026-06-25T01:23:37  INFO      Poll OK — 2026-06-25T08:23:36.843359+00:00
2026-06-25T01:23:47  INFO      Poll OK — 2026-06-25T08:23:47.304651+00:00
2026-06-25T01:23:58  INFO      Poll OK — 2026-06-25T08:23:57.769180+00:00
2026-06-25T01:24:08  INFO      Poll OK — 2026-06-25T08:24:08.231143+00:00
2026-06-25T01:24:19  INFO      Poll OK — 2026-06-25T08:24:18.694548+00:00
2026-06-25T01:24:29  INFO      Poll OK — 2026-06-25T08:24:29.158735+00:00
2026-06-25T01:24:40  INFO      Poll OK — 2026-06-25T08:24:39.622793+00:00
2026-06-25T01:24:50  INFO      Poll OK — 2026-06-25T08:24:50.089075+00:00
2026-06-25T01:25:01  INFO      Poll OK — 2026-06-25T08:25:00.549010+00:00
2026-06-25T01:25:11  INFO      Poll OK — 2026-06-25T08:25:11.014610+00:00
2026-06-25T01:25:21  INFO      Poll OK — 2026-06-25T08:25:21.476034+00:00
2026-06-25T01:25:32  INFO      Poll OK — 2026-06-25T08:25:31.938708+00:00
2026-06-25T01:25:42  INFO      Poll OK — 2026-06-25T08:25:42.402113+00:00
2026-06-25T01:25:53  INFO      Poll OK — 2026-06-25T08:25:52.863521+00:00
2026-06-25T01:26:03  INFO      Poll OK — 2026-06-25T08:26:03.328525+00:00
2026-06-25T01:26:14  INFO      Poll OK — 2026-06-25T08:26:13.791679+00:00
2026-06-25T01:26:24  INFO      Poll OK — 2026-06-25T08:26:24.257631+00:00
2026-06-25T01:26:35  INFO      Poll OK — 2026-06-25T08:26:34.721148+00:00
2026-06-25T01:26:45  INFO      Poll OK — 2026-06-25T08:26:45.184931+00:00
2026-06-25T01:26:56  INFO      Poll OK — 2026-06-25T08:26:55.647601+00:00
2026-06-25T01:27:06  INFO      Poll OK — 2026-06-25T08:27:06.109004+00:00
2026-06-25T01:27:17  INFO      Poll OK — 2026-06-25T08:27:16.572985+00:00
2026-06-25T01:27:27  INFO      Poll OK — 2026-06-25T08:27:27.035499+00:00
2026-06-25T01:27:37  INFO      Poll OK — 2026-06-25T08:27:37.497721+00:00
2026-06-25T01:27:48  INFO      Poll OK — 2026-06-25T08:27:47.960618+00:00
2026-06-25T01:27:58  INFO      Poll OK — 2026-06-25T08:27:58.421383+00:00
2026-06-25T01:28:09  INFO      Poll OK — 2026-06-25T08:28:08.889527+00:00
2026-06-25T01:28:19  INFO      Poll OK — 2026-06-25T08:28:19.352504+00:00
2026-06-25T01:28:30  INFO      Poll OK — 2026-06-25T08:28:29.817716+00:00
2026-06-25T01:28:40  INFO      Poll OK — 2026-06-25T08:28:40.279810+00:00
2026-06-25T01:28:51  INFO      Poll OK — 2026-06-25T08:28:50.742273+00:00
2026-06-25T01:29:01  INFO      Poll OK — 2026-06-25T08:29:01.206599+00:00
2026-06-25T01:29:12  INFO      Poll OK — 2026-06-25T08:29:11.667567+00:00
2026-06-25T01:29:22  INFO      Poll OK — 2026-06-25T08:29:22.132538+00:00
2026-06-25T01:29:33  INFO      Poll OK — 2026-06-25T08:29:32.594270+00:00
2026-06-25T01:29:43  INFO      Poll OK — 2026-06-25T08:29:43.056335+00:00
2026-06-25T01:29:53  INFO      Poll OK — 2026-06-25T08:29:53.519713+00:00
2026-06-25T01:30:04  INFO      Poll OK — 2026-06-25T08:30:03.983819+00:00
2026-06-25T01:30:14  INFO      Poll OK — 2026-06-25T08:30:14.450939+00:00
2026-06-25T01:30:25  INFO      Poll OK — 2026-06-25T08:30:24.913331+00:00
2026-06-25T01:30:35  INFO      Poll OK — 2026-06-25T08:30:35.377759+00:00
2026-06-25T01:30:46  INFO      Poll OK — 2026-06-25T08:30:45.838809+00:00
2026-06-25T01:30:56  INFO      Poll OK — 2026-06-25T08:30:56.301263+00:00
2026-06-25T01:31:07  INFO      Poll OK — 2026-06-25T08:31:06.765170+00:00
2026-06-25T01:31:17  INFO      Poll OK — 2026-06-25T08:31:17.226642+00:00
2026-06-25T01:31:28  INFO      Poll OK — 2026-06-25T08:31:27.690831+00:00
2026-06-25T01:31:38  INFO      Poll OK — 2026-06-25T08:31:38.152898+00:00
2026-06-25T01:31:49  INFO      Poll OK — 2026-06-25T08:31:48.616319+00:00
2026-06-25T01:31:59  INFO      Poll OK — 2026-06-25T08:31:59.080544+00:00
2026-06-25T01:32:10  INFO      Poll OK — 2026-06-25T08:32:09.544757+00:00
2026-06-25T01:32:20  INFO      Poll OK — 2026-06-25T08:32:20.010678+00:00
2026-06-25T01:32:30  INFO      Poll OK — 2026-06-25T08:32:30.472471+00:00
2026-06-25T01:32:41  INFO      Poll OK — 2026-06-25T08:32:40.936571+00:00
2026-06-25T01:32:51  INFO      Poll OK — 2026-06-25T08:32:51.397848+00:00
2026-06-25T01:33:02  INFO      Poll OK — 2026-06-25T08:33:01.860787+00:00
2026-06-25T01:33:12  INFO      Poll OK — 2026-06-25T08:33:12.324175+00:00
2026-06-25T01:33:23  INFO      Poll OK — 2026-06-25T08:33:22.785620+00:00
2026-06-25T01:33:33  INFO      Poll OK — 2026-06-25T08:33:33.250578+00:00
2026-06-25T01:33:44  INFO      Poll OK — 2026-06-25T08:33:43.713938+00:00
2026-06-25T01:33:54  INFO      Poll OK — 2026-06-25T08:33:54.178378+00:00
2026-06-25T01:34:05  INFO      Poll OK — 2026-06-25T08:34:04.642583+00:00
2026-06-25T01:34:15  INFO      Poll OK — 2026-06-25T08:34:15.105404+00:00
2026-06-25T01:34:26  INFO      Poll OK — 2026-06-25T08:34:25.570147+00:00
2026-06-25T01:34:36  INFO      Poll OK — 2026-06-25T08:34:36.030245+00:00
2026-06-25T01:34:46  INFO      Poll OK — 2026-06-25T08:34:46.495502+00:00
2026-06-25T01:34:57  INFO      Poll OK — 2026-06-25T08:34:56.957653+00:00
2026-06-25T01:35:07  INFO      Poll OK — 2026-06-25T08:35:07.420057+00:00
2026-06-25T01:35:18  INFO      Poll OK — 2026-06-25T08:35:17.882961+00:00
2026-06-25T01:35:28  INFO      Poll OK — 2026-06-25T08:35:28.344738+00:00
2026-06-25T01:35:39  INFO      Poll OK — 2026-06-25T08:35:38.811643+00:00
2026-06-25T01:35:49  INFO      Poll OK — 2026-06-25T08:35:49.275040+00:00
2026-06-25T01:36:00  INFO      Poll OK — 2026-06-25T08:35:59.740123+00:00
2026-06-25T01:36:10  INFO      Poll OK — 2026-06-25T08:36:10.202386+00:00
2026-06-25T01:36:21  INFO      Poll OK — 2026-06-25T08:36:20.665790+00:00
2026-06-25T01:36:31  INFO      Poll OK — 2026-06-25T08:36:31.128930+00:00
2026-06-25T01:36:42  INFO      Poll OK — 2026-06-25T08:36:41.590461+00:00
2026-06-25T01:36:52  INFO      Poll OK — 2026-06-25T08:36:52.054448+00:00
2026-06-25T01:37:02  INFO      Poll OK — 2026-06-25T08:37:02.516576+00:00
2026-06-25T01:37:13  INFO      Poll OK — 2026-06-25T08:37:12.978963+00:00
2026-06-25T01:37:23  INFO      Poll OK — 2026-06-25T08:37:23.443374+00:00
2026-06-25T01:37:34  INFO      Poll OK — 2026-06-25T08:37:33.906753+00:00
2026-06-25T01:37:44  INFO      Poll OK — 2026-06-25T08:37:44.372738+00:00
2026-06-25T01:37:55  INFO      Poll OK — 2026-06-25T08:37:54.836190+00:00
2026-06-25T01:38:05  INFO      Poll OK — 2026-06-25T08:38:05.300085+00:00
2026-06-25T01:38:16  INFO      Poll OK — 2026-06-25T08:38:15.762229+00:00
2026-06-25T01:38:26  INFO      Poll OK — 2026-06-25T08:38:26.224813+00:00
2026-06-25T01:38:37  INFO      Poll OK — 2026-06-25T08:38:36.688031+00:00
2026-06-25T01:38:47  INFO      Poll OK — 2026-06-25T08:38:47.158936+00:00
2026-06-25T01:38:58  INFO      Poll OK — 2026-06-25T08:38:57.624295+00:00
2026-06-25T01:39:08  INFO      Poll OK — 2026-06-25T08:39:08.085952+00:00
2026-06-25T01:39:19  INFO      Poll OK — 2026-06-25T08:39:18.549966+00:00
2026-06-25T01:39:29  INFO      Poll OK — 2026-06-25T08:39:29.014870+00:00
2026-06-25T01:39:39  INFO      Poll OK — 2026-06-25T08:39:39.478567+00:00
2026-06-25T01:39:50  INFO      Poll OK — 2026-06-25T08:39:49.944609+00:00
2026-06-25T01:40:00  INFO      Poll OK — 2026-06-25T08:40:00.404704+00:00
2026-06-25T01:40:11  INFO      Poll OK — 2026-06-25T08:40:10.879430+00:00
2026-06-25T01:40:21  INFO      Poll OK — 2026-06-25T08:40:21.341193+00:00
2026-06-25T01:40:32  INFO      Poll OK — 2026-06-25T08:40:31.805135+00:00
2026-06-25T01:40:42  INFO      Poll OK — 2026-06-25T08:40:42.278266+00:00
2026-06-25T01:40:53  INFO      Poll OK — 2026-06-25T08:40:52.739254+00:00
2026-06-25T01:41:03  INFO      Poll OK — 2026-06-25T08:41:03.203424+00:00
2026-06-25T01:41:14  INFO      Poll OK — 2026-06-25T08:41:13.665149+00:00
2026-06-25T01:41:24  INFO      Poll OK — 2026-06-25T08:41:24.132193+00:00
2026-06-25T01:41:35  INFO      Poll OK — 2026-06-25T08:41:34.596147+00:00
2026-06-25T01:41:45  INFO      Poll OK — 2026-06-25T08:41:45.059847+00:00
2026-06-25T01:41:55  INFO      Poll OK — 2026-06-25T08:41:55.523928+00:00
2026-06-25T01:42:06  INFO      Poll OK — 2026-06-25T08:42:05.983954+00:00
2026-06-25T01:42:16  INFO      Poll OK — 2026-06-25T08:42:16.448408+00:00
2026-06-25T01:42:27  INFO      Poll OK — 2026-06-25T08:42:26.911670+00:00
2026-06-25T01:42:37  INFO      Poll OK — 2026-06-25T08:42:37.373877+00:00
2026-06-25T01:42:48  INFO      Poll OK — 2026-06-25T08:42:47.837107+00:00
2026-06-25T01:42:58  INFO      Poll OK — 2026-06-25T08:42:58.297534+00:00
2026-06-25T01:43:09  INFO      Poll OK — 2026-06-25T08:43:08.764774+00:00
2026-06-25T01:43:19  INFO      Poll OK — 2026-06-25T08:43:19.238109+00:00
2026-06-25T01:43:30  INFO      Poll OK — 2026-06-25T08:43:29.704177+00:00
2026-06-25T01:43:40  INFO      Poll OK — 2026-06-25T08:43:40.176281+00:00
2026-06-25T01:43:51  INFO      Poll OK — 2026-06-25T08:43:50.638728+00:00
2026-06-25T01:44:01  INFO      Poll OK — 2026-06-25T08:44:01.102768+00:00
2026-06-25T01:44:12  INFO      Poll OK — 2026-06-25T08:44:11.565459+00:00
2026-06-25T01:44:22  INFO      Poll OK — 2026-06-25T08:44:22.029206+00:00
2026-06-25T01:44:32  INFO      Poll OK — 2026-06-25T08:44:32.490641+00:00
2026-06-25T01:44:43  INFO      Poll OK — 2026-06-25T08:44:42.963923+00:00
2026-06-25T01:44:53  INFO      Poll OK — 2026-06-25T08:44:53.426165+00:00
2026-06-25T01:45:04  INFO      Poll OK — 2026-06-25T08:45:03.889372+00:00
2026-06-25T01:45:14  INFO      Poll OK — 2026-06-25T08:45:14.356370+00:00
2026-06-25T01:45:25  INFO      Poll OK — 2026-06-25T08:45:24.819972+00:00
2026-06-25T01:45:35  INFO      Poll OK — 2026-06-25T08:45:35.284320+00:00
2026-06-25T01:45:46  INFO      Poll OK — 2026-06-25T08:45:45.745876+00:00
2026-06-25T01:45:56  INFO      Poll OK — 2026-06-25T08:45:56.208761+00:00
2026-06-25T01:46:07  INFO      Poll OK — 2026-06-25T08:46:06.672117+00:00
2026-06-25T01:46:17  INFO      Poll OK — 2026-06-25T08:46:17.133038+00:00
2026-06-25T01:46:28  INFO      Poll OK — 2026-06-25T08:46:27.598354+00:00
2026-06-25T01:46:38  INFO      Poll OK — 2026-06-25T08:46:38.059312+00:00
2026-06-25T01:46:49  INFO      Poll OK — 2026-06-25T08:46:48.522831+00:00
2026-06-25T01:46:59  INFO      Poll OK — 2026-06-25T08:46:59.008057+00:00
2026-06-25T01:47:09  INFO      Poll OK — 2026-06-25T08:47:09.472258+00:00
2026-06-25T01:47:20  INFO      Poll OK — 2026-06-25T08:47:19.937923+00:00
2026-06-25T01:47:30  INFO      Poll OK — 2026-06-25T08:47:30.400181+00:00
2026-06-25T01:47:41  INFO      Poll OK — 2026-06-25T08:47:40.863076+00:00
2026-06-25T01:47:51  INFO      Poll OK — 2026-06-25T08:47:51.325623+00:00
2026-06-25T01:48:02  INFO      Poll OK — 2026-06-25T08:48:01.787627+00:00
2026-06-25T01:48:12  INFO      Poll OK — 2026-06-25T08:48:12.251027+00:00
2026-06-25T01:48:23  INFO      Poll OK — 2026-06-25T08:48:22.712430+00:00
2026-06-25T01:48:33  INFO      Poll OK — 2026-06-25T08:48:33.178067+00:00
2026-06-25T01:48:44  INFO      Poll OK — 2026-06-25T08:48:43.639798+00:00
2026-06-25T01:48:54  INFO      Poll OK — 2026-06-25T08:48:54.105143+00:00
2026-06-25T01:49:05  INFO      Poll OK — 2026-06-25T08:49:04.569091+00:00
2026-06-25T01:49:15  INFO      Poll OK — 2026-06-25T08:49:15.042597+00:00
2026-06-25T01:49:25  INFO      Poll OK — 2026-06-25T08:49:25.506892+00:00
2026-06-25T01:49:36  INFO      Poll OK — 2026-06-25T08:49:35.969256+00:00
2026-06-25T01:49:46  INFO      Poll OK — 2026-06-25T08:49:46.432356+00:00
2026-06-25T01:49:57  INFO      Poll OK — 2026-06-25T08:49:56.893820+00:00
2026-06-25T01:50:07  INFO      Poll OK — 2026-06-25T08:50:07.355839+00:00
2026-06-25T01:50:18  INFO      Poll OK — 2026-06-25T08:50:17.828328+00:00
2026-06-25T01:50:28  INFO      Poll OK — 2026-06-25T08:50:28.290569+00:00
2026-06-25T01:50:39  INFO      Poll OK — 2026-06-25T08:50:38.757697+00:00
2026-06-25T01:50:49  INFO      Poll OK — 2026-06-25T08:50:49.230772+00:00
2026-06-25T01:51:00  INFO      Poll OK — 2026-06-25T08:50:59.696200+00:00
2026-06-25T01:51:10  INFO      Poll OK — 2026-06-25T08:51:10.158618+00:00
2026-06-25T01:51:21  INFO      Poll OK — 2026-06-25T08:51:20.620597+00:00
2026-06-25T01:51:31  INFO      Poll OK — 2026-06-25T08:51:31.085673+00:00
2026-06-25T01:51:42  INFO      Poll OK — 2026-06-25T08:51:41.546579+00:00
2026-06-25T01:51:52  INFO      Poll OK — 2026-06-25T08:51:52.009750+00:00
2026-06-25T01:52:02  INFO      Poll OK — 2026-06-25T08:52:02.471733+00:00
2026-06-25T01:52:13  INFO      Poll OK — 2026-06-25T08:52:12.934266+00:00
2026-06-25T01:52:23  INFO      Poll OK — 2026-06-25T08:52:23.396145+00:00
2026-06-25T01:52:34  INFO      Poll OK — 2026-06-25T08:52:33.860556+00:00
2026-06-25T01:52:44  INFO      Poll OK — 2026-06-25T08:52:44.327940+00:00
2026-06-25T01:52:55  INFO      Poll OK — 2026-06-25T08:52:54.790116+00:00
2026-06-25T01:53:05  INFO      Poll OK — 2026-06-25T08:53:05.254383+00:00
2026-06-25T01:53:16  INFO      Poll OK — 2026-06-25T08:53:15.714329+00:00
2026-06-25T01:53:26  INFO      Poll OK — 2026-06-25T08:53:26.177695+00:00
2026-06-25T01:53:37  INFO      Poll OK — 2026-06-25T08:53:36.641750+00:00
2026-06-25T01:53:47  INFO      Poll OK — 2026-06-25T08:53:47.102535+00:00
2026-06-25T01:53:58  INFO      Poll OK — 2026-06-25T08:53:57.566927+00:00
2026-06-25T01:54:08  INFO      Poll OK — 2026-06-25T08:54:08.027697+00:00
2026-06-25T01:54:18  INFO      Poll OK — 2026-06-25T08:54:18.491040+00:00
2026-06-25T01:54:29  INFO      Poll OK — 2026-06-25T08:54:28.966440+00:00
2026-06-25T01:54:39  INFO      Poll OK — 2026-06-25T08:54:39.430031+00:00
2026-06-25T01:54:50  INFO      Poll OK — 2026-06-25T08:54:49.895003+00:00
2026-06-25T01:55:00  INFO      Poll OK — 2026-06-25T08:55:00.356448+00:00
2026-06-25T01:55:11  INFO      Poll OK — 2026-06-25T08:55:10.819464+00:00
2026-06-25T01:55:21  INFO      Poll OK — 2026-06-25T08:55:21.281611+00:00
2026-06-25T01:55:32  INFO      Poll OK — 2026-06-25T08:55:31.744594+00:00
2026-06-25T01:55:42  INFO      Poll OK — 2026-06-25T08:55:42.207676+00:00
2026-06-25T01:55:53  INFO      Poll OK — 2026-06-25T08:55:52.669576+00:00
2026-06-25T01:56:03  INFO      Poll OK — 2026-06-25T08:56:03.143081+00:00
2026-06-25T01:56:14  INFO      Poll OK — 2026-06-25T08:56:13.604122+00:00
2026-06-25T01:56:24  INFO      Poll OK — 2026-06-25T08:56:24.068876+00:00
2026-06-25T01:56:34  INFO      Poll OK — 2026-06-25T08:56:34.534359+00:00
2026-06-25T01:56:45  INFO      Poll OK — 2026-06-25T08:56:44.997138+00:00
2026-06-25T01:56:55  INFO      Poll OK — 2026-06-25T08:56:55.461839+00:00
2026-06-25T01:57:06  INFO      Poll OK — 2026-06-25T08:57:05.922638+00:00
2026-06-25T01:57:16  INFO      Poll OK — 2026-06-25T08:57:16.385886+00:00
2026-06-25T01:57:27  INFO      Poll OK — 2026-06-25T08:57:26.847847+00:00
2026-06-25T01:57:37  INFO      Poll OK — 2026-06-25T08:57:37.311362+00:00
2026-06-25T01:57:48  INFO      Poll OK — 2026-06-25T08:57:47.773173+00:00
2026-06-25T01:57:58  INFO      Poll OK — 2026-06-25T08:57:58.233720+00:00
2026-06-25T01:58:09  INFO      Poll OK — 2026-06-25T08:58:08.700527+00:00
2026-06-25T01:58:19  INFO      Poll OK — 2026-06-25T08:58:19.163480+00:00
2026-06-25T01:58:30  INFO      Poll OK — 2026-06-25T08:58:29.628930+00:00
2026-06-25T01:58:40  INFO      Poll OK — 2026-06-25T08:58:40.091593+00:00
2026-06-25T01:58:51  INFO      Poll OK — 2026-06-25T08:58:50.564007+00:00
2026-06-25T01:59:01  INFO      Poll OK — 2026-06-25T08:59:01.026684+00:00
2026-06-25T01:59:11  INFO      Poll OK — 2026-06-25T08:59:11.488378+00:00
2026-06-25T01:59:22  INFO      Poll OK — 2026-06-25T08:59:21.952395+00:00
2026-06-25T01:59:32  INFO      Poll OK — 2026-06-25T08:59:32.413711+00:00
2026-06-25T01:59:43  INFO      Poll OK — 2026-06-25T08:59:42.877391+00:00
2026-06-25T01:59:53  INFO      Poll OK — 2026-06-25T08:59:53.339836+00:00
2026-06-25T02:00:04  INFO      Poll OK — 2026-06-25T09:00:03.803124+00:00
2026-06-25T02:00:14  INFO      Poll OK — 2026-06-25T09:00:14.269301+00:00
2026-06-25T02:00:25  INFO      Poll OK — 2026-06-25T09:00:24.732525+00:00
2026-06-25T02:00:35  INFO      Poll OK — 2026-06-25T09:00:35.195166+00:00
2026-06-25T02:00:46  INFO      Poll OK — 2026-06-25T09:00:45.658628+00:00
2026-06-25T02:00:56  INFO      Poll OK — 2026-06-25T09:00:56.120021+00:00
2026-06-25T02:01:07  INFO      Poll OK — 2026-06-25T09:01:06.583423+00:00
2026-06-25T02:01:17  INFO      Poll OK — 2026-06-25T09:01:17.043845+00:00
2026-06-25T02:01:27  INFO      Poll OK — 2026-06-25T09:01:27.508158+00:00
2026-06-25T02:01:38  INFO      Poll OK — 2026-06-25T09:01:37.971695+00:00
2026-06-25T02:01:48  INFO      Poll OK — 2026-06-25T09:01:48.433564+00:00
2026-06-25T02:01:59  INFO      Poll OK — 2026-06-25T09:01:58.898969+00:00
2026-06-25T02:02:09  INFO      Poll OK — 2026-06-25T09:02:09.362252+00:00
2026-06-25T02:02:20  INFO      Poll OK — 2026-06-25T09:02:19.828478+00:00
2026-06-25T02:02:30  INFO      Poll OK — 2026-06-25T09:02:30.288502+00:00
2026-06-25T02:02:41  INFO      Poll OK — 2026-06-25T09:02:40.753868+00:00
2026-06-25T02:02:51  INFO      Poll OK — 2026-06-25T09:02:51.224964+00:00
2026-06-25T02:03:02  INFO      Poll OK — 2026-06-25T09:03:01.686907+00:00
2026-06-25T02:03:12  INFO      Poll OK — 2026-06-25T09:03:12.150318+00:00
2026-06-25T02:03:23  INFO      Poll OK — 2026-06-25T09:03:22.611890+00:00
2026-06-25T02:03:33  INFO      Poll OK — 2026-06-25T09:03:33.075660+00:00
2026-06-25T02:03:44  INFO      Poll OK — 2026-06-25T09:03:43.537955+00:00
2026-06-25T02:03:54  INFO      Poll OK — 2026-06-25T09:03:54.002548+00:00
2026-06-25T02:04:04  INFO      Poll OK — 2026-06-25T09:04:04.468038+00:00
2026-06-25T02:04:15  INFO      Poll OK — 2026-06-25T09:04:14.930459+00:00
2026-06-25T02:04:25  INFO      Poll OK — 2026-06-25T09:04:25.394611+00:00
2026-06-25T02:04:36  INFO      Poll OK — 2026-06-25T09:04:35.855784+00:00
2026-06-25T02:04:46  INFO      Poll OK — 2026-06-25T09:04:46.320038+00:00
2026-06-25T02:04:57  INFO      Poll OK — 2026-06-25T09:04:56.782207+00:00
2026-06-25T02:05:07  INFO      Poll OK — 2026-06-25T09:05:07.244547+00:00
2026-06-25T02:05:18  INFO      Poll OK — 2026-06-25T09:05:17.706791+00:00
2026-06-25T02:05:28  INFO      Poll OK — 2026-06-25T09:05:28.166839+00:00
2026-06-25T02:05:39  INFO      Poll OK — 2026-06-25T09:05:38.633891+00:00
2026-06-25T02:05:49  INFO      Poll OK — 2026-06-25T09:05:49.108019+00:00
2026-06-25T02:06:00  INFO      Poll OK — 2026-06-25T09:05:59.573155+00:00
2026-06-25T02:06:10  INFO      Poll OK — 2026-06-25T09:06:10.045373+00:00
2026-06-25T02:06:20  INFO      Poll OK — 2026-06-25T09:06:20.507511+00:00
2026-06-25T02:06:31  INFO      Poll OK — 2026-06-25T09:06:30.971784+00:00
2026-06-25T02:06:41  INFO      Poll OK — 2026-06-25T09:06:41.442853+00:00
2026-06-25T02:06:52  INFO      Poll OK — 2026-06-25T09:06:51.907309+00:00
2026-06-25T02:07:02  INFO      Poll OK — 2026-06-25T09:07:02.369568+00:00
2026-06-25T02:07:13  INFO      Poll OK — 2026-06-25T09:07:12.841241+00:00
2026-06-25T02:07:23  INFO      Poll OK — 2026-06-25T09:07:23.303760+00:00
2026-06-25T02:07:34  INFO      Poll OK — 2026-06-25T09:07:33.767055+00:00
2026-06-25T02:07:44  INFO      Poll OK — 2026-06-25T09:07:44.234451+00:00
2026-06-25T02:07:55  INFO      Poll OK — 2026-06-25T09:07:54.697581+00:00
2026-06-25T02:08:05  INFO      Poll OK — 2026-06-25T09:08:05.161812+00:00
2026-06-25T02:08:16  INFO      Poll OK — 2026-06-25T09:08:15.622829+00:00
2026-06-25T02:08:26  INFO      Poll OK — 2026-06-25T09:08:26.084692+00:00
2026-06-25T02:08:37  INFO      Poll OK — 2026-06-25T09:08:36.548560+00:00
2026-06-25T02:08:47  INFO      Poll OK — 2026-06-25T09:08:47.010384+00:00
2026-06-25T02:08:57  INFO      Poll OK — 2026-06-25T09:08:57.474652+00:00
2026-06-25T02:09:08  INFO      Poll OK — 2026-06-25T09:09:07.935846+00:00
2026-06-25T02:09:18  INFO      Poll OK — 2026-06-25T09:09:18.398950+00:00
2026-06-25T02:09:29  INFO      Poll OK — 2026-06-25T09:09:28.863577+00:00
2026-06-25T02:09:39  INFO      Poll OK — 2026-06-25T09:09:39.326441+00:00
2026-06-25T02:09:50  INFO      Poll OK — 2026-06-25T09:09:49.793973+00:00
2026-06-25T02:10:00  INFO      Poll OK — 2026-06-25T09:10:00.254991+00:00
2026-06-25T02:10:11  INFO      Poll OK — 2026-06-25T09:10:10.727903+00:00
2026-06-25T02:10:21  INFO      Poll OK — 2026-06-25T09:10:21.190201+00:00
2026-06-25T02:10:32  INFO      Poll OK — 2026-06-25T09:10:31.652550+00:00
2026-06-25T02:10:42  INFO      Poll OK — 2026-06-25T09:10:42.114863+00:00
2026-06-25T02:10:53  INFO      Poll OK — 2026-06-25T09:10:52.576917+00:00
2026-06-25T02:11:03  INFO      Poll OK — 2026-06-25T09:11:03.041100+00:00
2026-06-25T02:11:13  INFO      Poll OK — 2026-06-25T09:11:13.503167+00:00
2026-06-25T02:11:24  INFO      Poll OK — 2026-06-25T09:11:23.968328+00:00
2026-06-25T02:11:34  INFO      Poll OK — 2026-06-25T09:11:34.432580+00:00
2026-06-25T02:11:45  INFO      Poll OK — 2026-06-25T09:11:44.906157+00:00
2026-06-25T02:11:55  INFO      Poll OK — 2026-06-25T09:11:55.380114+00:00
2026-06-25T02:12:06  INFO      Poll OK — 2026-06-25T09:12:05.841272+00:00
2026-06-25T02:12:16  INFO      Poll OK — 2026-06-25T09:12:16.305749+00:00
2026-06-25T02:12:27  INFO      Poll OK — 2026-06-25T09:12:26.767827+00:00
2026-06-25T02:12:37  INFO      Poll OK — 2026-06-25T09:12:37.230144+00:00
2026-06-25T02:12:48  INFO      Poll OK — 2026-06-25T09:12:47.692183+00:00
2026-06-25T02:12:58  INFO      Poll OK — 2026-06-25T09:12:58.153779+00:00
2026-06-25T02:13:09  INFO      Poll OK — 2026-06-25T09:13:08.620813+00:00
2026-06-25T02:13:19  INFO      Poll OK — 2026-06-25T09:13:19.083865+00:00
2026-06-25T02:13:30  INFO      Poll OK — 2026-06-25T09:13:29.548166+00:00
2026-06-25T02:13:40  INFO      Poll OK — 2026-06-25T09:13:40.011065+00:00
2026-06-25T02:13:50  INFO      Poll OK — 2026-06-25T09:13:50.473968+00:00
2026-06-25T02:14:01  INFO      Poll OK — 2026-06-25T09:14:00.937608+00:00
2026-06-25T02:14:11  INFO      Poll OK — 2026-06-25T09:14:11.399104+00:00
2026-06-25T02:14:22  INFO      Poll OK — 2026-06-25T09:14:21.862548+00:00
2026-06-25T02:14:32  INFO      Poll OK — 2026-06-25T09:14:32.324112+00:00
2026-06-25T02:14:43  INFO      Poll OK — 2026-06-25T09:14:42.786703+00:00
2026-06-25T02:14:53  INFO      Poll OK — 2026-06-25T09:14:53.250176+00:00
2026-06-25T02:15:04  INFO      Poll OK — 2026-06-25T09:15:03.713585+00:00
2026-06-25T02:15:14  INFO      Poll OK — 2026-06-25T09:15:14.180316+00:00
2026-06-25T02:15:25  INFO      Poll OK — 2026-06-25T09:15:24.643634+00:00
2026-06-25T02:15:35  INFO      Poll OK — 2026-06-25T09:15:35.107090+00:00
2026-06-25T02:15:46  INFO      Poll OK — 2026-06-25T09:15:45.568602+00:00
2026-06-25T02:15:56  INFO      Poll OK — 2026-06-25T09:15:56.030420+00:00
2026-06-25T02:16:06  INFO      Poll OK — 2026-06-25T09:16:06.494480+00:00
2026-06-25T02:16:17  INFO      Poll OK — 2026-06-25T09:16:16.955688+00:00
2026-06-25T02:16:27  INFO      Poll OK — 2026-06-25T09:16:27.419747+00:00
2026-06-25T02:16:38  INFO      Poll OK — 2026-06-25T09:16:37.882237+00:00
2026-06-25T02:16:48  INFO      Poll OK — 2026-06-25T09:16:48.344082+00:00
2026-06-25T02:16:59  INFO      Poll OK — 2026-06-25T09:16:58.809311+00:00
2026-06-25T02:17:09  INFO      Poll OK — 2026-06-25T09:17:09.272685+00:00
2026-06-25T02:17:20  INFO      Poll OK — 2026-06-25T09:17:19.738966+00:00
2026-06-25T02:17:30  INFO      Poll OK — 2026-06-25T09:17:30.200698+00:00
2026-06-25T02:17:41  INFO      Poll OK — 2026-06-25T09:17:40.663563+00:00
2026-06-25T02:17:51  INFO      Poll OK — 2026-06-25T09:17:51.126573+00:00
2026-06-25T02:18:02  INFO      Poll OK — 2026-06-25T09:18:01.599376+00:00
2026-06-25T02:18:12  INFO      Poll OK — 2026-06-25T09:18:12.071931+00:00
2026-06-25T02:18:22  INFO      Poll OK — 2026-06-25T09:18:22.533494+00:00
2026-06-25T02:18:33  INFO      Poll OK — 2026-06-25T09:18:32.997598+00:00
2026-06-25T02:18:43  INFO      Poll OK — 2026-06-25T09:18:43.458712+00:00
2026-06-25T02:18:54  INFO      Poll OK — 2026-06-25T09:18:53.924001+00:00
2026-06-25T02:19:04  INFO      Poll OK — 2026-06-25T09:19:04.389004+00:00
2026-06-25T02:19:15  INFO      Poll OK — 2026-06-25T09:19:14.852784+00:00
2026-06-25T02:19:25  INFO      Poll OK — 2026-06-25T09:19:25.317097+00:00
2026-06-25T02:19:36  INFO      Poll OK — 2026-06-25T09:19:35.777449+00:00
2026-06-25T02:19:46  INFO      Poll OK — 2026-06-25T09:19:46.240964+00:00
2026-06-25T02:19:57  INFO      Poll OK — 2026-06-25T09:19:56.704467+00:00
2026-06-25T02:20:07  INFO      Poll OK — 2026-06-25T09:20:07.176399+00:00
2026-06-25T02:20:18  INFO      Poll OK — 2026-06-25T09:20:17.638584+00:00
2026-06-25T02:20:28  INFO      Poll OK — 2026-06-25T09:20:28.099167+00:00
2026-06-25T02:20:39  INFO      Poll OK — 2026-06-25T09:20:38.565426+00:00
2026-06-25T02:20:49  INFO      Poll OK — 2026-06-25T09:20:49.028111+00:00
2026-06-25T02:20:59  INFO      Poll OK — 2026-06-25T09:20:59.495106+00:00
2026-06-25T02:21:10  INFO      Poll OK — 2026-06-25T09:21:09.957970+00:00
2026-06-25T02:21:20  INFO      Poll OK — 2026-06-25T09:21:20.420033+00:00
2026-06-25T02:21:31  INFO      Poll OK — 2026-06-25T09:21:30.883268+00:00
2026-06-25T02:21:41  INFO      Poll OK — 2026-06-25T09:21:41.344523+00:00
2026-06-25T02:21:52  INFO      Poll OK — 2026-06-25T09:21:51.809328+00:00
2026-06-25T02:22:02  INFO      Poll OK — 2026-06-25T09:22:02.270862+00:00
2026-06-25T02:22:13  INFO      Poll OK — 2026-06-25T09:22:12.733821+00:00
2026-06-25T02:22:23  INFO      Poll OK — 2026-06-25T09:22:23.196310+00:00
2026-06-25T02:22:34  INFO      Poll OK — 2026-06-25T09:22:33.659615+00:00
2026-06-25T02:22:44  INFO      Poll OK — 2026-06-25T09:22:44.126347+00:00
2026-06-25T02:22:55  INFO      Poll OK — 2026-06-25T09:22:54.598789+00:00
2026-06-25T02:23:05  INFO      Poll OK — 2026-06-25T09:23:05.063653+00:00
2026-06-25T02:23:15  INFO      Poll OK — 2026-06-25T09:23:15.525545+00:00
2026-06-25T02:23:26  INFO      Poll OK — 2026-06-25T09:23:25.986881+00:00
2026-06-25T02:23:36  INFO      Poll OK — 2026-06-25T09:23:36.451421+00:00
2026-06-25T02:23:47  INFO      Poll OK — 2026-06-25T09:23:46.912364+00:00
2026-06-25T02:23:57  INFO      Poll OK — 2026-06-25T09:23:57.376354+00:00
2026-06-25T02:24:08  INFO      Poll OK — 2026-06-25T09:24:07.839025+00:00
2026-06-25T02:24:18  INFO      Poll OK — 2026-06-25T09:24:18.300901+00:00
2026-06-25T02:24:29  INFO      Poll OK — 2026-06-25T09:24:28.765192+00:00
2026-06-25T02:24:39  INFO      Poll OK — 2026-06-25T09:24:39.229310+00:00
2026-06-25T02:24:50  INFO      Poll OK — 2026-06-25T09:24:49.695731+00:00
2026-06-25T02:25:00  INFO      Poll OK — 2026-06-25T09:25:00.155567+00:00
2026-06-25T02:25:11  INFO      Poll OK — 2026-06-25T09:25:10.630521+00:00
2026-06-25T02:25:21  INFO      Poll OK — 2026-06-25T09:25:21.092279+00:00
2026-06-25T02:25:32  INFO      Poll OK — 2026-06-25T09:25:31.554719+00:00
2026-06-25T02:25:42  INFO      Poll OK — 2026-06-25T09:25:42.017516+00:00
2026-06-25T02:25:52  INFO      Poll OK — 2026-06-25T09:25:52.478933+00:00
2026-06-25T02:26:03  INFO      Poll OK — 2026-06-25T09:26:02.944395+00:00
2026-06-25T02:26:13  INFO      Poll OK — 2026-06-25T09:26:13.405310+00:00
2026-06-25T02:26:24  INFO      Poll OK — 2026-06-25T09:26:23.871767+00:00
2026-06-25T02:26:34  INFO      Poll OK — 2026-06-25T09:26:34.335940+00:00
2026-06-25T02:26:45  INFO      Poll OK — 2026-06-25T09:26:44.798902+00:00
2026-06-25T02:26:55  INFO      Poll OK — 2026-06-25T09:26:55.262060+00:00
2026-06-25T02:27:06  INFO      Poll OK — 2026-06-25T09:27:05.723663+00:00
2026-06-25T02:27:16  INFO      Poll OK — 2026-06-25T09:27:16.187863+00:00
2026-06-25T02:27:27  INFO      Poll OK — 2026-06-25T09:27:26.650499+00:00
2026-06-25T02:27:37  INFO      Poll OK — 2026-06-25T09:27:37.112577+00:00
2026-06-25T02:27:48  INFO      Poll OK — 2026-06-25T09:27:47.574905+00:00
2026-06-25T02:27:58  INFO      Poll OK — 2026-06-25T09:27:58.036644+00:00
2026-06-25T02:28:08  INFO      Poll OK — 2026-06-25T09:28:08.502861+00:00
2026-06-25T02:28:19  INFO      Poll OK — 2026-06-25T09:28:18.966578+00:00
2026-06-25T02:28:29  INFO      Poll OK — 2026-06-25T09:28:29.432953+00:00
2026-06-25T02:28:40  INFO      Poll OK — 2026-06-25T09:28:39.895294+00:00
2026-06-25T02:28:50  INFO      Poll OK — 2026-06-25T09:28:50.357453+00:00
2026-06-25T02:29:01  INFO      Poll OK — 2026-06-25T09:29:00.821167+00:00
2026-06-25T02:29:11  INFO      Poll OK — 2026-06-25T09:29:11.283534+00:00
2026-06-25T02:29:22  INFO      Poll OK — 2026-06-25T09:29:21.747772+00:00
2026-06-25T02:29:32  INFO      Poll OK — 2026-06-25T09:29:32.210449+00:00
2026-06-25T02:29:43  INFO      Poll OK — 2026-06-25T09:29:42.672663+00:00
2026-06-25T02:29:53  INFO      Poll OK — 2026-06-25T09:29:53.134904+00:00
2026-06-25T02:30:04  INFO      Poll OK — 2026-06-25T09:30:03.598587+00:00
2026-06-25T02:30:14  INFO      Poll OK — 2026-06-25T09:30:14.065651+00:00
2026-06-25T02:30:25  INFO      Poll OK — 2026-06-25T09:30:24.528407+00:00
2026-06-25T02:30:35  INFO      Poll OK — 2026-06-25T09:30:35.002621+00:00
2026-06-25T02:30:45  INFO      Poll OK — 2026-06-25T09:30:45.465639+00:00
2026-06-25T02:30:56  INFO      Poll OK — 2026-06-25T09:30:55.927295+00:00
2026-06-25T02:31:06  INFO      Poll OK — 2026-06-25T09:31:06.390669+00:00
2026-06-25T02:31:17  INFO      Poll OK — 2026-06-25T09:31:16.853740+00:00
2026-06-25T02:31:27  INFO      Poll OK — 2026-06-25T09:31:27.317852+00:00
2026-06-25T02:31:38  INFO      Poll OK — 2026-06-25T09:31:37.779192+00:00
2026-06-25T02:31:48  INFO      Poll OK — 2026-06-25T09:31:48.262169+00:00
2026-06-25T02:31:59  INFO      Poll OK — 2026-06-25T09:31:58.747080+00:00
2026-06-25T02:32:09  INFO      Poll OK — 2026-06-25T09:32:09.211099+00:00
2026-06-25T02:32:20  INFO      Poll OK — 2026-06-25T09:32:19.677121+00:00
2026-06-25T02:32:30  INFO      Poll OK — 2026-06-25T09:32:30.138665+00:00
2026-06-25T02:32:41  INFO      Poll OK — 2026-06-25T09:32:40.602191+00:00
2026-06-25T02:32:51  INFO      Poll OK — 2026-06-25T09:32:51.064184+00:00
2026-06-25T02:33:01  INFO      Poll OK — 2026-06-25T09:33:01.526871+00:00
2026-06-25T02:33:12  INFO      Poll OK — 2026-06-25T09:33:11.989980+00:00
2026-06-25T02:33:22  INFO      Poll OK — 2026-06-25T09:33:22.451366+00:00
2026-06-25T02:33:33  INFO      Poll OK — 2026-06-25T09:33:32.915722+00:00
2026-06-25T02:33:43  INFO      Poll OK — 2026-06-25T09:33:43.378212+00:00
2026-06-25T02:33:54  INFO      Poll OK — 2026-06-25T09:33:53.843752+00:00
2026-06-25T02:34:04  INFO      Poll OK — 2026-06-25T09:34:04.307864+00:00
2026-06-25T02:34:15  INFO      Poll OK — 2026-06-25T09:34:14.772199+00:00
2026-06-25T02:34:25  INFO      Poll OK — 2026-06-25T09:34:25.234651+00:00
2026-06-25T02:34:36  INFO      Poll OK — 2026-06-25T09:34:35.695636+00:00
2026-06-25T02:34:46  INFO      Poll OK — 2026-06-25T09:34:46.160620+00:00
2026-06-25T02:34:57  INFO      Poll OK — 2026-06-25T09:34:56.622407+00:00
2026-06-25T02:35:07  INFO      Poll OK — 2026-06-25T09:35:07.085744+00:00
2026-06-25T02:35:18  INFO      Poll OK — 2026-06-25T09:35:17.548909+00:00
2026-06-25T02:35:28  INFO      Poll OK — 2026-06-25T09:35:28.010394+00:00
2026-06-25T02:35:38  INFO      Poll OK — 2026-06-25T09:35:38.474746+00:00
2026-06-25T02:35:49  INFO      Poll OK — 2026-06-25T09:35:48.938888+00:00
2026-06-25T02:35:59  INFO      Poll OK — 2026-06-25T09:35:59.404556+00:00
2026-06-25T02:36:10  INFO      Poll OK — 2026-06-25T09:36:09.867882+00:00
2026-06-25T02:36:20  INFO      Poll OK — 2026-06-25T09:36:20.330786+00:00
2026-06-25T02:36:31  INFO      Poll OK — 2026-06-25T09:36:30.794167+00:00
2026-06-25T02:36:41  INFO      Poll OK — 2026-06-25T09:36:41.255712+00:00
2026-06-25T02:36:52  INFO      Poll OK — 2026-06-25T09:36:51.718784+00:00
2026-06-25T02:37:02  INFO      Poll OK — 2026-06-25T09:37:02.181270+00:00
2026-06-25T02:37:13  INFO      Poll OK — 2026-06-25T09:37:12.644788+00:00
2026-06-25T02:37:23  INFO      Poll OK — 2026-06-25T09:37:23.106998+00:00
2026-06-25T02:37:34  INFO      Poll OK — 2026-06-25T09:37:33.570187+00:00
2026-06-25T02:37:44  INFO      Poll OK — 2026-06-25T09:37:44.036405+00:00
2026-06-25T02:37:54  INFO      Poll OK — 2026-06-25T09:37:54.501782+00:00
2026-06-25T02:38:05  INFO      Poll OK — 2026-06-25T09:38:04.964279+00:00
2026-06-25T02:38:15  INFO      Poll OK — 2026-06-25T09:38:15.426647+00:00
2026-06-25T02:38:26  INFO      Poll OK — 2026-06-25T09:38:25.889002+00:00
2026-06-25T02:38:36  INFO      Poll OK — 2026-06-25T09:38:36.351968+00:00
2026-06-25T02:38:47  INFO      Poll OK — 2026-06-25T09:38:46.813510+00:00
2026-06-25T02:38:57  INFO      Poll OK — 2026-06-25T09:38:57.277870+00:00
2026-06-25T02:39:08  INFO      Poll OK — 2026-06-25T09:39:07.748924+00:00
2026-06-25T02:39:18  INFO      Poll OK — 2026-06-25T09:39:18.213041+00:00
2026-06-25T02:39:29  INFO      Poll OK — 2026-06-25T09:39:28.686197+00:00
2026-06-25T02:39:39  INFO      Poll OK — 2026-06-25T09:39:39.150898+00:00
2026-06-25T02:39:50  INFO      Poll OK — 2026-06-25T09:39:49.627332+00:00
2026-06-25T02:40:00  INFO      Poll OK — 2026-06-25T09:40:00.088454+00:00
2026-06-25T02:40:11  INFO      Poll OK — 2026-06-25T09:40:10.554155+00:00
2026-06-25T02:40:21  INFO      Poll OK — 2026-06-25T09:40:21.015134+00:00
2026-06-25T02:40:31  INFO      Poll OK — 2026-06-25T09:40:31.477257+00:00
2026-06-25T02:40:42  INFO      Poll OK — 2026-06-25T09:40:41.940732+00:00
2026-06-25T02:40:52  INFO      Poll OK — 2026-06-25T09:40:52.411822+00:00
2026-06-25T02:41:03  INFO      Poll OK — 2026-06-25T09:41:02.876266+00:00
2026-06-25T02:41:13  INFO      Poll OK — 2026-06-25T09:41:13.337368+00:00
2026-06-25T02:41:24  INFO      Poll OK — 2026-06-25T09:41:23.803894+00:00
2026-06-25T02:41:34  INFO      Poll OK — 2026-06-25T09:41:34.268139+00:00
2026-06-25T02:41:45  INFO      Poll OK — 2026-06-25T09:41:44.731131+00:00
2026-06-25T02:41:55  INFO      Poll OK — 2026-06-25T09:41:55.195045+00:00
2026-06-25T02:42:06  INFO      Poll OK — 2026-06-25T09:42:05.657158+00:00
2026-06-25T02:42:16  INFO      Poll OK — 2026-06-25T09:42:16.120410+00:00
2026-06-25T02:42:27  INFO      Poll OK — 2026-06-25T09:42:26.583578+00:00
2026-06-25T02:42:37  INFO      Poll OK — 2026-06-25T09:42:37.045735+00:00
2026-06-25T02:42:47  INFO      Poll OK — 2026-06-25T09:42:47.507649+00:00
2026-06-25T02:42:58  INFO      Poll OK — 2026-06-25T09:42:57.978677+00:00
2026-06-25T02:43:08  INFO      Poll OK — 2026-06-25T09:43:08.444726+00:00
2026-06-25T02:43:19  INFO      Poll OK — 2026-06-25T09:43:18.908044+00:00
2026-06-25T02:43:29  INFO      Poll OK — 2026-06-25T09:43:29.374199+00:00
2026-06-25T02:43:40  INFO      Poll OK — 2026-06-25T09:43:39.837598+00:00
2026-06-25T02:43:50  INFO      Poll OK — 2026-06-25T09:43:50.299647+00:00
2026-06-25T02:44:01  INFO      Poll OK — 2026-06-25T09:44:00.763051+00:00
2026-06-25T02:44:11  INFO      Poll OK — 2026-06-25T09:44:11.224426+00:00
2026-06-25T02:44:22  INFO      Poll OK — 2026-06-25T09:44:21.689744+00:00
2026-06-25T02:44:32  INFO      Poll OK — 2026-06-25T09:44:32.160920+00:00
2026-06-25T02:44:43  INFO      Poll OK — 2026-06-25T09:44:42.624222+00:00
2026-06-25T02:44:53  INFO      Poll OK — 2026-06-25T09:44:53.086378+00:00
2026-06-25T02:45:04  INFO      Poll OK — 2026-06-25T09:45:03.559729+00:00
2026-06-25T02:45:14  INFO      Poll OK — 2026-06-25T09:45:14.035687+00:00
2026-06-25T02:45:24  INFO      Poll OK — 2026-06-25T09:45:24.500049+00:00
2026-06-25T02:45:35  INFO      Poll OK — 2026-06-25T09:45:34.973698+00:00
2026-06-25T02:45:45  INFO      Poll OK — 2026-06-25T09:45:45.435932+00:00
2026-06-25T02:45:56  INFO      Poll OK — 2026-06-25T09:45:55.898265+00:00
2026-06-25T02:46:06  INFO      Poll OK — 2026-06-25T09:46:06.361295+00:00
2026-06-25T02:46:17  INFO      Poll OK — 2026-06-25T09:46:16.822728+00:00
2026-06-25T02:46:27  INFO      Poll OK — 2026-06-25T09:46:27.287661+00:00
2026-06-25T02:46:38  INFO      Poll OK — 2026-06-25T09:46:37.749283+00:00
2026-06-25T02:46:48  INFO      Poll OK — 2026-06-25T09:46:48.212352+00:00
2026-06-25T02:46:59  INFO      Poll OK — 2026-06-25T09:46:58.685598+00:00
2026-06-25T02:47:09  INFO      Poll OK — 2026-06-25T09:47:09.150702+00:00
2026-06-25T02:47:20  INFO      Poll OK — 2026-06-25T09:47:19.616285+00:00
2026-06-25T02:47:30  INFO      Poll OK — 2026-06-25T09:47:30.078677+00:00
2026-06-25T02:47:41  INFO      Poll OK — 2026-06-25T09:47:40.541842+00:00
2026-06-25T02:47:51  INFO      Poll OK — 2026-06-25T09:47:51.006082+00:00
2026-06-25T02:48:01  INFO      Poll OK — 2026-06-25T09:48:01.466134+00:00
2026-06-25T02:48:12  INFO      Poll OK — 2026-06-25T09:48:11.928511+00:00
2026-06-25T02:48:22  INFO      Poll OK — 2026-06-25T09:48:22.390058+00:00
2026-06-25T02:48:33  INFO      Poll OK — 2026-06-25T09:48:32.855126+00:00
2026-06-25T02:48:43  INFO      Poll OK — 2026-06-25T09:48:43.317653+00:00
2026-06-25T02:48:54  INFO      Poll OK — 2026-06-25T09:48:53.782728+00:00
2026-06-25T02:49:04  INFO      Poll OK — 2026-06-25T09:49:04.246905+00:00
2026-06-25T02:49:15  INFO      Poll OK — 2026-06-25T09:49:14.710421+00:00
2026-06-25T02:49:25  INFO      Poll OK — 2026-06-25T09:49:25.174403+00:00
2026-06-25T02:49:36  INFO      Poll OK — 2026-06-25T09:49:35.635718+00:00
2026-06-25T02:49:46  INFO      Poll OK — 2026-06-25T09:49:46.099977+00:00
2026-06-25T02:49:57  INFO      Poll OK — 2026-06-25T09:49:56.570553+00:00
2026-06-25T02:50:07  INFO      Poll OK — 2026-06-25T09:50:07.043142+00:00
2026-06-25T02:50:17  INFO      Poll OK — 2026-06-25T09:50:17.507102+00:00
2026-06-25T02:50:28  INFO      Poll OK — 2026-06-25T09:50:27.968416+00:00
2026-06-25T02:50:38  INFO      Poll OK — 2026-06-25T09:50:38.433578+00:00
2026-06-25T02:50:49  INFO      Poll OK — 2026-06-25T09:50:48.897736+00:00
2026-06-25T02:50:59  INFO      Poll OK — 2026-06-25T09:50:59.362926+00:00
2026-06-25T02:51:10  INFO      Poll OK — 2026-06-25T09:51:09.826380+00:00
2026-06-25T02:51:20  INFO      Poll OK — 2026-06-25T09:51:20.288476+00:00
2026-06-25T02:51:31  INFO      Poll OK — 2026-06-25T09:51:30.752798+00:00
2026-06-25T02:51:41  INFO      Poll OK — 2026-06-25T09:51:41.214465+00:00
2026-06-25T02:51:52  INFO      Poll OK — 2026-06-25T09:51:51.677301+00:00
2026-06-25T02:52:02  INFO      Poll OK — 2026-06-25T09:52:02.139282+00:00
2026-06-25T02:52:13  INFO      Poll OK — 2026-06-25T09:52:12.611800+00:00
2026-06-25T02:52:23  INFO      Poll OK — 2026-06-25T09:52:23.073768+00:00
2026-06-25T02:52:34  INFO      Poll OK — 2026-06-25T09:52:33.538201+00:00
2026-06-25T02:52:44  INFO      Poll OK — 2026-06-25T09:52:44.006328+00:00
2026-06-25T02:52:54  INFO      Poll OK — 2026-06-25T09:52:54.478148+00:00
2026-06-25T02:53:05  INFO      Poll OK — 2026-06-25T09:53:04.942150+00:00
2026-06-25T02:53:15  INFO      Poll OK — 2026-06-25T09:53:15.404360+00:00
2026-06-25T02:53:26  INFO      Poll OK — 2026-06-25T09:53:25.865800+00:00
2026-06-25T02:53:36  INFO      Poll OK — 2026-06-25T09:53:36.330055+00:00
2026-06-25T02:53:47  INFO      Poll OK — 2026-06-25T09:53:46.792260+00:00
2026-06-25T02:53:57  INFO      Poll OK — 2026-06-25T09:53:57.255195+00:00
2026-06-25T02:54:08  INFO      Poll OK — 2026-06-25T09:54:07.716718+00:00
2026-06-25T02:54:18  INFO      Poll OK — 2026-06-25T09:54:18.179916+00:00
2026-06-25T02:54:29  INFO      Poll OK — 2026-06-25T09:54:28.644125+00:00
2026-06-25T02:54:39  INFO      Poll OK — 2026-06-25T09:54:39.108398+00:00
2026-06-25T02:54:50  INFO      Poll OK — 2026-06-25T09:54:49.574880+00:00
2026-06-25T02:55:00  INFO      Poll OK — 2026-06-25T09:55:00.036504+00:00
2026-06-25T02:55:10  INFO      Poll OK — 2026-06-25T09:55:10.500370+00:00
2026-06-25T02:55:21  INFO      Poll OK — 2026-06-25T09:55:20.961713+00:00
2026-06-25T02:55:31  INFO      Poll OK — 2026-06-25T09:55:31.424897+00:00
2026-06-25T02:55:42  INFO      Poll OK — 2026-06-25T09:55:41.886884+00:00
2026-06-25T02:55:52  INFO      Poll OK — 2026-06-25T09:55:52.349247+00:00
2026-06-25T02:56:03  INFO      Poll OK — 2026-06-25T09:56:02.813859+00:00
2026-06-25T02:56:13  INFO      Poll OK — 2026-06-25T09:56:13.274866+00:00
2026-06-25T02:56:24  INFO      Poll OK — 2026-06-25T09:56:23.745059+00:00
2026-06-25T02:56:34  INFO      Poll OK — 2026-06-25T09:56:34.214473+00:00
2026-06-25T02:56:45  INFO      Poll OK — 2026-06-25T09:56:44.678578+00:00
2026-06-25T02:56:55  INFO      Poll OK — 2026-06-25T09:56:55.143137+00:00
2026-06-25T02:57:06  INFO      Poll OK — 2026-06-25T09:57:05.602933+00:00
2026-06-25T02:57:16  INFO      Poll OK — 2026-06-25T09:57:16.067313+00:00
2026-06-25T02:57:26  INFO      Poll OK — 2026-06-25T09:57:26.529869+00:00
2026-06-25T02:57:37  INFO      Poll OK — 2026-06-25T09:57:36.993087+00:00
2026-06-25T02:57:47  INFO      Poll OK — 2026-06-25T09:57:47.454772+00:00
2026-06-25T02:57:58  INFO      Poll OK — 2026-06-25T09:57:57.915895+00:00
2026-06-25T02:58:08  INFO      Poll OK — 2026-06-25T09:58:08.380388+00:00
2026-06-25T02:58:19  INFO      Poll OK — 2026-06-25T09:58:18.845213+00:00
2026-06-25T02:58:29  INFO      Poll OK — 2026-06-25T09:58:29.310692+00:00
2026-06-25T02:58:40  INFO      Poll OK — 2026-06-25T09:58:39.774497+00:00
2026-06-25T02:58:50  INFO      Poll OK — 2026-06-25T09:58:50.236524+00:00
2026-06-25T02:59:01  INFO      Poll OK — 2026-06-25T09:59:00.700318+00:00
2026-06-25T02:59:11  INFO      Poll OK — 2026-06-25T09:59:11.161137+00:00
2026-06-25T02:59:22  INFO      Poll OK — 2026-06-25T09:59:21.625281+00:00
2026-06-25T02:59:32  INFO      Poll OK — 2026-06-25T09:59:32.086819+00:00
2026-06-25T02:59:43  INFO      Poll OK — 2026-06-25T09:59:42.550045+00:00
2026-06-25T02:59:53  INFO      Poll OK — 2026-06-25T09:59:53.012784+00:00
2026-06-25T03:00:03  INFO      Poll OK — 2026-06-25T10:00:03.475417+00:00
2026-06-25T03:00:14  INFO      Poll OK — 2026-06-25T10:00:13.941769+00:00
2026-06-25T03:00:24  INFO      Poll OK — 2026-06-25T10:00:24.405063+00:00
2026-06-25T03:00:35  INFO      Poll OK — 2026-06-25T10:00:34.868707+00:00
2026-06-25T03:00:45  INFO      Poll OK — 2026-06-25T10:00:45.331333+00:00
2026-06-25T03:00:56  INFO      Poll OK — 2026-06-25T10:00:55.793378+00:00
2026-06-25T03:01:06  INFO      Poll OK — 2026-06-25T10:01:06.257977+00:00
2026-06-25T03:01:17  INFO      Poll OK — 2026-06-25T10:01:16.718379+00:00
2026-06-25T03:01:27  INFO      Poll OK — 2026-06-25T10:01:27.182658+00:00
2026-06-25T03:01:38  INFO      Poll OK — 2026-06-25T10:01:37.644670+00:00
2026-06-25T03:01:48  INFO      Poll OK — 2026-06-25T10:01:48.107590+00:00
2026-06-25T03:01:59  INFO      Poll OK — 2026-06-25T10:01:58.590631+00:00
2026-06-25T03:02:09  INFO      Poll OK — 2026-06-25T10:02:09.054652+00:00
2026-06-25T03:02:19  INFO      Poll OK — 2026-06-25T10:02:19.520536+00:00
2026-06-25T03:02:30  INFO      Poll OK — 2026-06-25T10:02:29.981934+00:00
2026-06-25T03:02:40  INFO      Poll OK — 2026-06-25T10:02:40.446997+00:00
2026-06-25T03:02:51  INFO      Poll OK — 2026-06-25T10:02:50.907918+00:00
2026-06-25T03:03:01  INFO      Poll OK — 2026-06-25T10:03:01.370317+00:00
2026-06-25T03:03:12  INFO      Poll OK — 2026-06-25T10:03:11.833124+00:00
2026-06-25T03:03:22  INFO      Poll OK — 2026-06-25T10:03:22.295199+00:00
2026-06-25T03:03:33  INFO      Poll OK — 2026-06-25T10:03:32.758939+00:00
2026-06-25T03:03:43  INFO      Poll OK — 2026-06-25T10:03:43.220336+00:00
2026-06-25T03:03:54  INFO      Poll OK — 2026-06-25T10:03:53.685267+00:00
2026-06-25T03:04:04  INFO      Poll OK — 2026-06-25T10:04:04.148460+00:00
2026-06-25T03:04:15  INFO      Poll OK — 2026-06-25T10:04:14.612641+00:00
2026-06-25T03:04:25  INFO      Poll OK — 2026-06-25T10:04:25.076450+00:00
2026-06-25T03:04:36  INFO      Poll OK — 2026-06-25T10:04:35.537387+00:00
2026-06-25T03:04:46  INFO      Poll OK — 2026-06-25T10:04:46.000946+00:00
2026-06-25T03:04:56  INFO      Poll OK — 2026-06-25T10:04:56.464089+00:00
2026-06-25T03:05:07  INFO      Poll OK — 2026-06-25T10:05:06.935772+00:00
2026-06-25T03:05:17  INFO      Poll OK — 2026-06-25T10:05:17.398486+00:00
2026-06-25T03:05:28  INFO      Poll OK — 2026-06-25T10:05:27.858600+00:00
2026-06-25T03:05:38  INFO      Poll OK — 2026-06-25T10:05:38.324539+00:00
2026-06-25T03:05:49  INFO      Poll OK — 2026-06-25T10:05:48.788580+00:00
2026-06-25T03:05:59  INFO      Poll OK — 2026-06-25T10:05:59.253353+00:00
2026-06-25T03:06:10  INFO      Poll OK — 2026-06-25T10:06:09.716731+00:00
2026-06-25T03:06:20  INFO      Poll OK — 2026-06-25T10:06:20.178681+00:00
2026-06-25T03:06:31  INFO      Poll OK — 2026-06-25T10:06:30.641933+00:00
2026-06-25T03:06:41  INFO      Poll OK — 2026-06-25T10:06:41.112983+00:00
2026-06-25T03:06:52  INFO      Poll OK — 2026-06-25T10:06:51.578325+00:00
2026-06-25T03:07:02  INFO      Poll OK — 2026-06-25T10:07:02.039125+00:00
2026-06-25T03:07:12  INFO      Poll OK — 2026-06-25T10:07:12.502208+00:00
2026-06-25T03:07:23  INFO      Poll OK — 2026-06-25T10:07:22.964704+00:00
2026-06-25T03:07:33  INFO      Poll OK — 2026-06-25T10:07:33.425597+00:00
2026-06-25T03:07:44  INFO      Poll OK — 2026-06-25T10:07:43.893977+00:00
2026-06-25T03:07:54  INFO      Poll OK — 2026-06-25T10:07:54.357151+00:00
2026-06-25T03:08:05  INFO      Poll OK — 2026-06-25T10:08:04.821164+00:00
2026-06-25T03:08:15  INFO      Poll OK — 2026-06-25T10:08:15.283414+00:00
2026-06-25T03:08:26  INFO      Poll OK — 2026-06-25T10:08:25.744620+00:00
2026-06-25T03:08:36  INFO      Poll OK — 2026-06-25T10:08:36.208487+00:00
2026-06-25T03:08:47  INFO      Poll OK — 2026-06-25T10:08:46.669922+00:00
2026-06-25T03:08:57  INFO      Poll OK — 2026-06-25T10:08:57.135520+00:00
2026-06-25T03:09:08  INFO      Poll OK — 2026-06-25T10:09:07.596018+00:00
2026-06-25T03:09:18  INFO      Poll OK — 2026-06-25T10:09:18.058112+00:00
2026-06-25T03:09:28  INFO      Poll OK — 2026-06-25T10:09:28.532005+00:00
2026-06-25T03:09:39  INFO      Poll OK — 2026-06-25T10:09:38.996432+00:00
2026-06-25T03:09:49  INFO      Poll OK — 2026-06-25T10:09:49.462429+00:00
2026-06-25T03:10:00  INFO      Poll OK — 2026-06-25T10:09:59.923404+00:00
2026-06-25T03:10:10  INFO      Poll OK — 2026-06-25T10:10:10.398052+00:00
2026-06-25T03:10:21  INFO      Poll OK — 2026-06-25T10:10:20.860236+00:00
2026-06-25T03:10:31  INFO      Poll OK — 2026-06-25T10:10:31.332142+00:00
2026-06-25T03:10:42  INFO      Poll OK — 2026-06-25T10:10:41.794466+00:00
2026-06-25T03:10:52  INFO      Poll OK — 2026-06-25T10:10:52.256304+00:00
2026-06-25T03:11:03  INFO      Poll OK — 2026-06-25T10:11:02.730647+00:00
2026-06-25T03:11:13  INFO      Poll OK — 2026-06-25T10:11:13.191871+00:00
2026-06-25T03:11:24  INFO      Poll OK — 2026-06-25T10:11:23.657035+00:00
2026-06-25T03:11:34  INFO      Poll OK — 2026-06-25T10:11:34.121213+00:00
2026-06-25T03:11:45  INFO      Poll OK — 2026-06-25T10:11:44.585182+00:00
2026-06-25T03:11:55  INFO      Poll OK — 2026-06-25T10:11:55.049350+00:00
2026-06-25T03:12:05  INFO      Poll OK — 2026-06-25T10:12:05.511101+00:00
2026-06-25T03:12:16  INFO      Poll OK — 2026-06-25T10:12:15.973895+00:00
2026-06-25T03:12:26  INFO      Poll OK — 2026-06-25T10:12:26.435885+00:00
2026-06-25T03:12:37  INFO      Poll OK — 2026-06-25T10:12:36.908367+00:00
2026-06-25T03:12:47  INFO      Poll OK — 2026-06-25T10:12:47.371430+00:00
2026-06-25T03:12:58  INFO      Poll OK — 2026-06-25T10:12:57.833052+00:00
2026-06-25T03:13:08  INFO      Poll OK — 2026-06-25T10:13:08.297068+00:00
2026-06-25T03:13:19  INFO      Poll OK — 2026-06-25T10:13:18.761933+00:00
2026-06-25T03:13:29  INFO      Poll OK — 2026-06-25T10:13:29.227254+00:00
2026-06-25T03:13:40  INFO      Poll OK — 2026-06-25T10:13:39.690468+00:00
2026-06-25T03:13:50  INFO      Poll OK — 2026-06-25T10:13:50.152497+00:00
2026-06-25T03:14:01  INFO      Poll OK — 2026-06-25T10:14:00.616660+00:00
2026-06-25T03:14:11  INFO      Poll OK — 2026-06-25T10:14:11.078130+00:00
2026-06-25T03:14:22  INFO      Poll OK — 2026-06-25T10:14:21.541205+00:00
2026-06-25T03:14:32  INFO      Poll OK — 2026-06-25T10:14:32.003038+00:00
2026-06-25T03:14:42  INFO      Poll OK — 2026-06-25T10:14:42.465638+00:00
2026-06-25T03:14:53  INFO      Poll OK — 2026-06-25T10:14:52.928713+00:00
2026-06-25T03:15:03  INFO      Poll OK — 2026-06-25T10:15:03.391435+00:00
2026-06-25T03:15:14  INFO      Poll OK — 2026-06-25T10:15:13.857137+00:00
2026-06-25T03:15:24  INFO      Poll OK — 2026-06-25T10:15:24.320308+00:00
2026-06-25T03:15:35  INFO      Poll OK — 2026-06-25T10:15:34.785480+00:00
2026-06-25T03:15:45  INFO      Poll OK — 2026-06-25T10:15:45.248957+00:00
2026-06-25T03:15:56  INFO      Poll OK — 2026-06-25T10:15:55.708981+00:00
2026-06-25T03:16:06  INFO      Poll OK — 2026-06-25T10:16:06.172793+00:00
2026-06-25T03:16:17  INFO      Poll OK — 2026-06-25T10:16:16.634444+00:00
2026-06-25T03:16:27  INFO      Poll OK — 2026-06-25T10:16:27.098653+00:00
2026-06-25T03:16:38  INFO      Poll OK — 2026-06-25T10:16:37.559845+00:00
2026-06-25T03:16:48  INFO      Poll OK — 2026-06-25T10:16:48.022876+00:00
2026-06-25T03:16:58  INFO      Poll OK — 2026-06-25T10:16:58.486246+00:00
2026-06-25T03:17:09  INFO      Poll OK — 2026-06-25T10:17:08.951833+00:00
2026-06-25T03:17:19  INFO      Poll OK — 2026-06-25T10:17:19.416466+00:00
2026-06-25T03:17:30  INFO      Poll OK — 2026-06-25T10:17:29.878577+00:00
2026-06-25T03:17:40  INFO      Poll OK — 2026-06-25T10:17:40.341567+00:00
2026-06-25T03:17:51  INFO      Poll OK — 2026-06-25T10:17:50.804098+00:00
2026-06-25T03:18:01  INFO      Poll OK — 2026-06-25T10:18:01.267360+00:00
2026-06-25T03:18:12  INFO      Poll OK — 2026-06-25T10:18:11.729576+00:00
2026-06-25T03:18:22  INFO      Poll OK — 2026-06-25T10:18:22.190512+00:00
2026-06-25T03:18:33  INFO      Poll OK — 2026-06-25T10:18:32.655420+00:00
2026-06-25T03:18:43  INFO      Poll OK — 2026-06-25T10:18:43.116998+00:00
2026-06-25T03:18:54  INFO      Poll OK — 2026-06-25T10:18:53.581683+00:00
2026-06-25T03:19:04  INFO      Poll OK — 2026-06-25T10:19:04.046638+00:00
2026-06-25T03:19:14  INFO      Poll OK — 2026-06-25T10:19:14.510849+00:00
2026-06-25T03:19:25  INFO      Poll OK — 2026-06-25T10:19:24.974307+00:00
2026-06-25T03:19:35  INFO      Poll OK — 2026-06-25T10:19:35.435179+00:00
2026-06-25T03:19:46  INFO      Poll OK — 2026-06-25T10:19:45.899209+00:00
2026-06-25T03:19:56  INFO      Poll OK — 2026-06-25T10:19:56.361821+00:00
2026-06-25T03:20:07  INFO      Poll OK — 2026-06-25T10:20:06.823945+00:00
2026-06-25T03:20:17  INFO      Poll OK — 2026-06-25T10:20:17.286792+00:00
2026-06-25T03:20:28  INFO      Poll OK — 2026-06-25T10:20:27.747426+00:00
2026-06-25T03:20:38  INFO      Poll OK — 2026-06-25T10:20:38.212129+00:00
2026-06-25T03:20:49  INFO      Poll OK — 2026-06-25T10:20:48.675558+00:00
2026-06-25T03:20:59  INFO      Poll OK — 2026-06-25T10:20:59.141951+00:00
2026-06-25T03:21:10  INFO      Poll OK — 2026-06-25T10:21:09.606160+00:00
2026-06-25T03:21:20  INFO      Poll OK — 2026-06-25T10:21:20.067129+00:00
2026-06-25T03:21:31  INFO      Poll OK — 2026-06-25T10:21:30.541141+00:00
2026-06-25T03:21:41  INFO      Poll OK — 2026-06-25T10:21:41.002446+00:00
2026-06-25T03:21:51  INFO      Poll OK — 2026-06-25T10:21:51.466798+00:00
2026-06-25T03:22:02  INFO      Poll OK — 2026-06-25T10:22:01.929095+00:00
2026-06-25T03:22:12  INFO      Poll OK — 2026-06-25T10:22:12.391145+00:00
2026-06-25T03:22:23  INFO      Poll OK — 2026-06-25T10:22:22.853299+00:00
2026-06-25T03:22:33  INFO      Poll OK — 2026-06-25T10:22:33.315453+00:00
2026-06-25T03:22:44  INFO      Poll OK — 2026-06-25T10:22:43.782179+00:00
2026-06-25T03:22:54  INFO      Poll OK — 2026-06-25T10:22:54.244940+00:00
2026-06-25T03:23:05  INFO      Poll OK — 2026-06-25T10:23:04.711291+00:00
2026-06-25T03:23:15  INFO      Poll OK — 2026-06-25T10:23:15.172255+00:00
2026-06-25T03:23:26  INFO      Poll OK — 2026-06-25T10:23:25.634932+00:00
2026-06-25T03:23:36  INFO      Poll OK — 2026-06-25T10:23:36.097657+00:00
2026-06-25T03:23:47  INFO      Poll OK — 2026-06-25T10:23:46.558816+00:00
2026-06-25T03:23:57  INFO      Poll OK — 2026-06-25T10:23:57.023457+00:00
2026-06-25T03:24:07  INFO      Poll OK — 2026-06-25T10:24:07.485840+00:00
2026-06-25T03:24:18  INFO      Poll OK — 2026-06-25T10:24:17.949130+00:00
2026-06-25T03:24:28  INFO      Poll OK — 2026-06-25T10:24:28.410374+00:00
2026-06-25T03:24:39  INFO      Poll OK — 2026-06-25T10:24:38.885615+00:00
2026-06-25T03:24:49  INFO      Poll OK — 2026-06-25T10:24:49.351833+00:00
2026-06-25T03:25:00  INFO      Poll OK — 2026-06-25T10:24:59.813826+00:00
2026-06-25T03:25:10  INFO      Poll OK — 2026-06-25T10:25:10.277955+00:00
2026-06-25T03:25:21  INFO      Poll OK — 2026-06-25T10:25:20.740265+00:00
2026-06-25T03:25:31  INFO      Poll OK — 2026-06-25T10:25:31.202618+00:00
2026-06-25T03:25:42  INFO      Poll OK — 2026-06-25T10:25:41.664733+00:00
2026-06-25T03:25:52  INFO      Poll OK — 2026-06-25T10:25:52.126886+00:00
2026-06-25T03:26:03  INFO      Poll OK — 2026-06-25T10:26:02.591615+00:00
2026-06-25T03:26:13  INFO      Poll OK — 2026-06-25T10:26:13.063205+00:00
2026-06-25T03:26:23  INFO      Poll OK — 2026-06-25T10:26:23.527459+00:00
2026-06-25T03:26:34  INFO      Poll OK — 2026-06-25T10:26:33.991666+00:00
2026-06-25T03:26:44  INFO      Poll OK — 2026-06-25T10:26:44.455808+00:00
2026-06-25T03:26:55  INFO      Poll OK — 2026-06-25T10:26:54.920220+00:00
2026-06-25T03:27:05  INFO      Poll OK — 2026-06-25T10:27:05.381610+00:00
2026-06-25T03:27:16  INFO      Poll OK — 2026-06-25T10:27:15.845871+00:00
2026-06-25T03:27:26  INFO      Poll OK — 2026-06-25T10:27:26.307728+00:00
2026-06-25T03:27:37  INFO      Poll OK — 2026-06-25T10:27:36.770159+00:00
2026-06-25T03:27:47  INFO      Poll OK — 2026-06-25T10:27:47.231765+00:00
2026-06-25T03:27:58  INFO      Poll OK — 2026-06-25T10:27:57.692738+00:00
2026-06-25T03:28:08  INFO      Poll OK — 2026-06-25T10:28:08.158517+00:00
2026-06-25T03:28:19  INFO      Poll OK — 2026-06-25T10:28:18.622657+00:00
2026-06-25T03:28:29  INFO      Poll OK — 2026-06-25T10:28:29.087061+00:00
2026-06-25T03:28:40  INFO      Poll OK — 2026-06-25T10:28:39.551545+00:00
2026-06-25T03:28:50  INFO      Poll OK — 2026-06-25T10:28:50.013492+00:00
2026-06-25T03:29:00  INFO      Poll OK — 2026-06-25T10:29:00.476469+00:00
2026-06-25T03:29:11  INFO      Poll OK — 2026-06-25T10:29:10.938866+00:00
2026-06-25T03:29:21  INFO      Poll OK — 2026-06-25T10:29:21.402299+00:00
2026-06-25T03:29:32  INFO      Poll OK — 2026-06-25T10:29:31.864614+00:00
2026-06-25T03:29:42  INFO      Poll OK — 2026-06-25T10:29:42.327414+00:00
2026-06-25T03:29:53  INFO      Poll OK — 2026-06-25T10:29:52.789041+00:00
2026-06-25T03:30:03  INFO      Poll OK — 2026-06-25T10:30:03.250940+00:00
2026-06-25T03:30:14  INFO      Poll OK — 2026-06-25T10:30:13.718446+00:00
2026-06-25T03:30:24  INFO      Poll OK — 2026-06-25T10:30:24.181877+00:00
2026-06-25T03:30:35  INFO      Poll OK — 2026-06-25T10:30:34.646764+00:00
2026-06-25T03:30:45  INFO      Poll OK — 2026-06-25T10:30:45.109671+00:00
2026-06-25T03:30:56  INFO      Poll OK — 2026-06-25T10:30:55.570288+00:00
2026-06-25T03:31:06  INFO      Poll OK — 2026-06-25T10:31:06.043770+00:00
2026-06-25T03:31:16  INFO      Poll OK — 2026-06-25T10:31:16.505643+00:00
2026-06-25T03:31:27  INFO      Poll OK — 2026-06-25T10:31:26.970322+00:00
2026-06-25T03:31:37  INFO      Poll OK — 2026-06-25T10:31:37.430858+00:00
2026-06-25T03:31:48  INFO      Poll OK — 2026-06-25T10:31:47.895061+00:00
2026-06-25T03:31:58  INFO      Poll OK — 2026-06-25T10:31:58.355719+00:00
2026-06-25T03:32:09  INFO      Poll OK — 2026-06-25T10:32:08.832050+00:00
2026-06-25T03:32:19  INFO      Poll OK — 2026-06-25T10:32:19.298144+00:00
2026-06-25T03:32:30  INFO      Poll OK — 2026-06-25T10:32:29.760556+00:00
2026-06-25T03:32:40  INFO      Poll OK — 2026-06-25T10:32:40.234486+00:00
2026-06-25T03:32:51  INFO      Poll OK — 2026-06-25T10:32:50.695584+00:00
2026-06-25T03:33:01  INFO      Poll OK — 2026-06-25T10:33:01.167269+00:00
2026-06-25T03:33:12  INFO      Poll OK — 2026-06-25T10:33:11.631950+00:00
2026-06-25T03:33:22  INFO      Poll OK — 2026-06-25T10:33:22.093165+00:00
2026-06-25T03:33:33  INFO      Poll OK — 2026-06-25T10:33:32.557872+00:00
2026-06-25T03:33:43  INFO      Poll OK — 2026-06-25T10:33:43.019345+00:00
2026-06-25T03:33:53  INFO      Poll OK — 2026-06-25T10:33:53.484203+00:00
2026-06-25T03:34:04  INFO      Poll OK — 2026-06-25T10:34:03.946932+00:00
2026-06-25T03:34:14  INFO      Poll OK — 2026-06-25T10:34:14.412514+00:00
2026-06-25T03:34:25  INFO      Poll OK — 2026-06-25T10:34:24.876617+00:00
2026-06-25T03:34:35  INFO      Poll OK — 2026-06-25T10:34:35.341123+00:00
2026-06-25T03:34:46  INFO      Poll OK — 2026-06-25T10:34:45.801172+00:00
2026-06-25T03:34:56  INFO      Poll OK — 2026-06-25T10:34:56.263196+00:00
2026-06-25T03:35:07  INFO      Poll OK — 2026-06-25T10:35:06.725658+00:00
2026-06-25T03:35:17  INFO      Poll OK — 2026-06-25T10:35:17.188709+00:00
2026-06-25T03:35:28  INFO      Poll OK — 2026-06-25T10:35:27.649154+00:00
2026-06-25T03:35:38  INFO      Poll OK — 2026-06-25T10:35:38.115610+00:00
2026-06-25T03:35:49  INFO      Poll OK — 2026-06-25T10:35:48.578287+00:00
2026-06-25T03:35:59  INFO      Poll OK — 2026-06-25T10:35:59.043706+00:00
2026-06-25T03:36:09  INFO      Poll OK — 2026-06-25T10:36:09.508317+00:00
2026-06-25T03:36:20  INFO      Poll OK — 2026-06-25T10:36:19.971682+00:00
2026-06-25T03:36:30  INFO      Poll OK — 2026-06-25T10:36:30.435362+00:00
2026-06-25T03:36:41  INFO      Poll OK — 2026-06-25T10:36:40.897119+00:00
2026-06-25T03:36:51  INFO      Poll OK — 2026-06-25T10:36:51.361903+00:00
2026-06-25T03:37:02  INFO      Poll OK — 2026-06-25T10:37:01.823067+00:00
2026-06-25T03:37:12  INFO      Poll OK — 2026-06-25T10:37:12.287543+00:00
2026-06-25T03:37:23  INFO      Poll OK — 2026-06-25T10:37:22.749720+00:00
2026-06-25T03:37:33  INFO      Poll OK — 2026-06-25T10:37:33.211475+00:00
2026-06-25T03:37:44  INFO      Poll OK — 2026-06-25T10:37:43.678983+00:00
2026-06-25T03:37:54  INFO      Poll OK — 2026-06-25T10:37:54.142600+00:00
2026-06-25T03:38:05  INFO      Poll OK — 2026-06-25T10:38:04.606946+00:00
2026-06-25T03:38:15  INFO      Poll OK — 2026-06-25T10:38:15.079908+00:00
2026-06-25T03:38:26  INFO      Poll OK — 2026-06-25T10:38:25.542998+00:00
2026-06-25T03:38:36  INFO      Poll OK — 2026-06-25T10:38:36.006746+00:00
2026-06-25T03:38:46  INFO      Poll OK — 2026-06-25T10:38:46.468228+00:00
2026-06-25T03:38:57  INFO      Poll OK — 2026-06-25T10:38:56.932730+00:00
2026-06-25T03:39:07  INFO      Poll OK — 2026-06-25T10:39:07.394248+00:00
2026-06-25T03:39:18  INFO      Poll OK — 2026-06-25T10:39:17.857650+00:00
2026-06-25T03:39:28  INFO      Poll OK — 2026-06-25T10:39:28.319151+00:00
2026-06-25T03:39:39  INFO      Poll OK — 2026-06-25T10:39:38.784319+00:00
2026-06-25T03:39:49  INFO      Poll OK — 2026-06-25T10:39:49.262101+00:00
2026-06-25T03:40:00  INFO      Poll OK — 2026-06-25T10:39:59.724452+00:00
2026-06-25T03:40:10  INFO      Poll OK — 2026-06-25T10:40:10.197987+00:00
2026-06-25T03:40:21  INFO      Poll OK — 2026-06-25T10:40:20.661586+00:00
2026-06-25T03:40:31  INFO      Poll OK — 2026-06-25T10:40:31.123910+00:00
2026-06-25T03:40:42  INFO      Poll OK — 2026-06-25T10:40:41.586263+00:00
2026-06-25T03:40:52  INFO      Poll OK — 2026-06-25T10:40:52.048004+00:00
2026-06-25T03:41:02  INFO      Poll OK — 2026-06-25T10:41:02.512045+00:00
2026-06-25T03:41:13  INFO      Poll OK — 2026-06-25T10:41:12.984625+00:00
2026-06-25T03:41:23  INFO      Poll OK — 2026-06-25T10:41:23.451231+00:00
2026-06-25T03:41:34  INFO      Poll OK — 2026-06-25T10:41:33.914397+00:00
2026-06-25T03:41:44  INFO      Poll OK — 2026-06-25T10:41:44.388991+00:00
2026-06-25T03:41:55  INFO      Poll OK — 2026-06-25T10:41:54.852479+00:00
2026-06-25T03:42:05  INFO      Poll OK — 2026-06-25T10:42:05.313802+00:00
2026-06-25T03:42:16  INFO      Poll OK — 2026-06-25T10:42:15.777853+00:00
2026-06-25T03:42:26  INFO      Poll OK — 2026-06-25T10:42:26.240478+00:00
2026-06-25T03:42:37  INFO      Poll OK — 2026-06-25T10:42:36.703790+00:00
2026-06-25T03:42:47  INFO      Poll OK — 2026-06-25T10:42:47.166564+00:00
2026-06-25T03:42:58  INFO      Poll OK — 2026-06-25T10:42:57.626850+00:00
2026-06-25T03:43:08  INFO      Poll OK — 2026-06-25T10:43:08.091911+00:00
2026-06-25T03:43:19  INFO      Poll OK — 2026-06-25T10:43:18.556320+00:00
2026-06-25T03:43:29  INFO      Poll OK — 2026-06-25T10:43:29.021793+00:00
2026-06-25T03:43:39  INFO      Poll OK — 2026-06-25T10:43:39.485995+00:00
2026-06-25T03:43:50  INFO      Poll OK — 2026-06-25T10:43:49.948724+00:00
2026-06-25T03:44:00  INFO      Poll OK — 2026-06-25T10:44:00.412189+00:00
2026-06-25T03:44:11  INFO      Poll OK — 2026-06-25T10:44:10.883570+00:00
2026-06-25T03:44:21  INFO      Poll OK — 2026-06-25T10:44:21.348759+00:00
2026-06-25T03:44:32  INFO      Poll OK — 2026-06-25T10:44:31.810210+00:00
2026-06-25T03:44:42  INFO      Poll OK — 2026-06-25T10:44:42.272666+00:00
2026-06-25T03:44:53  INFO      Poll OK — 2026-06-25T10:44:52.734873+00:00
2026-06-25T03:45:03  INFO      Poll OK — 2026-06-25T10:45:03.197513+00:00
2026-06-25T03:45:14  INFO      Poll OK — 2026-06-25T10:45:13.663844+00:00
2026-06-25T03:45:24  INFO      Poll OK — 2026-06-25T10:45:24.128086+00:00
2026-06-25T03:45:35  INFO      Poll OK — 2026-06-25T10:45:34.593201+00:00
2026-06-25T03:45:45  INFO      Poll OK — 2026-06-25T10:45:45.055524+00:00
2026-06-25T03:45:55  INFO      Poll OK — 2026-06-25T10:45:55.518166+00:00
2026-06-25T03:46:06  INFO      Poll OK — 2026-06-25T10:46:05.979640+00:00
2026-06-25T03:46:16  INFO      Poll OK — 2026-06-25T10:46:16.441905+00:00
2026-06-25T03:46:27  INFO      Poll OK — 2026-06-25T10:46:26.907750+00:00
2026-06-25T03:46:37  INFO      Poll OK — 2026-06-25T10:46:37.368370+00:00
2026-06-25T03:46:48  INFO      Poll OK — 2026-06-25T10:46:47.831911+00:00
2026-06-25T03:46:58  INFO      Poll OK — 2026-06-25T10:46:58.293768+00:00
2026-06-25T03:47:09  INFO      Poll OK — 2026-06-25T10:47:08.758569+00:00
2026-06-25T03:47:19  INFO      Poll OK — 2026-06-25T10:47:19.225000+00:00
2026-06-25T03:47:30  INFO      Poll OK — 2026-06-25T10:47:29.688392+00:00
2026-06-25T03:47:40  INFO      Poll OK — 2026-06-25T10:47:40.152697+00:00
2026-06-25T03:47:51  INFO      Poll OK — 2026-06-25T10:47:50.614478+00:00
2026-06-25T03:48:01  INFO      Poll OK — 2026-06-25T10:48:01.076540+00:00
2026-06-25T03:48:12  INFO      Poll OK — 2026-06-25T10:48:11.540778+00:00
2026-06-25T03:48:22  INFO      Poll OK — 2026-06-25T10:48:22.000913+00:00
2026-06-25T03:48:32  INFO      Poll OK — 2026-06-25T10:48:32.466676+00:00
2026-06-25T03:48:43  INFO      Poll OK — 2026-06-25T10:48:42.927827+00:00
2026-06-25T03:48:53  INFO      Poll OK — 2026-06-25T10:48:53.393159+00:00
2026-06-25T03:49:04  INFO      Poll OK — 2026-06-25T10:49:03.856367+00:00
2026-06-25T03:49:14  INFO      Poll OK — 2026-06-25T10:49:14.320008+00:00
2026-06-25T03:49:25  INFO      Poll OK — 2026-06-25T10:49:24.784897+00:00
2026-06-25T03:49:35  INFO      Poll OK — 2026-06-25T10:49:35.247246+00:00
2026-06-25T03:49:46  INFO      Poll OK — 2026-06-25T10:49:45.711112+00:00
2026-06-25T03:49:56  INFO      Poll OK — 2026-06-25T10:49:56.173094+00:00
2026-06-25T03:50:07  INFO      Poll OK — 2026-06-25T10:50:06.635381+00:00
2026-06-25T03:50:17  INFO      Poll OK — 2026-06-25T10:50:17.107052+00:00
2026-06-25T03:50:28  INFO      Poll OK — 2026-06-25T10:50:27.569631+00:00
2026-06-25T03:50:38  INFO      Poll OK — 2026-06-25T10:50:38.045768+00:00
2026-06-25T03:50:48  INFO      Poll OK — 2026-06-25T10:50:48.506696+00:00
2026-06-25T03:50:59  INFO      Poll OK — 2026-06-25T10:50:58.974123+00:00
2026-06-25T03:51:09  INFO      Poll OK — 2026-06-25T10:51:09.437152+00:00
2026-06-25T03:51:20  INFO      Poll OK — 2026-06-25T10:51:19.909717+00:00
2026-06-25T03:51:30  INFO      Poll OK — 2026-06-25T10:51:30.374112+00:00
2026-06-25T03:51:41  INFO      Poll OK — 2026-06-25T10:51:40.845327+00:00
2026-06-25T03:51:51  INFO      Poll OK — 2026-06-25T10:51:51.309711+00:00
2026-06-25T03:52:02  INFO      Poll OK — 2026-06-25T10:52:01.772101+00:00
2026-06-25T03:52:12  INFO      Poll OK — 2026-06-25T10:52:12.234439+00:00
2026-06-25T03:52:23  INFO      Poll OK — 2026-06-25T10:52:22.697128+00:00
2026-06-25T03:52:33  INFO      Poll OK — 2026-06-25T10:52:33.159072+00:00
2026-06-25T03:52:44  INFO      Poll OK — 2026-06-25T10:52:43.626142+00:00
2026-06-25T03:52:54  INFO      Poll OK — 2026-06-25T10:52:54.088679+00:00
2026-06-25T03:53:05  INFO      Poll OK — 2026-06-25T10:53:04.555266+00:00
2026-06-25T03:53:15  INFO      Poll OK — 2026-06-25T10:53:15.016430+00:00
2026-06-25T03:53:25  INFO      Poll OK — 2026-06-25T10:53:25.479109+00:00
2026-06-25T03:53:36  INFO      Poll OK — 2026-06-25T10:53:35.942716+00:00
2026-06-25T03:53:46  INFO      Poll OK — 2026-06-25T10:53:46.403882+00:00
2026-06-25T03:53:57  INFO      Poll OK — 2026-06-25T10:53:56.868488+00:00
2026-06-25T03:54:07  INFO      Poll OK — 2026-06-25T10:54:07.329775+00:00
2026-06-25T03:54:18  INFO      Poll OK — 2026-06-25T10:54:17.793195+00:00
2026-06-25T03:54:28  INFO      Poll OK — 2026-06-25T10:54:28.265083+00:00
2026-06-25T03:54:39  INFO      Poll OK — 2026-06-25T10:54:38.731149+00:00
2026-06-25T03:54:49  INFO      Poll OK — 2026-06-25T10:54:49.196885+00:00
2026-06-25T03:55:00  INFO      Poll OK — 2026-06-25T10:54:59.659117+00:00
2026-06-25T03:55:10  INFO      Poll OK — 2026-06-25T10:55:10.122689+00:00
2026-06-25T03:55:21  INFO      Poll OK — 2026-06-25T10:55:20.584897+00:00
2026-06-25T03:55:31  INFO      Poll OK — 2026-06-25T10:55:31.047928+00:00
2026-06-25T03:55:41  INFO      Poll OK — 2026-06-25T10:55:41.510452+00:00
2026-06-25T03:55:52  INFO      Poll OK — 2026-06-25T10:55:51.971650+00:00
2026-06-25T03:56:02  INFO      Poll OK — 2026-06-25T10:56:02.437038+00:00
2026-06-25T03:56:13  INFO      Poll OK — 2026-06-25T10:56:12.898373+00:00
2026-06-25T03:56:23  INFO      Poll OK — 2026-06-25T10:56:23.362707+00:00
2026-06-25T03:56:34  INFO      Poll OK — 2026-06-25T10:56:33.827066+00:00
2026-06-25T03:56:44  INFO      Poll OK — 2026-06-25T10:56:44.290849+00:00
2026-06-25T03:56:55  INFO      Poll OK — 2026-06-25T10:56:54.755865+00:00
2026-06-25T03:57:05  INFO      Poll OK — 2026-06-25T10:57:05.216490+00:00
2026-06-25T03:57:16  INFO      Poll OK — 2026-06-25T10:57:15.680124+00:00
2026-06-25T03:57:26  INFO      Poll OK — 2026-06-25T10:57:26.143245+00:00
2026-06-25T03:57:37  INFO      Poll OK — 2026-06-25T10:57:36.606530+00:00
2026-06-25T03:57:47  INFO      Poll OK — 2026-06-25T10:57:47.078360+00:00
2026-06-25T03:57:58  INFO      Poll OK — 2026-06-25T10:57:57.539659+00:00
2026-06-25T03:58:08  INFO      Poll OK — 2026-06-25T10:58:08.004282+00:00
2026-06-25T03:58:18  INFO      Poll OK — 2026-06-25T10:58:18.467866+00:00
2026-06-25T03:58:29  INFO      Poll OK — 2026-06-25T10:58:28.933222+00:00
2026-06-25T03:58:39  INFO      Poll OK — 2026-06-25T10:58:39.398400+00:00
2026-06-25T03:58:50  INFO      Poll OK — 2026-06-25T10:58:49.870614+00:00
2026-06-25T03:59:00  INFO      Poll OK — 2026-06-25T10:59:00.334142+00:00
2026-06-25T03:59:11  INFO      Poll OK — 2026-06-25T10:59:10.815289+00:00
2026-06-25T03:59:21  INFO      Poll OK — 2026-06-25T10:59:21.279569+00:00
2026-06-25T03:59:32  INFO      Poll OK — 2026-06-25T10:59:31.742065+00:00
2026-06-25T03:59:42  INFO      Poll OK — 2026-06-25T10:59:42.205189+00:00
2026-06-25T03:59:53  INFO      Poll OK — 2026-06-25T10:59:52.667389+00:00
2026-06-25T04:00:03  INFO      Poll OK — 2026-06-25T11:00:03.128763+00:00
2026-06-25T04:00:14  INFO      Poll OK — 2026-06-25T11:00:13.595818+00:00
2026-06-25T04:00:24  INFO      Poll OK — 2026-06-25T11:00:24.058698+00:00
2026-06-25T04:00:34  INFO      Poll OK — 2026-06-25T11:00:34.523683+00:00
2026-06-25T04:00:45  INFO      Poll OK — 2026-06-25T11:00:44.986843+00:00
2026-06-25T04:00:55  INFO      Poll OK — 2026-06-25T11:00:55.449216+00:00
2026-06-25T04:01:06  INFO      Poll OK — 2026-06-25T11:01:05.913005+00:00
2026-06-25T04:01:16  INFO      Poll OK — 2026-06-25T11:01:16.373743+00:00
2026-06-25T04:01:27  INFO      Poll OK — 2026-06-25T11:01:26.838025+00:00
2026-06-25T04:01:37  INFO      Poll OK — 2026-06-25T11:01:37.300225+00:00
2026-06-25T04:01:48  INFO      Poll OK — 2026-06-25T11:01:47.762725+00:00
2026-06-25T04:01:58  INFO      Poll OK — 2026-06-25T11:01:58.224773+00:00
2026-06-25T04:02:09  INFO      Poll OK — 2026-06-25T11:02:08.689781+00:00
2026-06-25T04:02:19  INFO      Poll OK — 2026-06-25T11:02:19.156549+00:00
2026-06-25T04:02:30  INFO      Poll OK — 2026-06-25T11:02:29.618803+00:00
2026-06-25T04:02:40  INFO      Poll OK — 2026-06-25T11:02:40.082658+00:00
2026-06-25T04:02:51  INFO      Poll OK — 2026-06-25T11:02:50.545010+00:00
2026-06-25T04:03:01  INFO      Poll OK — 2026-06-25T11:03:01.007223+00:00
2026-06-25T04:03:11  INFO      Poll OK — 2026-06-25T11:03:11.470054+00:00
2026-06-25T04:03:22  INFO      Poll OK — 2026-06-25T11:03:21.940227+00:00
2026-06-25T04:03:32  INFO      Poll OK — 2026-06-25T11:03:32.405293+00:00
2026-06-25T04:03:43  INFO      Poll OK — 2026-06-25T11:03:42.867506+00:00
2026-06-25T04:03:53  INFO      Poll OK — 2026-06-25T11:03:53.331886+00:00
2026-06-25T04:04:04  INFO      Poll OK — 2026-06-25T11:04:03.796244+00:00
2026-06-25T04:04:14  INFO      Poll OK — 2026-06-25T11:04:14.260762+00:00
2026-06-25T04:04:25  INFO      Poll OK — 2026-06-25T11:04:24.725053+00:00
2026-06-25T04:04:35  INFO      Poll OK — 2026-06-25T11:04:35.196402+00:00
2026-06-25T04:04:46  INFO      Poll OK — 2026-06-25T11:04:45.661588+00:00
2026-06-25T04:04:56  INFO      Poll OK — 2026-06-25T11:04:56.122394+00:00
2026-06-25T04:05:07  INFO      Poll OK — 2026-06-25T11:05:06.586573+00:00
2026-06-25T04:05:17  INFO      Poll OK — 2026-06-25T11:05:17.048162+00:00
2026-06-25T04:05:27  INFO      Poll OK — 2026-06-25T11:05:27.518735+00:00
2026-06-25T04:05:38  INFO      Poll OK — 2026-06-25T11:05:37.983945+00:00
2026-06-25T04:05:48  INFO      Poll OK — 2026-06-25T11:05:48.448030+00:00
2026-06-25T04:05:59  INFO      Poll OK — 2026-06-25T11:05:58.913233+00:00
2026-06-25T04:06:09  INFO      Poll OK — 2026-06-25T11:06:09.377862+00:00
2026-06-25T04:06:20  INFO      Poll OK — 2026-06-25T11:06:19.839764+00:00
2026-06-25T04:06:30  INFO      Poll OK — 2026-06-25T11:06:30.303008+00:00
2026-06-25T04:06:41  INFO      Poll OK — 2026-06-25T11:06:40.765508+00:00
2026-06-25T04:06:51  INFO      Poll OK — 2026-06-25T11:06:51.230283+00:00
2026-06-25T04:07:02  INFO      Poll OK — 2026-06-25T11:07:01.701176+00:00
2026-06-25T04:07:12  INFO      Poll OK — 2026-06-25T11:07:12.163085+00:00
2026-06-25T04:07:23  INFO      Poll OK — 2026-06-25T11:07:22.625797+00:00
2026-06-25T04:07:33  INFO      Poll OK — 2026-06-25T11:07:33.087506+00:00
2026-06-25T04:07:44  INFO      Poll OK — 2026-06-25T11:07:43.565208+00:00
2026-06-25T04:07:54  INFO      Poll OK — 2026-06-25T11:07:54.027182+00:00
2026-06-25T04:08:04  INFO      Poll OK — 2026-06-25T11:08:04.493599+00:00
2026-06-25T04:08:15  INFO      Poll OK — 2026-06-25T11:08:14.955826+00:00
2026-06-25T04:08:25  INFO      Poll OK — 2026-06-25T11:08:25.418239+00:00
2026-06-25T04:08:36  INFO      Poll OK — 2026-06-25T11:08:35.880398+00:00
2026-06-25T04:08:46  INFO      Poll OK — 2026-06-25T11:08:46.352675+00:00
2026-06-25T04:08:57  INFO      Poll OK — 2026-06-25T11:08:56.816910+00:00
2026-06-25T04:09:07  INFO      Poll OK — 2026-06-25T11:09:07.279050+00:00
2026-06-25T04:09:18  INFO      Poll OK — 2026-06-25T11:09:17.741608+00:00
2026-06-25T04:09:28  INFO      Poll OK — 2026-06-25T11:09:28.205599+00:00
2026-06-25T04:09:39  INFO      Poll OK — 2026-06-25T11:09:38.678262+00:00
2026-06-25T04:09:49  INFO      Poll OK — 2026-06-25T11:09:49.145279+00:00
2026-06-25T04:10:00  INFO      Poll OK — 2026-06-25T11:09:59.607526+00:00
2026-06-25T04:10:10  INFO      Poll OK — 2026-06-25T11:10:10.071741+00:00
2026-06-25T04:10:20  INFO      Poll OK — 2026-06-25T11:10:20.533975+00:00
2026-06-25T04:10:31  INFO      Poll OK — 2026-06-25T11:10:30.996195+00:00
2026-06-25T04:10:41  INFO      Poll OK — 2026-06-25T11:10:41.458264+00:00
2026-06-25T04:10:52  INFO      Poll OK — 2026-06-25T11:10:51.920593+00:00
2026-06-25T04:11:02  INFO      Poll OK — 2026-06-25T11:11:02.384910+00:00
2026-06-25T04:11:13  INFO      Poll OK — 2026-06-25T11:11:12.846100+00:00
2026-06-25T04:11:23  INFO      Poll OK — 2026-06-25T11:11:23.310881+00:00
2026-06-25T04:11:34  INFO      Poll OK — 2026-06-25T11:11:33.773780+00:00
2026-06-25T04:11:44  INFO      Poll OK — 2026-06-25T11:11:44.238665+00:00
2026-06-25T04:11:55  INFO      Poll OK — 2026-06-25T11:11:54.703884+00:00
2026-06-25T04:12:05  INFO      Poll OK — 2026-06-25T11:12:05.175077+00:00
2026-06-25T04:12:16  INFO      Poll OK — 2026-06-25T11:12:15.639580+00:00
2026-06-25T04:12:26  INFO      Poll OK — 2026-06-25T11:12:26.105717+00:00
2026-06-25T04:12:37  INFO      Poll OK — 2026-06-25T11:12:36.574076+00:00
2026-06-25T04:12:47  INFO      Poll OK — 2026-06-25T11:12:47.047546+00:00
2026-06-25T04:12:57  INFO      Poll OK — 2026-06-25T11:12:57.507984+00:00
2026-06-25T04:13:08  INFO      Poll OK — 2026-06-25T11:13:07.972364+00:00
2026-06-25T04:13:18  INFO      Poll OK — 2026-06-25T11:13:18.434852+00:00
2026-06-25T04:13:29  INFO      Poll OK — 2026-06-25T11:13:28.900991+00:00
2026-06-25T04:13:39  INFO      Poll OK — 2026-06-25T11:13:39.365160+00:00
2026-06-25T04:13:50  INFO      Poll OK — 2026-06-25T11:13:49.828475+00:00
2026-06-25T04:14:00  INFO      Poll OK — 2026-06-25T11:14:00.292651+00:00
2026-06-25T04:14:11  INFO      Poll OK — 2026-06-25T11:14:10.753754+00:00
2026-06-25T04:14:21  INFO      Poll OK — 2026-06-25T11:14:21.228000+00:00
2026-06-25T04:14:32  INFO      Poll OK — 2026-06-25T11:14:31.690404+00:00
2026-06-25T04:14:42  INFO      Poll OK — 2026-06-25T11:14:42.152608+00:00
2026-06-25T04:14:53  INFO      Poll OK — 2026-06-25T11:14:52.616011+00:00
2026-06-25T04:15:03  INFO      Poll OK — 2026-06-25T11:15:03.077937+00:00
2026-06-25T04:15:14  INFO      Poll OK — 2026-06-25T11:15:13.544425+00:00
2026-06-25T04:15:24  INFO      Poll OK — 2026-06-25T11:15:24.007282+00:00
2026-06-25T04:15:34  INFO      Poll OK — 2026-06-25T11:15:34.472432+00:00
2026-06-25T04:15:45  INFO      Poll OK — 2026-06-25T11:15:44.935708+00:00
2026-06-25T04:15:55  INFO      Poll OK — 2026-06-25T11:15:55.408628+00:00
2026-06-25T04:16:06  INFO      Poll OK — 2026-06-25T11:16:05.871353+00:00
2026-06-25T04:16:16  INFO      Poll OK — 2026-06-25T11:16:16.333848+00:00
2026-06-25T04:16:27  INFO      Poll OK — 2026-06-25T11:16:26.798072+00:00
2026-06-25T04:16:37  INFO      Poll OK — 2026-06-25T11:16:37.259161+00:00
2026-06-25T04:16:48  INFO      Poll OK — 2026-06-25T11:16:47.722536+00:00
2026-06-25T04:16:58  INFO      Poll OK — 2026-06-25T11:16:58.186726+00:00
2026-06-25T04:17:09  INFO      Poll OK — 2026-06-25T11:17:08.650812+00:00
2026-06-25T04:17:19  INFO      Poll OK — 2026-06-25T11:17:19.117121+00:00
2026-06-25T04:17:30  INFO      Poll OK — 2026-06-25T11:17:29.579027+00:00
2026-06-25T04:17:40  INFO      Poll OK — 2026-06-25T11:17:40.043337+00:00
2026-06-25T04:17:50  INFO      Poll OK — 2026-06-25T11:17:50.505799+00:00
2026-06-25T04:18:01  INFO      Poll OK — 2026-06-25T11:18:00.969027+00:00
2026-06-25T04:18:11  INFO      Poll OK — 2026-06-25T11:18:11.431274+00:00
2026-06-25T04:18:22  INFO      Poll OK — 2026-06-25T11:18:21.893866+00:00
2026-06-25T04:18:32  INFO      Poll OK — 2026-06-25T11:18:32.357764+00:00
2026-06-25T04:18:43  INFO      Poll OK — 2026-06-25T11:18:42.819697+00:00
2026-06-25T04:18:53  INFO      Poll OK — 2026-06-25T11:18:53.284270+00:00
2026-06-25T04:19:04  INFO      Poll OK — 2026-06-25T11:19:03.748613+00:00
2026-06-25T04:19:14  INFO      Poll OK — 2026-06-25T11:19:14.212584+00:00
2026-06-25T04:19:25  INFO      Poll OK — 2026-06-25T11:19:24.677074+00:00
2026-06-25T04:19:35  INFO      Poll OK — 2026-06-25T11:19:35.139279+00:00
2026-06-25T04:19:46  INFO      Poll OK — 2026-06-25T11:19:45.602480+00:00
2026-06-25T04:19:56  INFO      Poll OK — 2026-06-25T11:19:56.075422+00:00
2026-06-25T04:20:07  INFO      Poll OK — 2026-06-25T11:20:06.538936+00:00
2026-06-25T04:20:17  INFO      Poll OK — 2026-06-25T11:20:17.001146+00:00
2026-06-25T04:20:27  INFO      Poll OK — 2026-06-25T11:20:27.462573+00:00
2026-06-25T04:20:38  INFO      Poll OK — 2026-06-25T11:20:37.927818+00:00
2026-06-25T04:20:48  INFO      Poll OK — 2026-06-25T11:20:48.390675+00:00
2026-06-25T04:20:59  INFO      Poll OK — 2026-06-25T11:20:58.857108+00:00
2026-06-25T04:21:09  INFO      Poll OK — 2026-06-25T11:21:09.321340+00:00
2026-06-25T04:21:20  INFO      Poll OK — 2026-06-25T11:21:19.783608+00:00
2026-06-25T04:21:30  INFO      Poll OK — 2026-06-25T11:21:30.257099+00:00
2026-06-25T04:21:41  INFO      Poll OK — 2026-06-25T11:21:40.719106+00:00
2026-06-25T04:21:51  INFO      Poll OK — 2026-06-25T11:21:51.183446+00:00
2026-06-25T04:22:02  INFO      Poll OK — 2026-06-25T11:22:01.645674+00:00
2026-06-25T04:22:12  INFO      Poll OK — 2026-06-25T11:22:12.118901+00:00
2026-06-25T04:22:23  INFO      Poll OK — 2026-06-25T11:22:22.581130+00:00
2026-06-25T04:22:33  INFO      Poll OK — 2026-06-25T11:22:33.043128+00:00
2026-06-25T04:22:43  INFO      Poll OK — 2026-06-25T11:22:43.508693+00:00
2026-06-25T04:22:54  INFO      Poll OK — 2026-06-25T11:22:53.972889+00:00
2026-06-25T04:23:04  INFO      Poll OK — 2026-06-25T11:23:04.439133+00:00
2026-06-25T04:23:15  INFO      Poll OK — 2026-06-25T11:23:14.902206+00:00
2026-06-25T04:23:25  INFO      Poll OK — 2026-06-25T11:23:25.363812+00:00
2026-06-25T04:23:36  INFO      Poll OK — 2026-06-25T11:23:35.826932+00:00
2026-06-25T04:23:46  INFO      Poll OK — 2026-06-25T11:23:46.299109+00:00
2026-06-25T04:23:57  INFO      Poll OK — 2026-06-25T11:23:56.763359+00:00
2026-06-25T04:24:07  INFO      Poll OK — 2026-06-25T11:24:07.226012+00:00
2026-06-25T04:24:18  INFO      Poll OK — 2026-06-25T11:24:17.688981+00:00
2026-06-25T04:24:28  INFO      Poll OK — 2026-06-25T11:24:28.150704+00:00
2026-06-25T04:24:39  INFO      Poll OK — 2026-06-25T11:24:38.615428+00:00
2026-06-25T04:24:49  INFO      Poll OK — 2026-06-25T11:24:49.082157+00:00
2026-06-25T04:25:00  INFO      Poll OK — 2026-06-25T11:24:59.554870+00:00
2026-06-25T04:25:10  INFO      Poll OK — 2026-06-25T11:25:10.019055+00:00
2026-06-25T04:25:20  INFO      Poll OK — 2026-06-25T11:25:20.491466+00:00
2026-06-25T04:25:31  INFO      Poll OK — 2026-06-25T11:25:30.953834+00:00
2026-06-25T04:25:41  INFO      Poll OK — 2026-06-25T11:25:41.416902+00:00
2026-06-25T04:25:52  INFO      Poll OK — 2026-06-25T11:25:51.878381+00:00
2026-06-25T04:26:02  INFO      Poll OK — 2026-06-25T11:26:02.343429+00:00
2026-06-25T04:26:13  INFO      Poll OK — 2026-06-25T11:26:12.805787+00:00
2026-06-25T04:26:23  INFO      Poll OK — 2026-06-25T11:26:23.268975+00:00
2026-06-25T04:26:34  INFO      Poll OK — 2026-06-25T11:26:33.733163+00:00
2026-06-25T04:26:44  INFO      Poll OK — 2026-06-25T11:26:44.208538+00:00
2026-06-25T04:26:55  INFO      Poll OK — 2026-06-25T11:26:54.672881+00:00
2026-06-25T04:27:05  INFO      Poll OK — 2026-06-25T11:27:05.145157+00:00
2026-06-25T04:27:16  INFO      Poll OK — 2026-06-25T11:27:15.609127+00:00
2026-06-25T04:27:26  INFO      Poll OK — 2026-06-25T11:27:26.071191+00:00
2026-06-25T04:27:37  INFO      Poll OK — 2026-06-25T11:27:36.543815+00:00
2026-06-25T04:27:47  INFO      Poll OK — 2026-06-25T11:27:47.006672+00:00
2026-06-25T04:27:57  INFO      Poll OK — 2026-06-25T11:27:57.467512+00:00
2026-06-25T04:28:08  INFO      Poll OK — 2026-06-25T11:28:07.944423+00:00
2026-06-25T04:28:18  INFO      Poll OK — 2026-06-25T11:28:18.406749+00:00
2026-06-25T04:28:29  INFO      Poll OK — 2026-06-25T11:28:28.873031+00:00
2026-06-25T04:28:39  INFO      Poll OK — 2026-06-25T11:28:39.337299+00:00
2026-06-25T04:28:50  INFO      Poll OK — 2026-06-25T11:28:49.799490+00:00
2026-06-25T04:29:00  INFO      Poll OK — 2026-06-25T11:29:00.262949+00:00
2026-06-25T04:29:11  INFO      Poll OK — 2026-06-25T11:29:10.735124+00:00
2026-06-25T04:29:21  INFO      Poll OK — 2026-06-25T11:29:21.199307+00:00
2026-06-25T04:29:32  INFO      Poll OK — 2026-06-25T11:29:31.661717+00:00
2026-06-25T04:29:42  INFO      Poll OK — 2026-06-25T11:29:42.124984+00:00
2026-06-25T04:29:53  INFO      Poll OK — 2026-06-25T11:29:52.586850+00:00
2026-06-25T04:30:03  INFO      Poll OK — 2026-06-25T11:30:03.049506+00:00
2026-06-25T04:30:13  INFO      Poll OK — 2026-06-25T11:30:13.516542+00:00
2026-06-25T04:30:24  INFO      Poll OK — 2026-06-25T11:30:23.979016+00:00
2026-06-25T04:30:34  INFO      Poll OK — 2026-06-25T11:30:34.444895+00:00
2026-06-25T04:30:45  INFO      Poll OK — 2026-06-25T11:30:44.907215+00:00
2026-06-25T04:30:55  INFO      Poll OK — 2026-06-25T11:30:55.369700+00:00
2026-06-25T04:31:06  INFO      Poll OK — 2026-06-25T11:31:05.834008+00:00
2026-06-25T04:31:16  INFO      Poll OK — 2026-06-25T11:31:16.295147+00:00
2026-06-25T04:31:27  INFO      Poll OK — 2026-06-25T11:31:26.769253+00:00
2026-06-25T04:31:37  INFO      Poll OK — 2026-06-25T11:31:37.231673+00:00
2026-06-25T04:31:48  INFO      Poll OK — 2026-06-25T11:31:47.695061+00:00
2026-06-25T04:31:58  INFO      Poll OK — 2026-06-25T11:31:58.167044+00:00
2026-06-25T04:32:09  INFO      Poll OK — 2026-06-25T11:32:08.632526+00:00
2026-06-25T04:32:19  INFO      Poll OK — 2026-06-25T11:32:19.098562+00:00
2026-06-25T04:32:30  INFO      Poll OK — 2026-06-25T11:32:29.560998+00:00
2026-06-25T04:32:40  INFO      Poll OK — 2026-06-25T11:32:40.025059+00:00
2026-06-25T04:32:50  INFO      Poll OK — 2026-06-25T11:32:50.487471+00:00
2026-06-25T04:33:01  INFO      Poll OK — 2026-06-25T11:33:00.949564+00:00
2026-06-25T04:33:11  INFO      Poll OK — 2026-06-25T11:33:11.414031+00:00
2026-06-25T04:33:22  INFO      Poll OK — 2026-06-25T11:33:21.875080+00:00
2026-06-25T04:33:32  INFO      Poll OK — 2026-06-25T11:33:32.339150+00:00
2026-06-25T04:33:43  INFO      Poll OK — 2026-06-25T11:33:42.802278+00:00
2026-06-25T04:33:53  INFO      Poll OK — 2026-06-25T11:33:53.265081+00:00
2026-06-25T04:34:04  INFO      Poll OK — 2026-06-25T11:34:03.729144+00:00
2026-06-25T04:34:14  INFO      Poll OK — 2026-06-25T11:34:14.195785+00:00
2026-06-25T04:34:25  INFO      Poll OK — 2026-06-25T11:34:24.659836+00:00
2026-06-25T04:34:35  INFO      Poll OK — 2026-06-25T11:34:35.121153+00:00
2026-06-25T04:34:46  INFO      Poll OK — 2026-06-25T11:34:45.585180+00:00
2026-06-25T04:34:56  INFO      Poll OK — 2026-06-25T11:34:56.047782+00:00
2026-06-25T04:35:06  INFO      Poll OK — 2026-06-25T11:35:06.510550+00:00
2026-06-25T04:35:17  INFO      Poll OK — 2026-06-25T11:35:16.974190+00:00
2026-06-25T04:35:27  INFO      Poll OK — 2026-06-25T11:35:27.436509+00:00
2026-06-25T04:35:38  INFO      Poll OK — 2026-06-25T11:35:37.901795+00:00
2026-06-25T04:35:48  INFO      Poll OK — 2026-06-25T11:35:48.375107+00:00
2026-06-25T04:35:59  INFO      Poll OK — 2026-06-25T11:35:58.839972+00:00
2026-06-25T04:36:09  INFO      Poll OK — 2026-06-25T11:36:09.305269+00:00
2026-06-25T04:36:20  INFO      Poll OK — 2026-06-25T11:36:19.768501+00:00
2026-06-25T04:36:30  INFO      Poll OK — 2026-06-25T11:36:30.231871+00:00
2026-06-25T04:36:41  INFO      Poll OK — 2026-06-25T11:36:40.693148+00:00
2026-06-25T04:36:51  INFO      Poll OK — 2026-06-25T11:36:51.157859+00:00
2026-06-25T04:37:02  INFO      Poll OK — 2026-06-25T11:37:01.619981+00:00
2026-06-25T04:37:12  INFO      Poll OK — 2026-06-25T11:37:12.082597+00:00
2026-06-25T04:37:23  INFO      Poll OK — 2026-06-25T11:37:22.545110+00:00
2026-06-25T04:37:33  INFO      Poll OK — 2026-06-25T11:37:33.009140+00:00
2026-06-25T04:37:43  INFO      Poll OK — 2026-06-25T11:37:43.473854+00:00
2026-06-25T04:37:54  INFO      Poll OK — 2026-06-25T11:37:53.947121+00:00
2026-06-25T04:38:04  INFO      Poll OK — 2026-06-25T11:38:04.413173+00:00
2026-06-25T04:38:15  INFO      Poll OK — 2026-06-25T11:38:14.876348+00:00
2026-06-25T04:38:25  INFO      Poll OK — 2026-06-25T11:38:25.338596+00:00
2026-06-25T04:38:36  INFO      Poll OK — 2026-06-25T11:38:35.801668+00:00
2026-06-25T04:38:46  INFO      Poll OK — 2026-06-25T11:38:46.262985+00:00
2026-06-25T04:38:57  INFO      Poll OK — 2026-06-25T11:38:56.727528+00:00
2026-06-25T04:39:07  INFO      Poll OK — 2026-06-25T11:39:07.199871+00:00
2026-06-25T04:39:18  INFO      Poll OK — 2026-06-25T11:39:17.662964+00:00
2026-06-25T04:39:28  INFO      Poll OK — 2026-06-25T11:39:28.135628+00:00
2026-06-25T04:39:39  INFO      Poll OK — 2026-06-25T11:39:38.601230+00:00
2026-06-25T04:39:49  INFO      Poll OK — 2026-06-25T11:39:49.067668+00:00
2026-06-25T04:39:59  INFO      Poll OK — 2026-06-25T11:39:59.530039+00:00
2026-06-25T04:40:10  INFO      Poll OK — 2026-06-25T11:40:09.994411+00:00
2026-06-25T04:40:20  INFO      Poll OK — 2026-06-25T11:40:20.456615+00:00
2026-06-25T04:40:31  INFO      Poll OK — 2026-06-25T11:40:30.919883+00:00
2026-06-25T04:40:41  INFO      Poll OK — 2026-06-25T11:40:41.383566+00:00
2026-06-25T04:40:52  INFO      Poll OK — 2026-06-25T11:40:51.844460+00:00
2026-06-25T04:41:02  INFO      Poll OK — 2026-06-25T11:41:02.308735+00:00
2026-06-25T04:41:13  INFO      Poll OK — 2026-06-25T11:41:12.770679+00:00
2026-06-25T04:41:23  INFO      Poll OK — 2026-06-25T11:41:23.234787+00:00
2026-06-25T04:41:34  INFO      Poll OK — 2026-06-25T11:41:33.699028+00:00
2026-06-25T04:41:44  INFO      Poll OK — 2026-06-25T11:41:44.163665+00:00
2026-06-25T04:41:55  INFO      Poll OK — 2026-06-25T11:41:54.628882+00:00
2026-06-25T04:42:05  INFO      Poll OK — 2026-06-25T11:42:05.091085+00:00
2026-06-25T04:42:16  INFO      Poll OK — 2026-06-25T11:42:15.555143+00:00
2026-06-25T04:42:26  INFO      Poll OK — 2026-06-25T11:42:26.017402+00:00
2026-06-25T04:42:36  INFO      Poll OK — 2026-06-25T11:42:36.480967+00:00
2026-06-25T04:42:47  INFO      Poll OK — 2026-06-25T11:42:46.943049+00:00
2026-06-25T04:42:57  INFO      Poll OK — 2026-06-25T11:42:57.404550+00:00
2026-06-25T04:43:08  INFO      Poll OK — 2026-06-25T11:43:07.869852+00:00
2026-06-25T04:43:18  INFO      Poll OK — 2026-06-25T11:43:18.333838+00:00
2026-06-25T04:43:29  INFO      Poll OK — 2026-06-25T11:43:28.798988+00:00
2026-06-25T04:43:39  INFO      Poll OK — 2026-06-25T11:43:39.263226+00:00
2026-06-25T04:43:50  INFO      Poll OK — 2026-06-25T11:43:49.726620+00:00
2026-06-25T04:44:00  INFO      Poll OK — 2026-06-25T11:44:00.199569+00:00
2026-06-25T04:44:11  INFO      Poll OK — 2026-06-25T11:44:10.661415+00:00
2026-06-25T04:44:21  INFO      Poll OK — 2026-06-25T11:44:21.125779+00:00
2026-06-25T04:44:32  INFO      Poll OK — 2026-06-25T11:44:31.587452+00:00
2026-06-25T04:44:42  INFO      Poll OK — 2026-06-25T11:44:42.050662+00:00
2026-06-25T04:44:52  INFO      Poll OK — 2026-06-25T11:44:52.512424+00:00
2026-06-25T04:45:03  INFO      Poll OK — 2026-06-25T11:45:02.974571+00:00
2026-06-25T04:45:13  INFO      Poll OK — 2026-06-25T11:45:13.439852+00:00
2026-06-25T04:45:24  INFO      Poll OK — 2026-06-25T11:45:23.903747+00:00
2026-06-25T04:45:34  INFO      Poll OK — 2026-06-25T11:45:34.370164+00:00
2026-06-25T04:45:45  INFO      Poll OK — 2026-06-25T11:45:44.831676+00:00
2026-06-25T04:45:55  INFO      Poll OK — 2026-06-25T11:45:55.293956+00:00
2026-06-25T04:46:06  INFO      Poll OK — 2026-06-25T11:46:05.756334+00:00
2026-06-25T04:46:16  INFO      Poll OK — 2026-06-25T11:46:16.228890+00:00
2026-06-25T04:46:27  INFO      Poll OK — 2026-06-25T11:46:26.692962+00:00
2026-06-25T04:46:37  INFO      Poll OK — 2026-06-25T11:46:37.155080+00:00
2026-06-25T04:46:48  INFO      Poll OK — 2026-06-25T11:46:47.618040+00:00
2026-06-25T04:46:58  INFO      Poll OK — 2026-06-25T11:46:58.079788+00:00
2026-06-25T04:47:09  INFO      Poll OK — 2026-06-25T11:47:08.544108+00:00
2026-06-25T04:47:19  INFO      Poll OK — 2026-06-25T11:47:19.009898+00:00
2026-06-25T04:47:29  INFO      Poll OK — 2026-06-25T11:47:29.473814+00:00
2026-06-25T04:47:40  INFO      Poll OK — 2026-06-25T11:47:39.937265+00:00
2026-06-25T04:47:50  INFO      Poll OK — 2026-06-25T11:47:50.409470+00:00
2026-06-25T04:48:01  INFO      Poll OK — 2026-06-25T11:48:00.871161+00:00
2026-06-25T04:48:11  INFO      Poll OK — 2026-06-25T11:48:11.334455+00:00
2026-06-25T04:48:22  INFO      Poll OK — 2026-06-25T11:48:21.797353+00:00
2026-06-25T04:48:32  INFO      Poll OK — 2026-06-25T11:48:32.261681+00:00
2026-06-25T04:48:43  INFO      Poll OK — 2026-06-25T11:48:42.723792+00:00
2026-06-25T04:48:53  INFO      Poll OK — 2026-06-25T11:48:53.186741+00:00
2026-06-25T04:49:04  INFO      Poll OK — 2026-06-25T11:49:03.651239+00:00
2026-06-25T04:49:14  INFO      Poll OK — 2026-06-25T11:49:14.116120+00:00
2026-06-25T04:49:25  INFO      Poll OK — 2026-06-25T11:49:24.580964+00:00
2026-06-25T04:49:35  INFO      Poll OK — 2026-06-25T11:49:35.043140+00:00
2026-06-25T04:49:45  INFO      Poll OK — 2026-06-25T11:49:45.506750+00:00
2026-06-25T04:49:56  INFO      Poll OK — 2026-06-25T11:49:55.967476+00:00
2026-06-25T04:50:06  INFO      Poll OK — 2026-06-25T11:50:06.431292+00:00
2026-06-25T04:50:17  INFO      Poll OK — 2026-06-25T11:50:16.893694+00:00
2026-06-25T04:50:27  INFO      Poll OK — 2026-06-25T11:50:27.355904+00:00
2026-06-25T04:50:38  INFO      Poll OK — 2026-06-25T11:50:37.820923+00:00
2026-06-25T04:50:48  INFO      Poll OK — 2026-06-25T11:50:48.283738+00:00
2026-06-25T04:50:59  INFO      Poll OK — 2026-06-25T11:50:58.749092+00:00
2026-06-25T04:51:09  INFO      Poll OK — 2026-06-25T11:51:09.213036+00:00
2026-06-25T04:51:20  INFO      Poll OK — 2026-06-25T11:51:19.677213+00:00
2026-06-25T04:51:30  INFO      Poll OK — 2026-06-25T11:51:30.141543+00:00
2026-06-25T04:51:41  INFO      Poll OK — 2026-06-25T11:51:40.603463+00:00
2026-06-25T04:51:51  INFO      Poll OK — 2026-06-25T11:51:51.067422+00:00
2026-06-25T04:52:02  INFO      Poll OK — 2026-06-25T11:52:01.539583+00:00
2026-06-25T04:52:12  INFO      Poll OK — 2026-06-25T11:52:12.003018+00:00
2026-06-25T04:52:22  INFO      Poll OK — 2026-06-25T11:52:22.465161+00:00
2026-06-25T04:52:33  INFO      Poll OK — 2026-06-25T11:52:32.928234+00:00
2026-06-25T04:52:43  INFO      Poll OK — 2026-06-25T11:52:43.393331+00:00
2026-06-25T04:52:54  INFO      Poll OK — 2026-06-25T11:52:53.856469+00:00
2026-06-25T04:53:04  INFO      Poll OK — 2026-06-25T11:53:04.322622+00:00
2026-06-25T04:53:15  INFO      Poll OK — 2026-06-25T11:53:14.784654+00:00
2026-06-25T04:53:25  INFO      Poll OK — 2026-06-25T11:53:25.247944+00:00
2026-06-25T04:53:36  INFO      Poll OK — 2026-06-25T11:53:35.709950+00:00
2026-06-25T04:53:46  INFO      Poll OK — 2026-06-25T11:53:46.173249+00:00
2026-06-25T04:53:57  INFO      Poll OK — 2026-06-25T11:53:56.637175+00:00
2026-06-25T04:54:07  INFO      Poll OK — 2026-06-25T11:54:07.099556+00:00
2026-06-25T04:54:18  INFO      Poll OK — 2026-06-25T11:54:17.562475+00:00
2026-06-25T04:54:28  INFO      Poll OK — 2026-06-25T11:54:28.025697+00:00
2026-06-25T04:54:38  INFO      Poll OK — 2026-06-25T11:54:38.492335+00:00
2026-06-25T04:54:49  INFO      Poll OK — 2026-06-25T11:54:48.955707+00:00
2026-06-25T04:54:59  INFO      Poll OK — 2026-06-25T11:54:59.419338+00:00
2026-06-25T04:55:10  INFO      Poll OK — 2026-06-25T11:55:09.883387+00:00
2026-06-25T04:55:20  INFO      Poll OK — 2026-06-25T11:55:20.345441+00:00
2026-06-25T04:55:31  INFO      Poll OK — 2026-06-25T11:55:30.808990+00:00
2026-06-25T04:55:41  INFO      Poll OK — 2026-06-25T11:55:41.272036+00:00
2026-06-25T04:55:52  INFO      Poll OK — 2026-06-25T11:55:51.734268+00:00
2026-06-25T04:56:02  INFO      Poll OK — 2026-06-25T11:56:02.198491+00:00
2026-06-25T04:56:13  INFO      Poll OK — 2026-06-25T11:56:12.659373+00:00
2026-06-25T04:56:23  INFO      Poll OK — 2026-06-25T11:56:23.122342+00:00
2026-06-25T04:56:34  INFO      Poll OK — 2026-06-25T11:56:33.588792+00:00
2026-06-25T04:56:44  INFO      Poll OK — 2026-06-25T11:56:44.052716+00:00
2026-06-25T04:56:54  INFO      Poll OK — 2026-06-25T11:56:54.518416+00:00
2026-06-25T04:57:05  INFO      Poll OK — 2026-06-25T11:57:04.979525+00:00
2026-06-25T04:57:15  INFO      Poll OK — 2026-06-25T11:57:15.443681+00:00
2026-06-25T04:57:26  INFO      Poll OK — 2026-06-25T11:57:25.905936+00:00
2026-06-25T04:57:36  INFO      Poll OK — 2026-06-25T11:57:36.368597+00:00
2026-06-25T04:57:47  INFO      Poll OK — 2026-06-25T11:57:46.832198+00:00
2026-06-25T04:57:57  INFO      Poll OK — 2026-06-25T11:57:57.294328+00:00
2026-06-25T04:58:08  INFO      Poll OK — 2026-06-25T11:58:07.758630+00:00
2026-06-25T04:58:18  INFO      Poll OK — 2026-06-25T11:58:18.221333+00:00
2026-06-25T04:58:29  INFO      Poll OK — 2026-06-25T11:58:28.687546+00:00
2026-06-25T04:58:39  INFO      Poll OK — 2026-06-25T11:58:39.162223+00:00
2026-06-25T04:58:50  INFO      Poll OK — 2026-06-25T11:58:49.626321+00:00
2026-06-25T04:59:00  INFO      Poll OK — 2026-06-25T11:59:00.089047+00:00
2026-06-25T04:59:11  INFO      Poll OK — 2026-06-25T11:59:10.560666+00:00
2026-06-25T04:59:21  INFO      Poll OK — 2026-06-25T11:59:21.025647+00:00
2026-06-25T04:59:31  INFO      Poll OK — 2026-06-25T11:59:31.487686+00:00
2026-06-25T04:59:42  INFO      Poll OK — 2026-06-25T11:59:41.951061+00:00
2026-06-25T04:59:52  INFO      Poll OK — 2026-06-25T11:59:52.414359+00:00
2026-06-25T05:00:03  INFO      Poll OK — 2026-06-25T12:00:02.875491+00:00
2026-06-25T05:00:13  INFO      Poll OK — 2026-06-25T12:00:13.341596+00:00
2026-06-25T05:00:24  INFO      Poll OK — 2026-06-25T12:00:23.815871+00:00
2026-06-25T05:00:34  INFO      Poll OK — 2026-06-25T12:00:34.281189+00:00
2026-06-25T05:00:45  INFO      Poll OK — 2026-06-25T12:00:44.745139+00:00
2026-06-25T05:00:55  INFO      Poll OK — 2026-06-25T12:00:55.217322+00:00
2026-06-25T05:01:06  INFO      Poll OK — 2026-06-25T12:01:05.679498+00:00
2026-06-25T05:01:16  INFO      Poll OK — 2026-06-25T12:01:16.142857+00:00
2026-06-25T05:01:27  INFO      Poll OK — 2026-06-25T12:01:26.607078+00:00
2026-06-25T05:01:37  INFO      Poll OK — 2026-06-25T12:01:37.069634+00:00
2026-06-25T05:01:47  INFO      Poll OK — 2026-06-25T12:01:47.532366+00:00
2026-06-25T05:01:58  INFO      Poll OK — 2026-06-25T12:01:57.994468+00:00
2026-06-25T05:02:08  INFO      Poll OK — 2026-06-25T12:02:08.459827+00:00
2026-06-25T05:02:19  INFO      Poll OK — 2026-06-25T12:02:18.926175+00:00
2026-06-25T05:02:29  INFO      Poll OK — 2026-06-25T12:02:29.389077+00:00
2026-06-25T05:02:40  INFO      Poll OK — 2026-06-25T12:02:39.853375+00:00
2026-06-25T05:02:50  INFO      Poll OK — 2026-06-25T12:02:50.316688+00:00
2026-06-25T05:03:01  INFO      Poll OK — 2026-06-25T12:03:00.778825+00:00
2026-06-25T05:03:11  INFO      Poll OK — 2026-06-25T12:03:11.241762+00:00
2026-06-25T05:03:22  INFO      Poll OK — 2026-06-25T12:03:21.704119+00:00
2026-06-25T05:03:32  INFO      Poll OK — 2026-06-25T12:03:32.168326+00:00
2026-06-25T05:03:43  INFO      Poll OK — 2026-06-25T12:03:42.631663+00:00
2026-06-25T05:03:53  INFO      Poll OK — 2026-06-25T12:03:53.094984+00:00
2026-06-25T05:04:04  INFO      Poll OK — 2026-06-25T12:04:03.560325+00:00
2026-06-25T05:04:14  INFO      Poll OK — 2026-06-25T12:04:14.025414+00:00
2026-06-25T05:04:24  INFO      Poll OK — 2026-06-25T12:04:24.500103+00:00
2026-06-25T05:04:35  INFO      Poll OK — 2026-06-25T12:04:34.963883+00:00
2026-06-25T05:04:45  INFO      Poll OK — 2026-06-25T12:04:45.428471+00:00
2026-06-25T05:04:56  INFO      Poll OK — 2026-06-25T12:04:55.891761+00:00
2026-06-25T05:05:06  INFO      Poll OK — 2026-06-25T12:05:06.355341+00:00
2026-06-25T05:05:17  INFO      Poll OK — 2026-06-25T12:05:16.819062+00:00
2026-06-25T05:05:27  INFO      Poll OK — 2026-06-25T12:05:27.281945+00:00
2026-06-25T05:05:38  INFO      Poll OK — 2026-06-25T12:05:37.747998+00:00
2026-06-25T05:05:48  INFO      Poll OK — 2026-06-25T12:05:48.211977+00:00
2026-06-25T05:05:59  INFO      Poll OK — 2026-06-25T12:05:58.678553+00:00
2026-06-25T05:06:09  INFO      Poll OK — 2026-06-25T12:06:09.143364+00:00
2026-06-25T05:06:20  INFO      Poll OK — 2026-06-25T12:06:19.607873+00:00
2026-06-25T05:06:30  INFO      Poll OK — 2026-06-25T12:06:30.072153+00:00
2026-06-25T05:06:40  INFO      Poll OK — 2026-06-25T12:06:40.536290+00:00
2026-06-25T05:06:51  INFO      Poll OK — 2026-06-25T12:06:51.000111+00:00
2026-06-25T05:07:01  INFO      Poll OK — 2026-06-25T12:07:01.463564+00:00
2026-06-25T05:07:12  INFO      Poll OK — 2026-06-25T12:07:11.926859+00:00
2026-06-25T05:07:22  INFO      Poll OK — 2026-06-25T12:07:22.390726+00:00
2026-06-25T05:07:33  INFO      Poll OK — 2026-06-25T12:07:32.854393+00:00
2026-06-25T05:07:43  INFO      Poll OK — 2026-06-25T12:07:43.321424+00:00
2026-06-25T05:07:54  INFO      Poll OK — 2026-06-25T12:07:53.786580+00:00
2026-06-25T05:08:04  INFO      Poll OK — 2026-06-25T12:08:04.262837+00:00
2026-06-25T05:08:15  INFO      Poll OK — 2026-06-25T12:08:14.727063+00:00
2026-06-25T05:08:25  INFO      Poll OK — 2026-06-25T12:08:25.190018+00:00
2026-06-25T05:08:36  INFO      Poll OK — 2026-06-25T12:08:35.654264+00:00
2026-06-25T05:08:46  INFO      Poll OK — 2026-06-25T12:08:46.117984+00:00
2026-06-25T05:08:57  INFO      Poll OK — 2026-06-25T12:08:56.582894+00:00
2026-06-25T05:09:07  INFO      Poll OK — 2026-06-25T12:09:07.047400+00:00
2026-06-25T05:09:17  INFO      Poll OK — 2026-06-25T12:09:17.509070+00:00
2026-06-25T05:09:28  INFO      Poll OK — 2026-06-25T12:09:27.973859+00:00
2026-06-25T05:09:38  INFO      Poll OK — 2026-06-25T12:09:38.439755+00:00
2026-06-25T05:09:49  INFO      Poll OK — 2026-06-25T12:09:48.906893+00:00
2026-06-25T05:09:59  INFO      Poll OK — 2026-06-25T12:09:59.371202+00:00
2026-06-25T05:10:10  INFO      Poll OK — 2026-06-25T12:10:09.835302+00:00
2026-06-25T05:10:20  INFO      Poll OK — 2026-06-25T12:10:20.299596+00:00
2026-06-25T05:10:31  INFO      Poll OK — 2026-06-25T12:10:30.762829+00:00
2026-06-25T05:10:41  INFO      Poll OK — 2026-06-25T12:10:41.226950+00:00
2026-06-25T05:10:52  INFO      Poll OK — 2026-06-25T12:10:51.690282+00:00
2026-06-25T05:11:02  INFO      Poll OK — 2026-06-25T12:11:02.155588+00:00
2026-06-25T05:11:13  INFO      Poll OK — 2026-06-25T12:11:12.618857+00:00
2026-06-25T05:11:23  INFO      Poll OK — 2026-06-25T12:11:23.082181+00:00
2026-06-25T05:11:34  INFO      Poll OK — 2026-06-25T12:11:33.549166+00:00
2026-06-25T05:11:44  INFO      Poll OK — 2026-06-25T12:11:44.014690+00:00
2026-06-25T05:11:54  INFO      Poll OK — 2026-06-25T12:11:54.481331+00:00
2026-06-25T05:12:05  INFO      Poll OK — 2026-06-25T12:12:04.943708+00:00
2026-06-25T05:12:15  INFO      Poll OK — 2026-06-25T12:12:15.418051+00:00
2026-06-25T05:12:26  INFO      Poll OK — 2026-06-25T12:12:25.882438+00:00
2026-06-25T05:12:36  INFO      Poll OK — 2026-06-25T12:12:36.345904+00:00
2026-06-25T05:12:47  INFO      Poll OK — 2026-06-25T12:12:46.820348+00:00
2026-06-25T05:12:57  INFO      Poll OK — 2026-06-25T12:12:57.282190+00:00
2026-06-25T05:13:08  INFO      Poll OK — 2026-06-25T12:13:07.759489+00:00
2026-06-25T05:13:18  INFO      Poll OK — 2026-06-25T12:13:18.222718+00:00
2026-06-25T05:13:29  INFO      Poll OK — 2026-06-25T12:13:28.689788+00:00
2026-06-25T05:13:39  INFO      Poll OK — 2026-06-25T12:13:39.164915+00:00
2026-06-25T05:13:50  INFO      Poll OK — 2026-06-25T12:13:49.630275+00:00
2026-06-25T05:14:00  INFO      Poll OK — 2026-06-25T12:14:00.104166+00:00
2026-06-25T05:14:11  INFO      Poll OK — 2026-06-25T12:14:10.565658+00:00
2026-06-25T05:14:21  INFO      Poll OK — 2026-06-25T12:14:21.031858+00:00
2026-06-25T05:14:31  INFO      Poll OK — 2026-06-25T12:14:31.494729+00:00
2026-06-25T05:14:42  INFO      Poll OK — 2026-06-25T12:14:41.958348+00:00
2026-06-25T05:14:52  INFO      Poll OK — 2026-06-25T12:14:52.423378+00:00
2026-06-25T05:15:03  INFO      Poll OK — 2026-06-25T12:15:02.886671+00:00
2026-06-25T05:15:13  INFO      Poll OK — 2026-06-25T12:15:13.353840+00:00
2026-06-25T05:15:24  INFO      Poll OK — 2026-06-25T12:15:23.817954+00:00
2026-06-25T05:15:34  INFO      Poll OK — 2026-06-25T12:15:34.284247+00:00
2026-06-25T05:15:45  INFO      Poll OK — 2026-06-25T12:15:44.748602+00:00
2026-06-25T05:15:55  INFO      Poll OK — 2026-06-25T12:15:55.212810+00:00
2026-06-25T05:16:06  INFO      Poll OK — 2026-06-25T12:16:05.675953+00:00
2026-06-25T05:16:16  INFO      Poll OK — 2026-06-25T12:16:16.140021+00:00
2026-06-25T05:16:27  INFO      Poll OK — 2026-06-25T12:16:26.605657+00:00
2026-06-25T05:16:37  INFO      Poll OK — 2026-06-25T12:16:37.067174+00:00
2026-06-25T05:16:47  INFO      Poll OK — 2026-06-25T12:16:47.531879+00:00
2026-06-25T05:16:58  INFO      Poll OK — 2026-06-25T12:16:57.996612+00:00
2026-06-25T05:17:08  INFO      Poll OK — 2026-06-25T12:17:08.462602+00:00
2026-06-25T05:17:19  INFO      Poll OK — 2026-06-25T12:17:18.939381+00:00
2026-06-25T05:17:29  INFO      Poll OK — 2026-06-25T12:17:29.403898+00:00
2026-06-25T05:17:40  INFO      Poll OK — 2026-06-25T12:17:39.867892+00:00
2026-06-25T05:17:50  INFO      Poll OK — 2026-06-25T12:17:50.332277+00:00
2026-06-25T05:18:01  INFO      Poll OK — 2026-06-25T12:18:00.795369+00:00
2026-06-25T05:18:11  INFO      Poll OK — 2026-06-25T12:18:11.260267+00:00
2026-06-25T05:18:22  INFO      Poll OK — 2026-06-25T12:18:21.723645+00:00
2026-06-25T05:18:32  INFO      Poll OK — 2026-06-25T12:18:32.188362+00:00
2026-06-25T05:18:43  INFO      Poll OK — 2026-06-25T12:18:42.651458+00:00
2026-06-25T05:18:53  INFO      Poll OK — 2026-06-25T12:18:53.118099+00:00
2026-06-25T05:19:04  INFO      Poll OK — 2026-06-25T12:19:03.583586+00:00
2026-06-25T05:19:14  INFO      Poll OK — 2026-06-25T12:19:14.050131+00:00
2026-06-25T05:19:24  INFO      Poll OK — 2026-06-25T12:19:24.515629+00:00
2026-06-25T05:19:35  INFO      Poll OK — 2026-06-25T12:19:34.979091+00:00
2026-06-25T05:19:45  INFO      Poll OK — 2026-06-25T12:19:45.444379+00:00
2026-06-25T05:19:56  INFO      Poll OK — 2026-06-25T12:19:55.907958+00:00
2026-06-25T05:20:06  INFO      Poll OK — 2026-06-25T12:20:06.372187+00:00
2026-06-25T05:20:17  INFO      Poll OK — 2026-06-25T12:20:16.835832+00:00
2026-06-25T05:20:27  INFO      Poll OK — 2026-06-25T12:20:27.299151+00:00
2026-06-25T05:20:38  INFO      Poll OK — 2026-06-25T12:20:37.764774+00:00
2026-06-25T05:20:48  INFO      Poll OK — 2026-06-25T12:20:48.229996+00:00
2026-06-25T05:20:59  INFO      Poll OK — 2026-06-25T12:20:58.697924+00:00
2026-06-25T05:21:09  INFO      Poll OK — 2026-06-25T12:21:09.162938+00:00
2026-06-25T05:21:20  INFO      Poll OK — 2026-06-25T12:21:19.637462+00:00
2026-06-25T05:21:30  INFO      Poll OK — 2026-06-25T12:21:30.100605+00:00
2026-06-25T05:21:41  INFO      Poll OK — 2026-06-25T12:21:40.565161+00:00
2026-06-25T05:21:51  INFO      Poll OK — 2026-06-25T12:21:51.029453+00:00
2026-06-25T05:22:01  INFO      Poll OK — 2026-06-25T12:22:01.493914+00:00
2026-06-25T05:22:12  INFO      Poll OK — 2026-06-25T12:22:11.957906+00:00
2026-06-25T05:22:22  INFO      Poll OK — 2026-06-25T12:22:22.420870+00:00
2026-06-25T05:22:33  INFO      Poll OK — 2026-06-25T12:22:32.884462+00:00
2026-06-25T05:22:43  INFO      Poll OK — 2026-06-25T12:22:43.361089+00:00
2026-06-25T05:22:54  INFO      Poll OK — 2026-06-25T12:22:53.826995+00:00
2026-06-25T05:23:04  INFO      Poll OK — 2026-06-25T12:23:04.294546+00:00
2026-06-25T05:23:15  INFO      Poll OK — 2026-06-25T12:23:14.758763+00:00
2026-06-25T05:23:25  INFO      Poll OK — 2026-06-25T12:23:25.232285+00:00
2026-06-25T05:23:36  INFO      Poll OK — 2026-06-25T12:23:35.695737+00:00
2026-06-25T05:23:46  INFO      Poll OK — 2026-06-25T12:23:46.169940+00:00
2026-06-25T05:23:57  INFO      Poll OK — 2026-06-25T12:23:56.635236+00:00
2026-06-25T05:24:07  INFO      Poll OK — 2026-06-25T12:24:07.099905+00:00
2026-06-25T05:24:18  INFO      Poll OK — 2026-06-25T12:24:17.562956+00:00
2026-06-25T05:24:28  INFO      Poll OK — 2026-06-25T12:24:28.027242+00:00
2026-06-25T05:24:38  INFO      Poll OK — 2026-06-25T12:24:38.494094+00:00
2026-06-25T05:24:49  INFO      Poll OK — 2026-06-25T12:24:48.960279+00:00
2026-06-25T05:24:59  INFO      Poll OK — 2026-06-25T12:24:59.426138+00:00
2026-06-25T05:25:10  INFO      Poll OK — 2026-06-25T12:25:09.900243+00:00
2026-06-25T05:25:20  INFO      Poll OK — 2026-06-25T12:25:20.363569+00:00
2026-06-25T05:25:31  INFO      Poll OK — 2026-06-25T12:25:30.847817+00:00
2026-06-25T05:25:41  INFO      Poll OK — 2026-06-25T12:25:41.311060+00:00
2026-06-25T05:25:52  INFO      Poll OK — 2026-06-25T12:25:51.775642+00:00
2026-06-25T05:26:02  INFO      Poll OK — 2026-06-25T12:26:02.241195+00:00
2026-06-25T05:26:13  INFO      Poll OK — 2026-06-25T12:26:12.704313+00:00
2026-06-25T05:26:23  INFO      Poll OK — 2026-06-25T12:26:23.170612+00:00
2026-06-25T05:26:34  INFO      Poll OK — 2026-06-25T12:26:33.635711+00:00
2026-06-25T05:26:44  INFO      Poll OK — 2026-06-25T12:26:44.102531+00:00
2026-06-25T05:26:55  INFO      Poll OK — 2026-06-25T12:26:54.566492+00:00
2026-06-25T05:27:05  INFO      Poll OK — 2026-06-25T12:27:05.030694+00:00
2026-06-25T05:27:15  INFO      Poll OK — 2026-06-25T12:27:15.495218+00:00
2026-06-25T05:27:26  INFO      Poll OK — 2026-06-25T12:27:25.960936+00:00
2026-06-25T05:27:36  INFO      Poll OK — 2026-06-25T12:27:36.423103+00:00
2026-06-25T05:27:47  INFO      Poll OK — 2026-06-25T12:27:46.886320+00:00
2026-06-25T05:27:57  INFO      Poll OK — 2026-06-25T12:27:57.349089+00:00
2026-06-25T05:28:08  INFO      Poll OK — 2026-06-25T12:28:07.817061+00:00
2026-06-25T05:28:18  INFO      Poll OK — 2026-06-25T12:28:18.291656+00:00
2026-06-25T05:28:29  INFO      Poll OK — 2026-06-25T12:28:28.757915+00:00
2026-06-25T05:28:39  INFO      Poll OK — 2026-06-25T12:28:39.234394+00:00
2026-06-25T05:28:50  INFO      Poll OK — 2026-06-25T12:28:49.697163+00:00
2026-06-25T05:29:00  INFO      Poll OK — 2026-06-25T12:29:00.162771+00:00
2026-06-25T05:29:11  INFO      Poll OK — 2026-06-25T12:29:10.625699+00:00
2026-06-25T05:29:21  INFO      Poll OK — 2026-06-25T12:29:21.091221+00:00
2026-06-25T05:29:32  INFO      Poll OK — 2026-06-25T12:29:31.555658+00:00
2026-06-25T05:29:42  INFO      Poll OK — 2026-06-25T12:29:42.018876+00:00
2026-06-25T05:29:52  INFO      Poll OK — 2026-06-25T12:29:52.482427+00:00
2026-06-25T05:30:03  INFO      Poll OK — 2026-06-25T12:30:02.947789+00:00
2026-06-25T05:30:13  INFO      Poll OK — 2026-06-25T12:30:13.415161+00:00
2026-06-25T05:30:24  INFO      Poll OK — 2026-06-25T12:30:23.880556+00:00
2026-06-25T05:30:34  INFO      Poll OK — 2026-06-25T12:30:34.355784+00:00
2026-06-25T05:30:45  INFO      Poll OK — 2026-06-25T12:30:44.820051+00:00
2026-06-25T05:30:55  INFO      Poll OK — 2026-06-25T12:30:55.283938+00:00
2026-06-25T05:31:06  INFO      Poll OK — 2026-06-25T12:31:05.748190+00:00
2026-06-25T05:31:16  INFO      Poll OK — 2026-06-25T12:31:16.211973+00:00
2026-06-25T05:31:27  INFO      Poll OK — 2026-06-25T12:31:26.678037+00:00
2026-06-25T05:31:37  INFO      Poll OK — 2026-06-25T12:31:37.141067+00:00
2026-06-25T05:31:48  INFO      Poll OK — 2026-06-25T12:31:47.605004+00:00
2026-06-25T05:31:58  INFO      Poll OK — 2026-06-25T12:31:58.069332+00:00
2026-06-25T05:32:09  INFO      Poll OK — 2026-06-25T12:32:08.536492+00:00
2026-06-25T05:32:19  INFO      Poll OK — 2026-06-25T12:32:19.003228+00:00
2026-06-25T05:32:29  INFO      Poll OK — 2026-06-25T12:32:29.467642+00:00
2026-06-25T05:32:40  INFO      Poll OK — 2026-06-25T12:32:39.932297+00:00
2026-06-25T05:32:50  INFO      Poll OK — 2026-06-25T12:32:50.396707+00:00
2026-06-25T05:33:01  INFO      Poll OK — 2026-06-25T12:33:00.870938+00:00
2026-06-25T05:33:11  INFO      Poll OK — 2026-06-25T12:33:11.335398+00:00
2026-06-25T05:33:22  INFO      Poll OK — 2026-06-25T12:33:21.798667+00:00
2026-06-25T05:33:32  INFO      Poll OK — 2026-06-25T12:33:32.264788+00:00
2026-06-25T05:33:43  INFO      Poll OK — 2026-06-25T12:33:42.727021+00:00
2026-06-25T05:33:53  INFO      Poll OK — 2026-06-25T12:33:53.192394+00:00
2026-06-25T05:34:04  INFO      Poll OK — 2026-06-25T12:34:03.659408+00:00
2026-06-25T05:34:14  INFO      Poll OK — 2026-06-25T12:34:14.126273+00:00
2026-06-25T05:34:25  INFO      Poll OK — 2026-06-25T12:34:24.591299+00:00
2026-06-25T05:34:35  INFO      Poll OK — 2026-06-25T12:34:35.053428+00:00
2026-06-25T05:34:45  INFO      Poll OK — 2026-06-25T12:34:45.518842+00:00
2026-06-25T05:34:56  INFO      Poll OK — 2026-06-25T12:34:55.982162+00:00
2026-06-25T05:35:06  INFO      Poll OK — 2026-06-25T12:35:06.446448+00:00
2026-06-25T05:35:17  INFO      Poll OK — 2026-06-25T12:35:16.911634+00:00
2026-06-25T05:35:27  INFO      Poll OK — 2026-06-25T12:35:27.375197+00:00
2026-06-25T05:35:38  INFO      Poll OK — 2026-06-25T12:35:37.842017+00:00
2026-06-25T05:35:48  INFO      Poll OK — 2026-06-25T12:35:48.305750+00:00
2026-06-25T05:35:59  INFO      Poll OK — 2026-06-25T12:35:58.781980+00:00
2026-06-25T05:36:09  INFO      Poll OK — 2026-06-25T12:36:09.248472+00:00
2026-06-25T05:36:20  INFO      Poll OK — 2026-06-25T12:36:19.723704+00:00
2026-06-25T05:36:30  INFO      Poll OK — 2026-06-25T12:36:30.186886+00:00
2026-06-25T05:36:41  INFO      Poll OK — 2026-06-25T12:36:40.651113+00:00
2026-06-25T05:36:51  INFO      Poll OK — 2026-06-25T12:36:51.116400+00:00
2026-06-25T05:37:02  INFO      Poll OK — 2026-06-25T12:37:01.580947+00:00
2026-06-25T05:37:12  INFO      Poll OK — 2026-06-25T12:37:12.044400+00:00
2026-06-25T05:37:22  INFO      Poll OK — 2026-06-25T12:37:22.508314+00:00
2026-06-25T05:37:33  INFO      Poll OK — 2026-06-25T12:37:32.972602+00:00
2026-06-25T05:37:43  INFO      Poll OK — 2026-06-25T12:37:43.440922+00:00
2026-06-25T05:37:54  INFO      Poll OK — 2026-06-25T12:37:53.905184+00:00
2026-06-25T05:38:04  INFO      Poll OK — 2026-06-25T12:38:04.371128+00:00
2026-06-25T05:38:15  INFO      Poll OK — 2026-06-25T12:38:14.836760+00:00
2026-06-25T05:38:25  INFO      Poll OK — 2026-06-25T12:38:25.301082+00:00
2026-06-25T05:38:36  INFO      Poll OK — 2026-06-25T12:38:35.763720+00:00
2026-06-25T05:38:46  INFO      Poll OK — 2026-06-25T12:38:46.228594+00:00
2026-06-25T05:38:57  INFO      Poll OK — 2026-06-25T12:38:56.693997+00:00
2026-06-25T05:39:07  INFO      Poll OK — 2026-06-25T12:39:07.157253+00:00
2026-06-25T05:39:18  INFO      Poll OK — 2026-06-25T12:39:17.621404+00:00
2026-06-25T05:39:28  INFO      Poll OK — 2026-06-25T12:39:28.097113+00:00
2026-06-25T05:39:39  INFO      Poll OK — 2026-06-25T12:39:38.563289+00:00
2026-06-25T05:39:49  INFO      Poll OK — 2026-06-25T12:39:49.038940+00:00
2026-06-25T05:39:59  INFO      Poll OK — 2026-06-25T12:39:59.503537+00:00
2026-06-25T05:40:10  INFO      Poll OK — 2026-06-25T12:40:09.969349+00:00
2026-06-25T05:40:20  INFO      Poll OK — 2026-06-25T12:40:20.434109+00:00
2026-06-25T05:40:31  INFO      Poll OK — 2026-06-25T12:40:30.897686+00:00
2026-06-25T05:40:41  INFO      Poll OK — 2026-06-25T12:40:41.361838+00:00
2026-06-25T05:40:52  INFO      Poll OK — 2026-06-25T12:40:51.824905+00:00
2026-06-25T05:41:02  INFO      Poll OK — 2026-06-25T12:41:02.290143+00:00
2026-06-25T05:41:13  INFO      Poll OK — 2026-06-25T12:41:12.753638+00:00
2026-06-25T05:41:23  INFO      Poll OK — 2026-06-25T12:41:23.229984+00:00
2026-06-25T05:41:34  INFO      Poll OK — 2026-06-25T12:41:33.697043+00:00
2026-06-25T05:41:44  INFO      Poll OK — 2026-06-25T12:41:44.163320+00:00
2026-06-25T05:41:55  INFO      Poll OK — 2026-06-25T12:41:54.626863+00:00
2026-06-25T05:42:05  INFO      Poll OK — 2026-06-25T12:42:05.090463+00:00
2026-06-25T05:42:16  INFO      Poll OK — 2026-06-25T12:42:15.556266+00:00
2026-06-25T05:42:26  INFO      Poll OK — 2026-06-25T12:42:26.019609+00:00
2026-06-25T05:42:36  INFO      Poll OK — 2026-06-25T12:42:36.483763+00:00
2026-06-25T05:42:47  INFO      Poll OK — 2026-06-25T12:42:46.948046+00:00
2026-06-25T05:42:57  INFO      Poll OK — 2026-06-25T12:42:57.411474+00:00
2026-06-25T05:43:08  INFO      Poll OK — 2026-06-25T12:43:07.877379+00:00
2026-06-25T05:43:18  INFO      Poll OK — 2026-06-25T12:43:18.343795+00:00
2026-06-25T05:43:29  INFO      Poll OK — 2026-06-25T12:43:28.810255+00:00
2026-06-25T05:43:39  INFO      Poll OK — 2026-06-25T12:43:39.276534+00:00
2026-06-25T05:43:50  INFO      Poll OK — 2026-06-25T12:43:49.740579+00:00
2026-06-25T05:44:00  INFO      Poll OK — 2026-06-25T12:44:00.203894+00:00
2026-06-25T05:44:11  INFO      Poll OK — 2026-06-25T12:44:10.678185+00:00
2026-06-25T05:44:21  INFO      Poll OK — 2026-06-25T12:44:21.144450+00:00
2026-06-25T05:44:32  INFO      Poll OK — 2026-06-25T12:44:31.607614+00:00
2026-06-25T05:44:42  INFO      Poll OK — 2026-06-25T12:44:42.070603+00:00
2026-06-25T05:44:53  INFO      Poll OK — 2026-06-25T12:44:52.536317+00:00
2026-06-25T05:45:03  INFO      Poll OK — 2026-06-25T12:45:03.001265+00:00
2026-06-25T05:45:13  INFO      Poll OK — 2026-06-25T12:45:13.467602+00:00
2026-06-25T05:45:24  INFO      Poll OK — 2026-06-25T12:45:23.933165+00:00
2026-06-25T05:45:34  INFO      Poll OK — 2026-06-25T12:45:34.398264+00:00
2026-06-25T05:45:45  INFO      Poll OK — 2026-06-25T12:45:44.863670+00:00
2026-06-25T05:45:55  INFO      Poll OK — 2026-06-25T12:45:55.326920+00:00
2026-06-25T05:46:06  INFO      Poll OK — 2026-06-25T12:46:05.790346+00:00
2026-06-25T05:46:16  INFO      Poll OK — 2026-06-25T12:46:16.254511+00:00
2026-06-25T05:46:27  INFO      Poll OK — 2026-06-25T12:46:26.720733+00:00
2026-06-25T05:46:37  INFO      Poll OK — 2026-06-25T12:46:37.184650+00:00
2026-06-25T05:46:48  INFO      Poll OK — 2026-06-25T12:46:47.648080+00:00
2026-06-25T05:46:58  INFO      Poll OK — 2026-06-25T12:46:58.123767+00:00
2026-06-25T05:47:09  INFO      Poll OK — 2026-06-25T12:47:08.590799+00:00
2026-06-25T05:47:19  INFO      Poll OK — 2026-06-25T12:47:19.058147+00:00
2026-06-25T05:47:29  INFO      Poll OK — 2026-06-25T12:47:29.521927+00:00
2026-06-25T05:47:40  INFO      Poll OK — 2026-06-25T12:47:39.986325+00:00
2026-06-25T05:47:50  INFO      Poll OK — 2026-06-25T12:47:50.451181+00:00
2026-06-25T05:48:01  INFO      Poll OK — 2026-06-25T12:48:00.915424+00:00
2026-06-25T05:48:11  INFO      Poll OK — 2026-06-25T12:48:11.379409+00:00
2026-06-25T05:48:22  INFO      Poll OK — 2026-06-25T12:48:21.844679+00:00
2026-06-25T05:48:32  INFO      Poll OK — 2026-06-25T12:48:32.310172+00:00
2026-06-25T05:48:43  INFO      Poll OK — 2026-06-25T12:48:42.774380+00:00
2026-06-25T05:48:53  INFO      Poll OK — 2026-06-25T12:48:53.240294+00:00
2026-06-25T05:49:04  INFO      Poll OK — 2026-06-25T12:49:03.716437+00:00
2026-06-25T05:49:14  INFO      Poll OK — 2026-06-25T12:49:14.182874+00:00
2026-06-25T05:49:25  INFO      Poll OK — 2026-06-25T12:49:24.648670+00:00
2026-06-25T05:49:35  INFO      Poll OK — 2026-06-25T12:49:35.112329+00:00
2026-06-25T05:49:46  INFO      Poll OK — 2026-06-25T12:49:45.577649+00:00
2026-06-25T05:49:56  INFO      Poll OK — 2026-06-25T12:49:56.040948+00:00
2026-06-25T05:50:06  INFO      Poll OK — 2026-06-25T12:50:06.504789+00:00
2026-06-25T05:50:17  INFO      Poll OK — 2026-06-25T12:50:16.969714+00:00
2026-06-25T05:50:27  INFO      Poll OK — 2026-06-25T12:50:27.433893+00:00
2026-06-25T05:50:38  INFO      Poll OK — 2026-06-25T12:50:37.899960+00:00
2026-06-25T05:50:48  INFO      Poll OK — 2026-06-25T12:50:48.366323+00:00
2026-06-25T05:50:59  INFO      Poll OK — 2026-06-25T12:50:58.853748+00:00
2026-06-25T05:51:09  INFO      Poll OK — 2026-06-25T12:51:09.318989+00:00
2026-06-25T05:51:20  INFO      Poll OK — 2026-06-25T12:51:19.783067+00:00
2026-06-25T05:51:30  INFO      Poll OK — 2026-06-25T12:51:30.248571+00:00
2026-06-25T05:51:41  INFO      Poll OK — 2026-06-25T12:51:40.711493+00:00
2026-06-25T05:51:51  INFO      Poll OK — 2026-06-25T12:51:51.176413+00:00
2026-06-25T05:52:02  INFO      Poll OK — 2026-06-25T12:52:01.641178+00:00
2026-06-25T05:52:12  INFO      Poll OK — 2026-06-25T12:52:12.105024+00:00
2026-06-25T05:52:23  INFO      Poll OK — 2026-06-25T12:52:22.569633+00:00
2026-06-25T05:52:33  INFO      Poll OK — 2026-06-25T12:52:33.033815+00:00
2026-06-25T05:52:43  INFO      Poll OK — 2026-06-25T12:52:43.502086+00:00
2026-06-25T05:52:54  INFO      Poll OK — 2026-06-25T12:52:53.968317+00:00
2026-06-25T05:53:04  INFO      Poll OK — 2026-06-25T12:53:04.433878+00:00
2026-06-25T05:53:15  INFO      Poll OK — 2026-06-25T12:53:14.907778+00:00
2026-06-25T05:53:25  INFO      Poll OK — 2026-06-25T12:53:25.382963+00:00
2026-06-25T05:53:36  INFO      Poll OK — 2026-06-25T12:53:35.848317+00:00
2026-06-25T05:53:46  INFO      Poll OK — 2026-06-25T12:53:46.311385+00:00
2026-06-25T05:53:57  INFO      Poll OK — 2026-06-25T12:53:56.776600+00:00
2026-06-25T05:54:07  INFO      Poll OK — 2026-06-25T12:54:07.239618+00:00
2026-06-25T05:54:18  INFO      Poll OK — 2026-06-25T12:54:17.704242+00:00
2026-06-25T05:54:28  INFO      Poll OK — 2026-06-25T12:54:28.171433+00:00
2026-06-25T05:54:39  INFO      Poll OK — 2026-06-25T12:54:38.637826+00:00
2026-06-25T05:54:49  INFO      Poll OK — 2026-06-25T12:54:49.104921+00:00
2026-06-25T05:55:00  INFO      Poll OK — 2026-06-25T12:54:59.578271+00:00
2026-06-25T05:55:10  INFO      Poll OK — 2026-06-25T12:55:10.043025+00:00
2026-06-25T05:55:20  INFO      Poll OK — 2026-06-25T12:55:20.507394+00:00
2026-06-25T05:55:31  INFO      Poll OK — 2026-06-25T12:55:30.971745+00:00
2026-06-25T05:55:41  INFO      Poll OK — 2026-06-25T12:55:41.447036+00:00
2026-06-25T05:55:52  INFO      Poll OK — 2026-06-25T12:55:51.910486+00:00
2026-06-25T05:56:02  INFO      Poll OK — 2026-06-25T12:56:02.376524+00:00
2026-06-25T05:56:13  INFO      Poll OK — 2026-06-25T12:56:12.839537+00:00
2026-06-25T05:56:23  INFO      Poll OK — 2026-06-25T12:56:23.306025+00:00
2026-06-25T05:56:34  INFO      Poll OK — 2026-06-25T12:56:33.773353+00:00
2026-06-25T05:56:44  INFO      Poll OK — 2026-06-25T12:56:44.239201+00:00
2026-06-25T05:56:55  INFO      Poll OK — 2026-06-25T12:56:54.704964+00:00
2026-06-25T05:57:05  INFO      Poll OK — 2026-06-25T12:57:05.168111+00:00
2026-06-25T05:57:16  INFO      Poll OK — 2026-06-25T12:57:15.633181+00:00
2026-06-25T05:57:26  INFO      Poll OK — 2026-06-25T12:57:26.098101+00:00
2026-06-25T05:57:37  INFO      Poll OK — 2026-06-25T12:57:36.561814+00:00
2026-06-25T05:57:47  INFO      Poll OK — 2026-06-25T12:57:47.026132+00:00
2026-06-25T05:57:57  INFO      Poll OK — 2026-06-25T12:57:57.489238+00:00
2026-06-25T05:58:08  INFO      Poll OK — 2026-06-25T12:58:07.955350+00:00
2026-06-25T05:58:18  INFO      Poll OK — 2026-06-25T12:58:18.431676+00:00
2026-06-25T05:58:29  INFO      Poll OK — 2026-06-25T12:58:28.898470+00:00
2026-06-25T05:58:39  INFO      Poll OK — 2026-06-25T12:58:39.364787+00:00
2026-06-25T05:58:50  INFO      Poll OK — 2026-06-25T12:58:49.827982+00:00
2026-06-25T05:59:00  INFO      Poll OK — 2026-06-25T12:59:00.293606+00:00
2026-06-25T05:59:11  INFO      Poll OK — 2026-06-25T12:59:10.776667+00:00
2026-06-25T05:59:21  INFO      Poll OK — 2026-06-25T12:59:21.241984+00:00
2026-06-25T05:59:32  INFO      Poll OK — 2026-06-25T12:59:31.707398+00:00
2026-06-25T05:59:42  INFO      Poll OK — 2026-06-25T12:59:42.171592+00:00
2026-06-25T05:59:53  INFO      Poll OK — 2026-06-25T12:59:52.635737+00:00
2026-06-25T06:00:03  INFO      Poll OK — 2026-06-25T13:00:03.101183+00:00
2026-06-25T06:00:14  INFO      Poll OK — 2026-06-25T13:00:13.569232+00:00
2026-06-25T06:00:24  INFO      Poll OK — 2026-06-25T13:00:24.034404+00:00
2026-06-25T06:00:34  INFO      Poll OK — 2026-06-25T13:00:34.499353+00:00
2026-06-25T06:00:45  INFO      Poll OK — 2026-06-25T13:00:44.964063+00:00
2026-06-25T06:00:55  INFO      Poll OK — 2026-06-25T13:00:55.428131+00:00
2026-06-25T06:01:06  INFO      Poll OK — 2026-06-25T13:01:05.893584+00:00
2026-06-25T06:01:16  INFO      Poll OK — 2026-06-25T13:01:16.356848+00:00
2026-06-25T06:01:27  INFO      Poll OK — 2026-06-25T13:01:26.822082+00:00
2026-06-25T06:01:37  INFO      Poll OK — 2026-06-25T13:01:37.286873+00:00
2026-06-25T06:01:48  INFO      Poll OK — 2026-06-25T13:01:47.750261+00:00
2026-06-25T06:01:58  INFO      Poll OK — 2026-06-25T13:01:58.216779+00:00
2026-06-25T06:02:09  INFO      Poll OK — 2026-06-25T13:02:08.682985+00:00
2026-06-25T06:02:19  INFO      Poll OK — 2026-06-25T13:02:19.171124+00:00
2026-06-25T06:02:30  INFO      Poll OK — 2026-06-25T13:02:29.634473+00:00
2026-06-25T06:02:40  INFO      Poll OK — 2026-06-25T13:02:40.109645+00:00
2026-06-25T06:02:51  INFO      Poll OK — 2026-06-25T13:02:50.574059+00:00
2026-06-25T06:03:01  INFO      Poll OK — 2026-06-25T13:03:01.048542+00:00
2026-06-25T06:03:11  INFO      Poll OK — 2026-06-25T13:03:11.512452+00:00
2026-06-25T06:03:22  INFO      Poll OK — 2026-06-25T13:03:21.976744+00:00
2026-06-25T06:03:32  INFO      Poll OK — 2026-06-25T13:03:32.441583+00:00
2026-06-25T06:03:43  INFO      Poll OK — 2026-06-25T13:03:42.905900+00:00
2026-06-25T06:03:53  INFO      Poll OK — 2026-06-25T13:03:53.373083+00:00
2026-06-25T06:04:04  INFO      Poll OK — 2026-06-25T13:04:03.839428+00:00
2026-06-25T06:04:14  INFO      Poll OK — 2026-06-25T13:04:14.304979+00:00
2026-06-25T06:04:25  INFO      Poll OK — 2026-06-25T13:04:24.770407+00:00
2026-06-25T06:04:35  INFO      Poll OK — 2026-06-25T13:04:35.233426+00:00
2026-06-25T06:04:46  INFO      Poll OK — 2026-06-25T13:04:45.698723+00:00
2026-06-25T06:04:56  INFO      Poll OK — 2026-06-25T13:04:56.164155+00:00
2026-06-25T06:05:07  INFO      Poll OK — 2026-06-25T13:05:06.627282+00:00
2026-06-25T06:05:17  INFO      Poll OK — 2026-06-25T13:05:17.092164+00:00
2026-06-25T06:05:28  INFO      Poll OK — 2026-06-25T13:05:27.554913+00:00
2026-06-25T06:05:38  INFO      Poll OK — 2026-06-25T13:05:38.022491+00:00
2026-06-25T06:05:48  INFO      Poll OK — 2026-06-25T13:05:48.488946+00:00
2026-06-25T06:05:59  INFO      Poll OK — 2026-06-25T13:05:58.955036+00:00
2026-06-25T06:06:09  INFO      Poll OK — 2026-06-25T13:06:09.420713+00:00
2026-06-25T06:06:20  INFO      Poll OK — 2026-06-25T13:06:19.884969+00:00
2026-06-25T06:06:30  INFO      Poll OK — 2026-06-25T13:06:30.350179+00:00
2026-06-25T06:06:41  INFO      Poll OK — 2026-06-25T13:06:40.824396+00:00
2026-06-25T06:06:51  INFO      Poll OK — 2026-06-25T13:06:51.289706+00:00
2026-06-25T06:07:02  INFO      Poll OK — 2026-06-25T13:07:01.753770+00:00
2026-06-25T06:07:12  INFO      Poll OK — 2026-06-25T13:07:12.217164+00:00
2026-06-25T06:07:23  INFO      Poll OK — 2026-06-25T13:07:22.682350+00:00
2026-06-25T06:07:33  INFO      Poll OK — 2026-06-25T13:07:33.147812+00:00
2026-06-25T06:07:44  INFO      Poll OK — 2026-06-25T13:07:43.616090+00:00
2026-06-25T06:07:54  INFO      Poll OK — 2026-06-25T13:07:54.081141+00:00
2026-06-25T06:08:05  INFO      Poll OK — 2026-06-25T13:08:04.546690+00:00
2026-06-25T06:08:15  INFO      Poll OK — 2026-06-25T13:08:15.012388+00:00
2026-06-25T06:08:25  INFO      Poll OK — 2026-06-25T13:08:25.473845+00:00
2026-06-25T06:08:36  INFO      Poll OK — 2026-06-25T13:08:35.939094+00:00
2026-06-25T06:08:46  INFO      Poll OK — 2026-06-25T13:08:46.413772+00:00
2026-06-25T06:08:57  INFO      Poll OK — 2026-06-25T13:08:56.879599+00:00
2026-06-25T06:09:07  INFO      Poll OK — 2026-06-25T13:09:07.342939+00:00
2026-06-25T06:09:18  INFO      Poll OK — 2026-06-25T13:09:17.807022+00:00
2026-06-25T06:09:28  INFO      Poll OK — 2026-06-25T13:09:28.273371+00:00
2026-06-25T06:09:39  INFO      Poll OK — 2026-06-25T13:09:38.739659+00:00
2026-06-25T06:09:49  INFO      Poll OK — 2026-06-25T13:09:49.208012+00:00
2026-06-25T06:10:00  INFO      Poll OK — 2026-06-25T13:09:59.671068+00:00
2026-06-25T06:10:10  INFO      Poll OK — 2026-06-25T13:10:10.136519+00:00
2026-06-25T06:10:21  INFO      Poll OK — 2026-06-25T13:10:20.600718+00:00
2026-06-25T06:10:31  INFO      Poll OK — 2026-06-25T13:10:31.073777+00:00
2026-06-25T06:10:42  INFO      Poll OK — 2026-06-25T13:10:41.539498+00:00
2026-06-25T06:10:52  INFO      Poll OK — 2026-06-25T13:10:52.007561+00:00
2026-06-25T06:11:02  INFO      Poll OK — 2026-06-25T13:11:02.468524+00:00
2026-06-25T06:11:13  INFO      Poll OK — 2026-06-25T13:11:12.932915+00:00
2026-06-25T06:11:23  INFO      Poll OK — 2026-06-25T13:11:23.398959+00:00
2026-06-25T06:11:34  INFO      Poll OK — 2026-06-25T13:11:33.866531+00:00
2026-06-25T06:11:44  INFO      Poll OK — 2026-06-25T13:11:44.332472+00:00
2026-06-25T06:11:55  INFO      Poll OK — 2026-06-25T13:11:54.797115+00:00
2026-06-25T06:12:05  INFO      Poll OK — 2026-06-25T13:12:05.260354+00:00
2026-06-25T06:12:16  INFO      Poll OK — 2026-06-25T13:12:15.724518+00:00
2026-06-25T06:12:26  INFO      Poll OK — 2026-06-25T13:12:26.189829+00:00
2026-06-25T06:12:37  INFO      Poll OK — 2026-06-25T13:12:36.653913+00:00
2026-06-25T06:12:47  INFO      Poll OK — 2026-06-25T13:12:47.118729+00:00
2026-06-25T06:12:58  INFO      Poll OK — 2026-06-25T13:12:57.581903+00:00
2026-06-25T06:13:08  INFO      Poll OK — 2026-06-25T13:13:08.049815+00:00
2026-06-25T06:13:18  INFO      Poll OK — 2026-06-25T13:13:18.515037+00:00
2026-06-25T06:13:29  INFO      Poll OK — 2026-06-25T13:13:28.981318+00:00
2026-06-25T06:13:39  INFO      Poll OK — 2026-06-25T13:13:39.446375+00:00
2026-06-25T06:13:50  INFO      Poll OK — 2026-06-25T13:13:49.910780+00:00
2026-06-25T06:14:00  INFO      Poll OK — 2026-06-25T13:14:00.376282+00:00
2026-06-25T06:14:11  INFO      Poll OK — 2026-06-25T13:14:10.849168+00:00
2026-06-25T06:14:21  INFO      Poll OK — 2026-06-25T13:14:21.314353+00:00
2026-06-25T06:14:32  INFO      Poll OK — 2026-06-25T13:14:31.778611+00:00
2026-06-25T06:14:42  INFO      Poll OK — 2026-06-25T13:14:42.243481+00:00
2026-06-25T06:14:53  INFO      Poll OK — 2026-06-25T13:14:52.708143+00:00
2026-06-25T06:15:03  INFO      Poll OK — 2026-06-25T13:15:03.173614+00:00
2026-06-25T06:15:14  INFO      Poll OK — 2026-06-25T13:15:13.641990+00:00
2026-06-25T06:15:24  INFO      Poll OK — 2026-06-25T13:15:24.107174+00:00
2026-06-25T06:15:35  INFO      Poll OK — 2026-06-25T13:15:34.572429+00:00
2026-06-25T06:15:45  INFO      Poll OK — 2026-06-25T13:15:45.036538+00:00
2026-06-25T06:15:55  INFO      Poll OK — 2026-06-25T13:15:55.500508+00:00
2026-06-25T06:16:06  INFO      Poll OK — 2026-06-25T13:16:05.965130+00:00
2026-06-25T06:16:16  INFO      Poll OK — 2026-06-25T13:16:16.429552+00:00
2026-06-25T06:16:27  INFO      Poll OK — 2026-06-25T13:16:26.894507+00:00
2026-06-25T06:16:37  INFO      Poll OK — 2026-06-25T13:16:37.358797+00:00
2026-06-25T06:16:48  INFO      Poll OK — 2026-06-25T13:16:47.822898+00:00
2026-06-25T06:16:58  INFO      Poll OK — 2026-06-25T13:16:58.291027+00:00
2026-06-25T06:17:09  INFO      Poll OK — 2026-06-25T13:17:08.757162+00:00
2026-06-25T06:17:19  INFO      Poll OK — 2026-06-25T13:17:19.223470+00:00
2026-06-25T06:17:30  INFO      Poll OK — 2026-06-25T13:17:29.686924+00:00
2026-06-25T06:17:40  INFO      Poll OK — 2026-06-25T13:17:40.151346+00:00
2026-06-25T06:17:51  INFO      Poll OK — 2026-06-25T13:17:50.616644+00:00
2026-06-25T06:18:01  INFO      Poll OK — 2026-06-25T13:18:01.081167+00:00
2026-06-25T06:18:12  INFO      Poll OK — 2026-06-25T13:18:11.545175+00:00
2026-06-25T06:18:22  INFO      Poll OK — 2026-06-25T13:18:22.009026+00:00
2026-06-25T06:18:32  INFO      Poll OK — 2026-06-25T13:18:32.474635+00:00
2026-06-25T06:18:43  INFO      Poll OK — 2026-06-25T13:18:42.938146+00:00
2026-06-25T06:18:53  INFO      Poll OK — 2026-06-25T13:18:53.406297+00:00
2026-06-25T06:19:04  INFO      Poll OK — 2026-06-25T13:19:03.872537+00:00
2026-06-25T06:19:14  INFO      Poll OK — 2026-06-25T13:19:14.338182+00:00
2026-06-25T06:19:25  INFO      Poll OK — 2026-06-25T13:19:24.802820+00:00
2026-06-25T06:19:35  INFO      Poll OK — 2026-06-25T13:19:35.266291+00:00
2026-06-25T06:19:46  INFO      Poll OK — 2026-06-25T13:19:45.730717+00:00
2026-06-25T06:19:56  INFO      Poll OK — 2026-06-25T13:19:56.196801+00:00
2026-06-25T06:20:07  INFO      Poll OK — 2026-06-25T13:20:06.670070+00:00
2026-06-25T06:20:17  INFO      Poll OK — 2026-06-25T13:20:17.144896+00:00
2026-06-25T06:20:28  INFO      Poll OK — 2026-06-25T13:20:27.607802+00:00
2026-06-25T06:20:38  INFO      Poll OK — 2026-06-25T13:20:38.076707+00:00
2026-06-25T06:20:49  INFO      Poll OK — 2026-06-25T13:20:48.541866+00:00
2026-06-25T06:20:59  INFO      Poll OK — 2026-06-25T13:20:59.008946+00:00
2026-06-25T06:21:09  INFO      Poll OK — 2026-06-25T13:21:09.473157+00:00
2026-06-25T06:21:20  INFO      Poll OK — 2026-06-25T13:21:19.938001+00:00
2026-06-25T06:21:30  INFO      Poll OK — 2026-06-25T13:21:30.402841+00:00
2026-06-25T06:21:41  INFO      Poll OK — 2026-06-25T13:21:40.876878+00:00
2026-06-25T06:21:51  INFO      Poll OK — 2026-06-25T13:21:51.352217+00:00
2026-06-25T06:22:02  INFO      Poll OK — 2026-06-25T13:22:01.816743+00:00
2026-06-25T06:22:12  INFO      Poll OK — 2026-06-25T13:22:12.280972+00:00
2026-06-25T06:22:23  INFO      Poll OK — 2026-06-25T13:22:22.746040+00:00
2026-06-25T06:22:33  INFO      Poll OK — 2026-06-25T13:22:33.211640+00:00
2026-06-25T06:22:44  INFO      Poll OK — 2026-06-25T13:22:43.679921+00:00
2026-06-25T06:22:54  INFO      Poll OK — 2026-06-25T13:22:54.145166+00:00
2026-06-25T06:23:05  INFO      Poll OK — 2026-06-25T13:23:04.610225+00:00
2026-06-25T06:23:15  INFO      Poll OK — 2026-06-25T13:23:15.075698+00:00
2026-06-25T06:23:26  INFO      Poll OK — 2026-06-25T13:23:25.538826+00:00
2026-06-25T06:23:36  INFO      Poll OK — 2026-06-25T13:23:36.003122+00:00
2026-06-25T06:23:46  INFO      Poll OK — 2026-06-25T13:23:46.468203+00:00
2026-06-25T06:23:57  INFO      Poll OK — 2026-06-25T13:23:56.934704+00:00
2026-06-25T06:24:07  INFO      Poll OK — 2026-06-25T13:24:07.398142+00:00
2026-06-25T06:24:18  INFO      Poll OK — 2026-06-25T13:24:17.863246+00:00
2026-06-25T06:24:28  INFO      Poll OK — 2026-06-25T13:24:28.330385+00:00
2026-06-25T06:24:39  INFO      Poll OK — 2026-06-25T13:24:38.795819+00:00
2026-06-25T06:24:49  INFO      Poll OK — 2026-06-25T13:24:49.262986+00:00
2026-06-25T06:25:00  INFO      Poll OK — 2026-06-25T13:24:59.726982+00:00
2026-06-25T06:25:10  INFO      Poll OK — 2026-06-25T13:25:10.192245+00:00
2026-06-25T06:25:21  INFO      Poll OK — 2026-06-25T13:25:20.656623+00:00
2026-06-25T06:25:31  INFO      Poll OK — 2026-06-25T13:25:31.120813+00:00
2026-06-25T06:25:42  INFO      Poll OK — 2026-06-25T13:25:41.586779+00:00
2026-06-25T06:25:52  INFO      Poll OK — 2026-06-25T13:25:52.049243+00:00
2026-06-25T06:26:02  INFO      Poll OK — 2026-06-25T13:26:02.515734+00:00
2026-06-25T06:26:13  INFO      Poll OK — 2026-06-25T13:26:12.981068+00:00
2026-06-25T06:26:23  INFO      Poll OK — 2026-06-25T13:26:23.446836+00:00
2026-06-25T06:26:34  INFO      Poll OK — 2026-06-25T13:26:33.914225+00:00
2026-06-25T06:26:44  INFO      Poll OK — 2026-06-25T13:26:44.378693+00:00
2026-06-25T06:26:55  INFO      Poll OK — 2026-06-25T13:26:54.844954+00:00
2026-06-25T06:27:05  INFO      Poll OK — 2026-06-25T13:27:05.309366+00:00
2026-06-25T06:27:16  INFO      Poll OK — 2026-06-25T13:27:15.774225+00:00
2026-06-25T06:27:26  INFO      Poll OK — 2026-06-25T13:27:26.238843+00:00
2026-06-25T06:27:37  INFO      Poll OK — 2026-06-25T13:27:36.702699+00:00
2026-06-25T06:27:47  INFO      Poll OK — 2026-06-25T13:27:47.166823+00:00
2026-06-25T06:27:58  INFO      Poll OK — 2026-06-25T13:27:57.630713+00:00
2026-06-25T06:28:08  INFO      Poll OK — 2026-06-25T13:28:08.099595+00:00
2026-06-25T06:28:19  INFO      Poll OK — 2026-06-25T13:28:18.564563+00:00
2026-06-25T06:28:29  INFO      Poll OK — 2026-06-25T13:28:29.031976+00:00
2026-06-25T06:28:39  INFO      Poll OK — 2026-06-25T13:28:39.496091+00:00
2026-06-25T06:28:50  INFO      Poll OK — 2026-06-25T13:28:49.960391+00:00
2026-06-25T06:29:00  INFO      Poll OK — 2026-06-25T13:29:00.436932+00:00
2026-06-25T06:29:11  INFO      Poll OK — 2026-06-25T13:29:10.900105+00:00
2026-06-25T06:29:21  INFO      Poll OK — 2026-06-25T13:29:21.366226+00:00
2026-06-25T06:29:32  INFO      Poll OK — 2026-06-25T13:29:31.830426+00:00
2026-06-25T06:29:42  INFO      Poll OK — 2026-06-25T13:29:42.293827+00:00
2026-06-25T06:29:53  INFO      Poll OK — 2026-06-25T13:29:52.758817+00:00
2026-06-25T06:30:03  INFO      Poll OK — 2026-06-25T13:30:03.226485+00:00
2026-06-25T06:30:14  INFO      Poll OK — 2026-06-25T13:30:13.693580+00:00
2026-06-25T06:30:24  INFO      Poll OK — 2026-06-25T13:30:24.169160+00:00
2026-06-25T06:30:35  INFO      Poll OK — 2026-06-25T13:30:34.634073+00:00
2026-06-25T06:30:45  INFO      Poll OK — 2026-06-25T13:30:45.098101+00:00
2026-06-25T06:30:56  INFO      Poll OK — 2026-06-25T13:30:55.572113+00:00
2026-06-25T06:31:06  INFO      Poll OK — 2026-06-25T13:31:06.037705+00:00
2026-06-25T06:31:16  INFO      Poll OK — 2026-06-25T13:31:16.502370+00:00
2026-06-25T06:31:27  INFO      Poll OK — 2026-06-25T13:31:26.967029+00:00
2026-06-25T06:31:37  INFO      Poll OK — 2026-06-25T13:31:37.431543+00:00
2026-06-25T06:31:48  INFO      Poll OK — 2026-06-25T13:31:47.896169+00:00
2026-06-25T06:31:58  INFO      Poll OK — 2026-06-25T13:31:58.363028+00:00
2026-06-25T06:32:09  INFO      Poll OK — 2026-06-25T13:32:08.830231+00:00
2026-06-25T06:32:19  INFO      Poll OK — 2026-06-25T13:32:19.297166+00:00
2026-06-25T06:32:30  INFO      Poll OK — 2026-06-25T13:32:29.760238+00:00
2026-06-25T06:32:40  INFO      Poll OK — 2026-06-25T13:32:40.226322+00:00
2026-06-25T06:32:51  INFO      Poll OK — 2026-06-25T13:32:50.690121+00:00
2026-06-25T06:33:01  INFO      Poll OK — 2026-06-25T13:33:01.154505+00:00
2026-06-25T06:33:12  INFO      Poll OK — 2026-06-25T13:33:11.630672+00:00
2026-06-25T06:33:22  INFO      Poll OK — 2026-06-25T13:33:22.093586+00:00
2026-06-25T06:33:33  INFO      Poll OK — 2026-06-25T13:33:32.559075+00:00
2026-06-25T06:33:43  INFO      Poll OK — 2026-06-25T13:33:43.025159+00:00
2026-06-25T06:33:53  INFO      Poll OK — 2026-06-25T13:33:53.491314+00:00
2026-06-25T06:34:04  INFO      Poll OK — 2026-06-25T13:34:03.958816+00:00
2026-06-25T06:34:14  INFO      Poll OK — 2026-06-25T13:34:14.423083+00:00
2026-06-25T06:34:25  INFO      Poll OK — 2026-06-25T13:34:24.888633+00:00
2026-06-25T06:34:35  INFO      Poll OK — 2026-06-25T13:34:35.352510+00:00
2026-06-25T06:34:46  INFO      Poll OK — 2026-06-25T13:34:45.817979+00:00
2026-06-25T06:34:56  INFO      Poll OK — 2026-06-25T13:34:56.292182+00:00
2026-06-25T06:35:07  INFO      Poll OK — 2026-06-25T13:35:06.756431+00:00
2026-06-25T06:35:17  INFO      Poll OK — 2026-06-25T13:35:17.221700+00:00
2026-06-25T06:35:28  INFO      Poll OK — 2026-06-25T13:35:27.685082+00:00
2026-06-25T06:35:38  INFO      Poll OK — 2026-06-25T13:35:38.153006+00:00
2026-06-25T06:35:49  INFO      Poll OK — 2026-06-25T13:35:48.619122+00:00
2026-06-25T06:35:59  INFO      Poll OK — 2026-06-25T13:35:59.085624+00:00
2026-06-25T06:36:10  INFO      Poll OK — 2026-06-25T13:36:09.551171+00:00
2026-06-25T06:36:20  INFO      Poll OK — 2026-06-25T13:36:20.014710+00:00
2026-06-25T06:36:30  INFO      Poll OK — 2026-06-25T13:36:30.480333+00:00
2026-06-25T06:36:41  INFO      Poll OK — 2026-06-25T13:36:40.943562+00:00
2026-06-25T06:36:51  INFO      Poll OK — 2026-06-25T13:36:51.409951+00:00
2026-06-25T06:37:02  INFO      Poll OK — 2026-06-25T13:37:01.874260+00:00
2026-06-25T06:37:12  INFO      Poll OK — 2026-06-25T13:37:12.348312+00:00
2026-06-25T06:37:23  INFO      Poll OK — 2026-06-25T13:37:22.813426+00:00
2026-06-25T06:37:33  INFO      Poll OK — 2026-06-25T13:37:33.279031+00:00
2026-06-25T06:37:44  INFO      Poll OK — 2026-06-25T13:37:43.748111+00:00
2026-06-25T06:37:54  INFO      Poll OK — 2026-06-25T13:37:54.213612+00:00
2026-06-25T06:38:05  INFO      Poll OK — 2026-06-25T13:38:04.677926+00:00
2026-06-25T06:38:15  INFO      Poll OK — 2026-06-25T13:38:15.143086+00:00
2026-06-25T06:38:26  INFO      Poll OK — 2026-06-25T13:38:25.606948+00:00
2026-06-25T06:38:36  INFO      Poll OK — 2026-06-25T13:38:36.071835+00:00
2026-06-25T06:38:47  INFO      Poll OK — 2026-06-25T13:38:46.535548+00:00
2026-06-25T06:38:57  INFO      Poll OK — 2026-06-25T13:38:57.003456+00:00
2026-06-25T06:39:07  INFO      Poll OK — 2026-06-25T13:39:07.465691+00:00
2026-06-25T06:39:18  INFO      Poll OK — 2026-06-25T13:39:17.931332+00:00
2026-06-25T06:39:28  INFO      Poll OK — 2026-06-25T13:39:28.398520+00:00
2026-06-25T06:39:39  INFO      Poll OK — 2026-06-25T13:39:38.873758+00:00
2026-06-25T06:39:49  INFO      Poll OK — 2026-06-25T13:39:49.341106+00:00
2026-06-25T06:40:00  INFO      Poll OK — 2026-06-25T13:39:59.804358+00:00
2026-06-25T06:40:10  INFO      Poll OK — 2026-06-25T13:40:10.269567+00:00
2026-06-25T06:40:21  INFO      Poll OK — 2026-06-25T13:40:20.744911+00:00
2026-06-25T06:40:31  INFO      Poll OK — 2026-06-25T13:40:31.208923+00:00
2026-06-25T06:40:42  INFO      Poll OK — 2026-06-25T13:40:41.674431+00:00
2026-06-25T06:40:52  INFO      Poll OK — 2026-06-25T13:40:52.137324+00:00
2026-06-25T06:41:03  INFO      Poll OK — 2026-06-25T13:41:02.603367+00:00
2026-06-25T06:41:13  INFO      Poll OK — 2026-06-25T13:41:13.069248+00:00
2026-06-25T06:41:24  INFO      Poll OK — 2026-06-25T13:41:23.536263+00:00
2026-06-25T06:41:34  INFO      Poll OK — 2026-06-25T13:41:34.002334+00:00
2026-06-25T06:41:44  INFO      Poll OK — 2026-06-25T13:41:44.466848+00:00
2026-06-25T06:41:55  INFO      Poll OK — 2026-06-25T13:41:54.932044+00:00
2026-06-25T06:42:05  INFO      Poll OK — 2026-06-25T13:42:05.395498+00:00
2026-06-25T06:42:16  INFO      Poll OK — 2026-06-25T13:42:15.862008+00:00
2026-06-25T06:42:26  INFO      Poll OK — 2026-06-25T13:42:26.326054+00:00
2026-06-25T06:42:37  INFO      Poll OK — 2026-06-25T13:42:36.790339+00:00
2026-06-25T06:42:47  INFO      Poll OK — 2026-06-25T13:42:47.265320+00:00
2026-06-25T06:42:58  INFO      Poll OK — 2026-06-25T13:42:57.727880+00:00
2026-06-25T06:43:08  INFO      Poll OK — 2026-06-25T13:43:08.207895+00:00
2026-06-25T06:43:19  INFO      Poll OK — 2026-06-25T13:43:18.673155+00:00
2026-06-25T06:43:29  INFO      Poll OK — 2026-06-25T13:43:29.140260+00:00
2026-06-25T06:43:40  INFO      Poll OK — 2026-06-25T13:43:39.604714+00:00
2026-06-25T06:43:50  INFO      Poll OK — 2026-06-25T13:43:50.068558+00:00
2026-06-25T06:44:00  INFO      Poll OK — 2026-06-25T13:44:00.536917+00:00
2026-06-25T06:44:11  INFO      Poll OK — 2026-06-25T13:44:10.997002+00:00
2026-06-25T06:44:21  INFO      Poll OK — 2026-06-25T13:44:21.463621+00:00
2026-06-25T06:44:32  INFO      Poll OK — 2026-06-25T13:44:31.928020+00:00
2026-06-25T06:44:42  INFO      Poll OK — 2026-06-25T13:44:42.391911+00:00
2026-06-25T06:44:53  INFO      Poll OK — 2026-06-25T13:44:52.857572+00:00
2026-06-25T06:45:03  INFO      Poll OK — 2026-06-25T13:45:03.323146+00:00
2026-06-25T06:45:14  INFO      Poll OK — 2026-06-25T13:45:13.791850+00:00
2026-06-25T06:45:24  INFO      Poll OK — 2026-06-25T13:45:24.257215+00:00
2026-06-25T06:45:35  INFO      Poll OK — 2026-06-25T13:45:34.722183+00:00
2026-06-25T06:45:45  INFO      Poll OK — 2026-06-25T13:45:45.186553+00:00
2026-06-25T06:45:56  INFO      Poll OK — 2026-06-25T13:45:55.649734+00:00
2026-06-25T06:46:06  INFO      Poll OK — 2026-06-25T13:46:06.126053+00:00
2026-06-25T06:46:17  INFO      Poll OK — 2026-06-25T13:46:16.588917+00:00
2026-06-25T06:46:27  INFO      Poll OK — 2026-06-25T13:46:27.055435+00:00
2026-06-25T06:46:37  INFO      Poll OK — 2026-06-25T13:46:37.529845+00:00
2026-06-25T06:46:48  INFO      Poll OK — 2026-06-25T13:46:47.995821+00:00
2026-06-25T06:46:58  INFO      Poll OK — 2026-06-25T13:46:58.462597+00:00
2026-06-25T06:47:09  INFO      Poll OK — 2026-06-25T13:47:08.928734+00:00
2026-06-25T06:47:19  INFO      Poll OK — 2026-06-25T13:47:19.394618+00:00
2026-06-25T06:47:30  INFO      Poll OK — 2026-06-25T13:47:29.859333+00:00
2026-06-25T06:47:40  INFO      Poll OK — 2026-06-25T13:47:40.334604+00:00
2026-06-25T06:47:51  INFO      Poll OK — 2026-06-25T13:47:50.798712+00:00
2026-06-25T06:48:01  INFO      Poll OK — 2026-06-25T13:48:01.262020+00:00
2026-06-25T06:48:12  INFO      Poll OK — 2026-06-25T13:48:11.727101+00:00
2026-06-25T06:48:22  INFO      Poll OK — 2026-06-25T13:48:22.192238+00:00
2026-06-25T06:48:33  INFO      Poll OK — 2026-06-25T13:48:32.657495+00:00
2026-06-25T06:48:43  INFO      Poll OK — 2026-06-25T13:48:43.123833+00:00
2026-06-25T06:48:54  INFO      Poll OK — 2026-06-25T13:48:53.590037+00:00
2026-06-25T06:49:04  INFO      Poll OK — 2026-06-25T13:49:04.057158+00:00
2026-06-25T06:49:14  INFO      Poll OK — 2026-06-25T13:49:14.521861+00:00
2026-06-25T06:49:25  INFO      Poll OK — 2026-06-25T13:49:24.987887+00:00
2026-06-25T06:49:35  INFO      Poll OK — 2026-06-25T13:49:35.452093+00:00
2026-06-25T06:49:46  INFO      Poll OK — 2026-06-25T13:49:45.917187+00:00
2026-06-25T06:49:56  INFO      Poll OK — 2026-06-25T13:49:56.381688+00:00
2026-06-25T06:50:07  INFO      Poll OK — 2026-06-25T13:50:06.846914+00:00
2026-06-25T06:50:17  INFO      Poll OK — 2026-06-25T13:50:17.311612+00:00
2026-06-25T06:50:28  INFO      Poll OK — 2026-06-25T13:50:27.775823+00:00
2026-06-25T06:50:38  INFO      Poll OK — 2026-06-25T13:50:38.245747+00:00
2026-06-25T06:50:49  INFO      Poll OK — 2026-06-25T13:50:48.711963+00:00
2026-06-25T06:50:59  INFO      Poll OK — 2026-06-25T13:50:59.197161+00:00
2026-06-25T06:51:10  INFO      Poll OK — 2026-06-25T13:51:09.662428+00:00
2026-06-25T06:51:20  INFO      Poll OK — 2026-06-25T13:51:20.126784+00:00
2026-06-25T06:51:31  INFO      Poll OK — 2026-06-25T13:51:30.593801+00:00
2026-06-25T06:51:41  INFO      Poll OK — 2026-06-25T13:51:41.057257+00:00
2026-06-25T06:51:51  INFO      Poll OK — 2026-06-25T13:51:51.523569+00:00
2026-06-25T06:52:02  INFO      Poll OK — 2026-06-25T13:52:01.987763+00:00
2026-06-25T06:52:12  INFO      Poll OK — 2026-06-25T13:52:12.451940+00:00
2026-06-25T06:52:23  INFO      Poll OK — 2026-06-25T13:52:22.919198+00:00
2026-06-25T06:52:33  INFO      Poll OK — 2026-06-25T13:52:33.385702+00:00
2026-06-25T06:52:44  INFO      Poll OK — 2026-06-25T13:52:43.853620+00:00
2026-06-25T06:52:54  INFO      Poll OK — 2026-06-25T13:52:54.319391+00:00
2026-06-25T06:53:05  INFO      Poll OK — 2026-06-25T13:53:04.783888+00:00
2026-06-25T06:53:15  INFO      Poll OK — 2026-06-25T13:53:15.249469+00:00
2026-06-25T06:53:26  INFO      Poll OK — 2026-06-25T13:53:25.712790+00:00
2026-06-25T06:53:36  INFO      Poll OK — 2026-06-25T13:53:36.189715+00:00
2026-06-25T06:53:47  INFO      Poll OK — 2026-06-25T13:53:46.654416+00:00
2026-06-25T06:53:57  INFO      Poll OK — 2026-06-25T13:53:57.119448+00:00
2026-06-25T06:54:08  INFO      Poll OK — 2026-06-25T13:54:07.583935+00:00
2026-06-25T06:54:18  INFO      Poll OK — 2026-06-25T13:54:18.050165+00:00
2026-06-25T06:54:28  INFO      Poll OK — 2026-06-25T13:54:28.519279+00:00
2026-06-25T06:54:39  INFO      Poll OK — 2026-06-25T13:54:38.985179+00:00
2026-06-25T06:54:49  INFO      Poll OK — 2026-06-25T13:54:49.451722+00:00
2026-06-25T06:55:00  INFO      Poll OK — 2026-06-25T13:54:59.914928+00:00
2026-06-25T06:55:10  INFO      Poll OK — 2026-06-25T13:55:10.400259+00:00
2026-06-25T06:55:21  INFO      Poll OK — 2026-06-25T13:55:20.865573+00:00
2026-06-25T06:55:31  INFO      Poll OK — 2026-06-25T13:55:31.330834+00:00
2026-06-25T06:55:42  INFO      Poll OK — 2026-06-25T13:55:41.808190+00:00
2026-06-25T06:55:52  INFO      Poll OK — 2026-06-25T13:55:52.270476+00:00
2026-06-25T06:56:03  INFO      Poll OK — 2026-06-25T13:56:02.736459+00:00
2026-06-25T06:56:13  INFO      Poll OK — 2026-06-25T13:56:13.203931+00:00
2026-06-25T06:56:24  INFO      Poll OK — 2026-06-25T13:56:23.669937+00:00
2026-06-25T06:56:34  INFO      Poll OK — 2026-06-25T13:56:34.137168+00:00
2026-06-25T06:56:45  INFO      Poll OK — 2026-06-25T13:56:44.611526+00:00
2026-06-25T06:56:55  INFO      Poll OK — 2026-06-25T13:56:55.078043+00:00
2026-06-25T06:57:06  INFO      Poll OK — 2026-06-25T13:57:05.541684+00:00
2026-06-25T06:57:16  INFO      Poll OK — 2026-06-25T13:57:16.006883+00:00
2026-06-25T06:57:26  INFO      Poll OK — 2026-06-25T13:57:26.471696+00:00
2026-06-25T06:57:37  INFO      Poll OK — 2026-06-25T13:57:36.936549+00:00
2026-06-25T06:57:47  INFO      Poll OK — 2026-06-25T13:57:47.402974+00:00
2026-06-25T06:57:58  INFO      Poll OK — 2026-06-25T13:57:57.866534+00:00
2026-06-25T06:58:08  INFO      Poll OK — 2026-06-25T13:58:08.335529+00:00
2026-06-25T06:58:19  INFO      Poll OK — 2026-06-25T13:58:18.801550+00:00
2026-06-25T06:58:29  INFO      Poll OK — 2026-06-25T13:58:29.267715+00:00
2026-06-25T06:58:40  INFO      Poll OK — 2026-06-25T13:58:39.734570+00:00
2026-06-25T06:58:50  INFO      Poll OK — 2026-06-25T13:58:50.198877+00:00
2026-06-25T06:59:01  INFO      Poll OK — 2026-06-25T13:59:00.673805+00:00
2026-06-25T06:59:11  INFO      Poll OK — 2026-06-25T13:59:11.138541+00:00
2026-06-25T06:59:22  INFO      Poll OK — 2026-06-25T13:59:21.603297+00:00
2026-06-25T06:59:32  INFO      Poll OK — 2026-06-25T13:59:32.079554+00:00
2026-06-25T06:59:43  INFO      Poll OK — 2026-06-25T13:59:42.543810+00:00
2026-06-25T06:59:53  INFO      Poll OK — 2026-06-25T13:59:53.010898+00:00
2026-06-25T07:00:03  INFO      Poll OK — 2026-06-25T14:00:03.477585+00:00
2026-06-25T07:00:14  INFO      Poll OK — 2026-06-25T14:00:13.945303+00:00
2026-06-25T07:00:24  INFO      Poll OK — 2026-06-25T14:00:24.410006+00:00
2026-06-25T07:00:35  INFO      Poll OK — 2026-06-25T14:00:34.874885+00:00
2026-06-25T07:00:45  INFO      Poll OK — 2026-06-25T14:00:45.340347+00:00
2026-06-25T07:00:56  INFO      Poll OK — 2026-06-25T14:00:55.804759+00:00
2026-06-25T07:01:06  INFO      Poll OK — 2026-06-25T14:01:06.270728+00:00
2026-06-25T07:01:17  INFO      Poll OK — 2026-06-25T14:01:16.734289+00:00
2026-06-25T07:01:27  INFO      Poll OK — 2026-06-25T14:01:27.200454+00:00
2026-06-25T07:01:38  INFO      Poll OK — 2026-06-25T14:01:37.666246+00:00
2026-06-25T07:01:48  INFO      Poll OK — 2026-06-25T14:01:48.131938+00:00
2026-06-25T07:01:59  INFO      Poll OK — 2026-06-25T14:01:58.600265+00:00
2026-06-25T07:02:09  INFO      Poll OK — 2026-06-25T14:02:09.065158+00:00
2026-06-25T07:02:19  INFO      Poll OK — 2026-06-25T14:02:19.532667+00:00
2026-06-25T07:02:30  INFO      Poll OK — 2026-06-25T14:02:29.995929+00:00
2026-06-25T07:02:40  INFO      Poll OK — 2026-06-25T14:02:40.462506+00:00
2026-06-25T07:02:51  INFO      Poll OK — 2026-06-25T14:02:50.927655+00:00
2026-06-25T07:03:01  INFO      Poll OK — 2026-06-25T14:03:01.391853+00:00
2026-06-25T07:03:12  INFO      Poll OK — 2026-06-25T14:03:11.857086+00:00
2026-06-25T07:03:22  INFO      Poll OK — 2026-06-25T14:03:22.321426+00:00
2026-06-25T07:03:33  INFO      Poll OK — 2026-06-25T14:03:32.787516+00:00
2026-06-25T07:03:43  INFO      Poll OK — 2026-06-25T14:03:43.254902+00:00
2026-06-25T07:03:54  INFO      Poll OK — 2026-06-25T14:03:53.722600+00:00
2026-06-25T07:04:04  INFO      Poll OK — 2026-06-25T14:04:04.188216+00:00
2026-06-25T07:04:15  INFO      Poll OK — 2026-06-25T14:04:14.652401+00:00
2026-06-25T07:04:25  INFO      Poll OK — 2026-06-25T14:04:25.118986+00:00
2026-06-25T07:04:36  INFO      Poll OK — 2026-06-25T14:04:35.582911+00:00
2026-06-25T07:04:46  INFO      Poll OK — 2026-06-25T14:04:46.047844+00:00
2026-06-25T07:04:56  INFO      Poll OK — 2026-06-25T14:04:56.513232+00:00
2026-06-25T07:05:07  INFO      Poll OK — 2026-06-25T14:05:06.977936+00:00
2026-06-25T07:05:17  INFO      Poll OK — 2026-06-25T14:05:17.443931+00:00
2026-06-25T07:05:28  INFO      Poll OK — 2026-06-25T14:05:27.908761+00:00
2026-06-25T07:05:38  INFO      Poll OK — 2026-06-25T14:05:38.378518+00:00
2026-06-25T07:05:49  INFO      Poll OK — 2026-06-25T14:05:48.843584+00:00
2026-06-25T07:05:59  INFO      Poll OK — 2026-06-25T14:05:59.310516+00:00
2026-06-25T07:06:10  INFO      Poll OK — 2026-06-25T14:06:09.785519+00:00
2026-06-25T07:06:20  INFO      Poll OK — 2026-06-25T14:06:20.259944+00:00
2026-06-25T07:06:31  INFO      Poll OK — 2026-06-25T14:06:30.736036+00:00
2026-06-25T07:06:41  INFO      Poll OK — 2026-06-25T14:06:41.199438+00:00
2026-06-25T07:06:52  INFO      Poll OK — 2026-06-25T14:06:51.665181+00:00
2026-06-25T07:07:02  INFO      Poll OK — 2026-06-25T14:07:02.130622+00:00
2026-06-25T07:07:13  INFO      Poll OK — 2026-06-25T14:07:12.594739+00:00
2026-06-25T07:07:23  INFO      Poll OK — 2026-06-25T14:07:23.062320+00:00
2026-06-25T07:07:33  INFO      Poll OK — 2026-06-25T14:07:33.528646+00:00
2026-06-25T07:07:44  INFO      Poll OK — 2026-06-25T14:07:43.997588+00:00
2026-06-25T07:07:54  INFO      Poll OK — 2026-06-25T14:07:54.462626+00:00
2026-06-25T07:08:05  INFO      Poll OK — 2026-06-25T14:08:04.926387+00:00
2026-06-25T07:08:15  INFO      Poll OK — 2026-06-25T14:08:15.391297+00:00
2026-06-25T07:08:26  INFO      Poll OK — 2026-06-25T14:08:25.855629+00:00
2026-06-25T07:08:36  INFO      Poll OK — 2026-06-25T14:08:36.322126+00:00
2026-06-25T07:08:47  INFO      Poll OK — 2026-06-25T14:08:46.787212+00:00
2026-06-25T07:08:57  INFO      Poll OK — 2026-06-25T14:08:57.252617+00:00
2026-06-25T07:09:08  INFO      Poll OK — 2026-06-25T14:09:07.716790+00:00
2026-06-25T07:09:18  INFO      Poll OK — 2026-06-25T14:09:18.183952+00:00
2026-06-25T07:09:29  INFO      Poll OK — 2026-06-25T14:09:28.652340+00:00
2026-06-25T07:09:39  INFO      Poll OK — 2026-06-25T14:09:39.117580+00:00
2026-06-25T07:09:50  INFO      Poll OK — 2026-06-25T14:09:49.584539+00:00
2026-06-25T07:10:00  INFO      Poll OK — 2026-06-25T14:10:00.047705+00:00
2026-06-25T07:10:10  INFO      Poll OK — 2026-06-25T14:10:10.512584+00:00
2026-06-25T07:10:21  INFO      Poll OK — 2026-06-25T14:10:20.978717+00:00
2026-06-25T07:10:31  INFO      Poll OK — 2026-06-25T14:10:31.443070+00:00
2026-06-25T07:10:42  INFO      Poll OK — 2026-06-25T14:10:41.908962+00:00
2026-06-25T07:10:52  INFO      Poll OK — 2026-06-25T14:10:52.373737+00:00
2026-06-25T07:11:03  INFO      Poll OK — 2026-06-25T14:11:02.839697+00:00
2026-06-25T07:11:13  INFO      Poll OK — 2026-06-25T14:11:13.306963+00:00
2026-06-25T07:11:24  INFO      Poll OK — 2026-06-25T14:11:23.773074+00:00
2026-06-25T07:11:34  INFO      Poll OK — 2026-06-25T14:11:34.240243+00:00
2026-06-25T07:11:45  INFO      Poll OK — 2026-06-25T14:11:44.704760+00:00
2026-06-25T07:11:55  INFO      Poll OK — 2026-06-25T14:11:55.171210+00:00
2026-06-25T07:12:06  INFO      Poll OK — 2026-06-25T14:12:05.635000+00:00
2026-06-25T07:12:16  INFO      Poll OK — 2026-06-25T14:12:16.110543+00:00
2026-06-25T07:12:27  INFO      Poll OK — 2026-06-25T14:12:26.575810+00:00
2026-06-25T07:12:37  INFO      Poll OK — 2026-06-25T14:12:37.039810+00:00
2026-06-25T07:12:47  INFO      Poll OK — 2026-06-25T14:12:47.506233+00:00
2026-06-25T07:12:58  INFO      Poll OK — 2026-06-25T14:12:57.971863+00:00
2026-06-25T07:13:08  INFO      Poll OK — 2026-06-25T14:13:08.440665+00:00
2026-06-25T07:13:19  INFO      Poll OK — 2026-06-25T14:13:18.906972+00:00
2026-06-25T07:13:29  INFO      Poll OK — 2026-06-25T14:13:29.371180+00:00
2026-06-25T07:13:40  INFO      Poll OK — 2026-06-25T14:13:39.836386+00:00
2026-06-25T07:13:50  INFO      Poll OK — 2026-06-25T14:13:50.301700+00:00
2026-06-25T07:14:01  INFO      Poll OK — 2026-06-25T14:14:00.767934+00:00
2026-06-25T07:14:11  INFO      Poll OK — 2026-06-25T14:14:11.231243+00:00
2026-06-25T07:14:22  INFO      Poll OK — 2026-06-25T14:14:21.697269+00:00
2026-06-25T07:14:32  INFO      Poll OK — 2026-06-25T14:14:32.161940+00:00
2026-06-25T07:14:43  INFO      Poll OK — 2026-06-25T14:14:42.626731+00:00
2026-06-25T07:14:53  INFO      Poll OK — 2026-06-25T14:14:53.105183+00:00
2026-06-25T07:15:04  INFO      Poll OK — 2026-06-25T14:15:03.570506+00:00
2026-06-25T07:15:14  INFO      Poll OK — 2026-06-25T14:15:14.039565+00:00
2026-06-25T07:15:24  INFO      Poll OK — 2026-06-25T14:15:24.512951+00:00
2026-06-25T07:15:35  INFO      Poll OK — 2026-06-25T14:15:34.978103+00:00
2026-06-25T07:15:45  INFO      Poll OK — 2026-06-25T14:15:45.443521+00:00
2026-06-25T07:15:56  INFO      Poll OK — 2026-06-25T14:15:55.908961+00:00
2026-06-25T07:16:06  INFO      Poll OK — 2026-06-25T14:16:06.384955+00:00
2026-06-25T07:16:17  INFO      Poll OK — 2026-06-25T14:16:16.848572+00:00
2026-06-25T07:16:27  INFO      Poll OK — 2026-06-25T14:16:27.314548+00:00
2026-06-25T07:16:38  INFO      Poll OK — 2026-06-25T14:16:37.788786+00:00
2026-06-25T07:16:48  INFO      Poll OK — 2026-06-25T14:16:48.257046+00:00
2026-06-25T07:16:59  INFO      Poll OK — 2026-06-25T14:16:58.725424+00:00
2026-06-25T07:17:09  INFO      Poll OK — 2026-06-25T14:17:09.190874+00:00
2026-06-25T07:17:20  INFO      Poll OK — 2026-06-25T14:17:19.657059+00:00
2026-06-25T07:17:30  INFO      Poll OK — 2026-06-25T14:17:30.120170+00:00
2026-06-25T07:17:41  INFO      Poll OK — 2026-06-25T14:17:40.595028+00:00
2026-06-25T07:17:51  INFO      Poll OK — 2026-06-25T14:17:51.061626+00:00
2026-06-25T07:18:02  INFO      Poll OK — 2026-06-25T14:18:01.536084+00:00
2026-06-25T07:18:12  INFO      Poll OK — 2026-06-25T14:18:12.000796+00:00
2026-06-25T07:18:22  INFO      Poll OK — 2026-06-25T14:18:22.465357+00:00
2026-06-25T07:18:33  INFO      Poll OK — 2026-06-25T14:18:32.933832+00:00
2026-06-25T07:18:43  INFO      Poll OK — 2026-06-25T14:18:43.399826+00:00
2026-06-25T07:18:54  INFO      Poll OK — 2026-06-25T14:18:53.866937+00:00
2026-06-25T07:19:04  INFO      Poll OK — 2026-06-25T14:19:04.343427+00:00
2026-06-25T07:19:15  INFO      Poll OK — 2026-06-25T14:19:14.807058+00:00
2026-06-25T07:19:25  INFO      Poll OK — 2026-06-25T14:19:25.272374+00:00
2026-06-25T07:19:36  INFO      Poll OK — 2026-06-25T14:19:35.736115+00:00
2026-06-25T07:19:46  INFO      Poll OK — 2026-06-25T14:19:46.202394+00:00
2026-06-25T07:19:57  INFO      Poll OK — 2026-06-25T14:19:56.668632+00:00
2026-06-25T07:20:07  INFO      Poll OK — 2026-06-25T14:20:07.132806+00:00
2026-06-25T07:20:18  INFO      Poll OK — 2026-06-25T14:20:17.597876+00:00
2026-06-25T07:20:28  INFO      Poll OK — 2026-06-25T14:20:28.063369+00:00
2026-06-25T07:20:38  INFO      Poll OK — 2026-06-25T14:20:38.532675+00:00
2026-06-25T07:20:49  INFO      Poll OK — 2026-06-25T14:20:48.999273+00:00
2026-06-25T07:20:59  INFO      Poll OK — 2026-06-25T14:20:59.463905+00:00
2026-06-25T07:21:10  INFO      Poll OK — 2026-06-25T14:21:09.929598+00:00
2026-06-25T07:21:20  INFO      Poll OK — 2026-06-25T14:21:20.393705+00:00
2026-06-25T07:21:31  INFO      Poll OK — 2026-06-25T14:21:30.860222+00:00
2026-06-25T07:21:41  INFO      Poll OK — 2026-06-25T14:21:41.322916+00:00
2026-06-25T07:21:52  INFO      Poll OK — 2026-06-25T14:21:51.789553+00:00
2026-06-25T07:22:02  INFO      Poll OK — 2026-06-25T14:22:02.264497+00:00
2026-06-25T07:22:13  INFO      Poll OK — 2026-06-25T14:22:12.730100+00:00
2026-06-25T07:22:23  INFO      Poll OK — 2026-06-25T14:22:23.196786+00:00
2026-06-25T07:22:34  INFO      Poll OK — 2026-06-25T14:22:33.662669+00:00
2026-06-25T07:22:44  INFO      Poll OK — 2026-06-25T14:22:44.131779+00:00
2026-06-25T07:22:55  INFO      Poll OK — 2026-06-25T14:22:54.595613+00:00
2026-06-25T07:23:05  INFO      Poll OK — 2026-06-25T14:23:05.071347+00:00
2026-06-25T07:23:15  INFO      Poll OK — 2026-06-25T14:23:15.536741+00:00
2026-06-25T07:23:26  INFO      Poll OK — 2026-06-25T14:23:25.999737+00:00
2026-06-25T07:23:36  INFO      Poll OK — 2026-06-25T14:23:36.466825+00:00
2026-06-25T07:23:47  INFO      Poll OK — 2026-06-25T14:23:46.930446+00:00
2026-06-25T07:23:57  INFO      Poll OK — 2026-06-25T14:23:57.396225+00:00
2026-06-25T07:24:08  INFO      Poll OK — 2026-06-25T14:24:07.863718+00:00
2026-06-25T07:24:18  INFO      Poll OK — 2026-06-25T14:24:18.328948+00:00
2026-06-25T07:24:29  INFO      Poll OK — 2026-06-25T14:24:28.797182+00:00
2026-06-25T07:24:39  INFO      Poll OK — 2026-06-25T14:24:39.261560+00:00
2026-06-25T07:24:50  INFO      Poll OK — 2026-06-25T14:24:49.727655+00:00
2026-06-25T07:25:00  INFO      Poll OK — 2026-06-25T14:25:00.193052+00:00
2026-06-25T07:25:11  INFO      Poll OK — 2026-06-25T14:25:10.667728+00:00
2026-06-25T07:25:21  INFO      Poll OK — 2026-06-25T14:25:21.133702+00:00
2026-06-25T07:25:32  INFO      Poll OK — 2026-06-25T14:25:31.598159+00:00
2026-06-25T07:25:42  INFO      Poll OK — 2026-06-25T14:25:42.063067+00:00
2026-06-25T07:25:52  INFO      Poll OK — 2026-06-25T14:25:52.527273+00:00
2026-06-25T07:26:03  INFO      Poll OK — 2026-06-25T14:26:02.995963+00:00
2026-06-25T07:26:13  INFO      Poll OK — 2026-06-25T14:26:13.462363+00:00
2026-06-25T07:26:24  INFO      Poll OK — 2026-06-25T14:26:23.929146+00:00
2026-06-25T07:26:34  INFO      Poll OK — 2026-06-25T14:26:34.394557+00:00
2026-06-25T07:26:45  INFO      Poll OK — 2026-06-25T14:26:44.868541+00:00
2026-06-25T07:26:55  INFO      Poll OK — 2026-06-25T14:26:55.334784+00:00
2026-06-25T07:27:06  INFO      Poll OK — 2026-06-25T14:27:05.799056+00:00
2026-06-25T07:27:16  INFO      Poll OK — 2026-06-25T14:27:16.264504+00:00
2026-06-25T07:27:27  INFO      Poll OK — 2026-06-25T14:27:26.729751+00:00
2026-06-25T07:27:37  INFO      Poll OK — 2026-06-25T14:27:37.194007+00:00
2026-06-25T07:27:48  INFO      Poll OK — 2026-06-25T14:27:47.659981+00:00
2026-06-25T07:27:58  INFO      Poll OK — 2026-06-25T14:27:58.125653+00:00
2026-06-25T07:28:09  INFO      Poll OK — 2026-06-25T14:28:08.595247+00:00
2026-06-25T07:28:19  INFO      Poll OK — 2026-06-25T14:28:19.070825+00:00
2026-06-25T07:28:30  INFO      Poll OK — 2026-06-25T14:28:29.536212+00:00
2026-06-25T07:28:40  INFO      Poll OK — 2026-06-25T14:28:40.002616+00:00
2026-06-25T07:28:50  INFO      Poll OK — 2026-06-25T14:28:50.465915+00:00
2026-06-25T07:29:01  INFO      Poll OK — 2026-06-25T14:29:00.931986+00:00
2026-06-25T07:29:11  INFO      Poll OK — 2026-06-25T14:29:11.395998+00:00
2026-06-25T07:29:22  INFO      Poll OK — 2026-06-25T14:29:21.861575+00:00
2026-06-25T07:29:32  INFO      Poll OK — 2026-06-25T14:29:32.326570+00:00
2026-06-25T07:29:43  INFO      Poll OK — 2026-06-25T14:29:42.790974+00:00
2026-06-25T07:29:53  INFO      Poll OK — 2026-06-25T14:29:53.259201+00:00
2026-06-25T07:30:04  INFO      Poll OK — 2026-06-25T14:30:03.726325+00:00
2026-06-25T07:30:14  INFO      Poll OK — 2026-06-25T14:30:14.203514+00:00
2026-06-25T07:30:25  INFO      Poll OK — 2026-06-25T14:30:24.667915+00:00
2026-06-25T07:30:35  INFO      Poll OK — 2026-06-25T14:30:35.133102+00:00
2026-06-25T07:30:46  INFO      Poll OK — 2026-06-25T14:30:45.598372+00:00
2026-06-25T07:30:56  INFO      Poll OK — 2026-06-25T14:30:56.072187+00:00
2026-06-25T07:31:07  INFO      Poll OK — 2026-06-25T14:31:06.539787+00:00
2026-06-25T07:31:17  INFO      Poll OK — 2026-06-25T14:31:17.002900+00:00
2026-06-25T07:31:27  INFO      Poll OK — 2026-06-25T14:31:27.468608+00:00
2026-06-25T07:31:38  INFO      Poll OK — 2026-06-25T14:31:37.935823+00:00
2026-06-25T07:31:48  INFO      Poll OK — 2026-06-25T14:31:48.402147+00:00
2026-06-25T07:31:59  INFO      Poll OK — 2026-06-25T14:31:58.870420+00:00
2026-06-25T07:32:09  INFO      Poll OK — 2026-06-25T14:32:09.335524+00:00
2026-06-25T07:32:20  INFO      Poll OK — 2026-06-25T14:32:19.801830+00:00
2026-06-25T07:32:30  INFO      Poll OK — 2026-06-25T14:32:30.266046+00:00
2026-06-25T07:32:41  INFO      Poll OK — 2026-06-25T14:32:40.731510+00:00
2026-06-25T07:32:51  INFO      Poll OK — 2026-06-25T14:32:51.196624+00:00
2026-06-25T07:33:02  INFO      Poll OK — 2026-06-25T14:33:01.662679+00:00
2026-06-25T07:33:12  INFO      Poll OK — 2026-06-25T14:33:12.137241+00:00
2026-06-25T07:33:23  INFO      Poll OK — 2026-06-25T14:33:22.601214+00:00
2026-06-25T07:33:33  INFO      Poll OK — 2026-06-25T14:33:33.080422+00:00
2026-06-25T07:33:44  INFO      Poll OK — 2026-06-25T14:33:43.545783+00:00
2026-06-25T07:33:54  INFO      Poll OK — 2026-06-25T14:33:54.012779+00:00
2026-06-25T07:34:04  INFO      Poll OK — 2026-06-25T14:34:04.479234+00:00
2026-06-25T07:34:15  INFO      Poll OK — 2026-06-25T14:34:14.943653+00:00
2026-06-25T07:34:25  INFO      Poll OK — 2026-06-25T14:34:25.410194+00:00
2026-06-25T07:34:36  INFO      Poll OK — 2026-06-25T14:34:35.873866+00:00
2026-06-25T07:34:46  INFO      Poll OK — 2026-06-25T14:34:46.339157+00:00
2026-06-25T07:34:57  INFO      Poll OK — 2026-06-25T14:34:56.804480+00:00
2026-06-25T07:35:07  INFO      Poll OK — 2026-06-25T14:35:07.270241+00:00
2026-06-25T07:35:18  INFO      Poll OK — 2026-06-25T14:35:17.735904+00:00
2026-06-25T07:35:28  INFO      Poll OK — 2026-06-25T14:35:28.201856+00:00
2026-06-25T07:35:39  INFO      Poll OK — 2026-06-25T14:35:38.671089+00:00
2026-06-25T07:35:49  INFO      Poll OK — 2026-06-25T14:35:49.137117+00:00
2026-06-25T07:36:00  INFO      Poll OK — 2026-06-25T14:35:59.601154+00:00
2026-06-25T07:36:10  INFO      Poll OK — 2026-06-25T14:36:10.078666+00:00
2026-06-25T07:36:21  INFO      Poll OK — 2026-06-25T14:36:20.542783+00:00
2026-06-25T07:36:31  INFO      Poll OK — 2026-06-25T14:36:31.008744+00:00
2026-06-25T07:36:41  INFO      Poll OK — 2026-06-25T14:36:41.471966+00:00
2026-06-25T07:36:52  INFO      Poll OK — 2026-06-25T14:36:51.938430+00:00
2026-06-25T07:37:02  INFO      Poll OK — 2026-06-25T14:37:02.403867+00:00
2026-06-25T07:37:13  INFO      Poll OK — 2026-06-25T14:37:12.870304+00:00
2026-06-25T07:37:23  INFO      Poll OK — 2026-06-25T14:37:23.348154+00:00
2026-06-25T07:37:34  INFO      Poll OK — 2026-06-25T14:37:33.815007+00:00
2026-06-25T07:37:44  INFO      Poll OK — 2026-06-25T14:37:44.282099+00:00
2026-06-25T07:37:55  INFO      Poll OK — 2026-06-25T14:37:54.756302+00:00
2026-06-25T07:38:05  INFO      Poll OK — 2026-06-25T14:38:05.230572+00:00
2026-06-25T07:38:16  INFO      Poll OK — 2026-06-25T14:38:15.696796+00:00
2026-06-25T07:38:26  INFO      Poll OK — 2026-06-25T14:38:26.162012+00:00
2026-06-25T07:38:37  INFO      Poll OK — 2026-06-25T14:38:36.628248+00:00
2026-06-25T07:38:47  INFO      Poll OK — 2026-06-25T14:38:47.091087+00:00
2026-06-25T07:38:58  INFO      Poll OK — 2026-06-25T14:38:57.557669+00:00
2026-06-25T07:39:08  INFO      Poll OK — 2026-06-25T14:39:08.025052+00:00
2026-06-25T07:39:18  INFO      Poll OK — 2026-06-25T14:39:18.492388+00:00
2026-06-25T07:39:29  INFO      Poll OK — 2026-06-25T14:39:28.960444+00:00
2026-06-25T07:39:39  INFO      Poll OK — 2026-06-25T14:39:39.424639+00:00
2026-06-25T07:39:50  INFO      Poll OK — 2026-06-25T14:39:49.890787+00:00
2026-06-25T07:40:00  INFO      Poll OK — 2026-06-25T14:40:00.355173+00:00
2026-06-25T07:40:11  INFO      Poll OK — 2026-06-25T14:40:10.820039+00:00
2026-06-25T07:40:21  INFO      Poll OK — 2026-06-25T14:40:21.285769+00:00
2026-06-25T07:40:32  INFO      Poll OK — 2026-06-25T14:40:31.750967+00:00
2026-06-25T07:40:42  INFO      Poll OK — 2026-06-25T14:40:42.217201+00:00
2026-06-25T07:40:53  INFO      Poll OK — 2026-06-25T14:40:52.680644+00:00
2026-06-25T07:41:03  INFO      Poll OK — 2026-06-25T14:41:03.149892+00:00
2026-06-25T07:41:14  INFO      Poll OK — 2026-06-25T14:41:13.617027+00:00
2026-06-25T07:41:24  INFO      Poll OK — 2026-06-25T14:41:24.083158+00:00
2026-06-25T07:41:35  INFO      Poll OK — 2026-06-25T14:41:34.549367+00:00
2026-06-25T07:41:45  INFO      Poll OK — 2026-06-25T14:41:45.013953+00:00
2026-06-25T07:41:55  INFO      Poll OK — 2026-06-25T14:41:55.480256+00:00
2026-06-25T07:42:06  INFO      Poll OK — 2026-06-25T14:42:05.944463+00:00
2026-06-25T07:42:16  INFO      Poll OK — 2026-06-25T14:42:16.410632+00:00
2026-06-25T07:42:27  INFO      Poll OK — 2026-06-25T14:42:26.875810+00:00
2026-06-25T07:42:37  INFO      Poll OK — 2026-06-25T14:42:37.339916+00:00
2026-06-25T07:42:48  INFO      Poll OK — 2026-06-25T14:42:47.810370+00:00
2026-06-25T07:42:58  INFO      Poll OK — 2026-06-25T14:42:58.272929+00:00
2026-06-25T07:43:09  INFO      Poll OK — 2026-06-25T14:43:08.741879+00:00
2026-06-25T07:43:19  INFO      Poll OK — 2026-06-25T14:43:19.209002+00:00
2026-06-25T07:43:30  INFO      Poll OK — 2026-06-25T14:43:29.673394+00:00
2026-06-25T07:43:40  INFO      Poll OK — 2026-06-25T14:43:40.139677+00:00
2026-06-25T07:43:51  INFO      Poll OK — 2026-06-25T14:43:50.603735+00:00
2026-06-25T07:44:01  INFO      Poll OK — 2026-06-25T14:44:01.070128+00:00
2026-06-25T07:44:12  INFO      Poll OK — 2026-06-25T14:44:11.534222+00:00
2026-06-25T07:44:22  INFO      Poll OK — 2026-06-25T14:44:22.010739+00:00
2026-06-25T07:44:32  INFO      Poll OK — 2026-06-25T14:44:32.475485+00:00
2026-06-25T07:44:43  INFO      Poll OK — 2026-06-25T14:44:42.943125+00:00
2026-06-25T07:44:53  INFO      Poll OK — 2026-06-25T14:44:53.411491+00:00
2026-06-25T07:45:04  INFO      Poll OK — 2026-06-25T14:45:03.877835+00:00
2026-06-25T07:45:14  INFO      Poll OK — 2026-06-25T14:45:14.344088+00:00
2026-06-25T07:45:25  INFO      Poll OK — 2026-06-25T14:45:24.809044+00:00
2026-06-25T07:45:35  INFO      Poll OK — 2026-06-25T14:45:35.274768+00:00
2026-06-25T07:45:46  INFO      Poll OK — 2026-06-25T14:45:45.738796+00:00
2026-06-25T07:45:56  INFO      Poll OK — 2026-06-25T14:45:56.205040+00:00
2026-06-25T07:46:07  INFO      Poll OK — 2026-06-25T14:46:06.671254+00:00
2026-06-25T07:46:17  INFO      Poll OK — 2026-06-25T14:46:17.135584+00:00
2026-06-25T07:46:28  INFO      Poll OK — 2026-06-25T14:46:27.601816+00:00
2026-06-25T07:46:38  INFO      Poll OK — 2026-06-25T14:46:38.069887+00:00
2026-06-25T07:46:49  INFO      Poll OK — 2026-06-25T14:46:48.547204+00:00
2026-06-25T07:46:59  INFO      Poll OK — 2026-06-25T14:46:59.015509+00:00
2026-06-25T07:47:09  INFO      Poll OK — 2026-06-25T14:47:09.478593+00:00
2026-06-25T07:47:20  INFO      Poll OK — 2026-06-25T14:47:19.946314+00:00
2026-06-25T07:47:30  INFO      Poll OK — 2026-06-25T14:47:30.410273+00:00
2026-06-25T07:47:41  INFO      Poll OK — 2026-06-25T14:47:40.875643+00:00
2026-06-25T07:47:51  INFO      Poll OK — 2026-06-25T14:47:51.341011+00:00
2026-06-25T07:48:02  INFO      Poll OK — 2026-06-25T14:48:01.805225+00:00
2026-06-25T07:48:12  INFO      Poll OK — 2026-06-25T14:48:12.272287+00:00
2026-06-25T07:48:23  INFO      Poll OK — 2026-06-25T14:48:22.736569+00:00
2026-06-25T07:48:33  INFO      Poll OK — 2026-06-25T14:48:33.206202+00:00
2026-06-25T07:48:44  INFO      Poll OK — 2026-06-25T14:48:43.673112+00:00
2026-06-25T07:48:54  INFO      Poll OK — 2026-06-25T14:48:54.138699+00:00
2026-06-25T07:49:05  INFO      Poll OK — 2026-06-25T14:49:04.604674+00:00
2026-06-25T07:49:15  INFO      Poll OK — 2026-06-25T14:49:15.069413+00:00
2026-06-25T07:49:25  INFO      Poll OK — 2026-06-25T14:49:25.535973+00:00
2026-06-25T07:49:36  INFO      Poll OK — 2026-06-25T14:49:35.998461+00:00
2026-06-25T07:49:46  INFO      Poll OK — 2026-06-25T14:49:46.464748+00:00
2026-06-25T07:49:57  INFO      Poll OK — 2026-06-25T14:49:56.930993+00:00
2026-06-25T07:50:07  INFO      Poll OK — 2026-06-25T14:50:07.394821+00:00
2026-06-25T07:50:18  INFO      Poll OK — 2026-06-25T14:50:17.872479+00:00
2026-06-25T07:50:28  INFO      Poll OK — 2026-06-25T14:50:28.338668+00:00
2026-06-25T07:50:39  INFO      Poll OK — 2026-06-25T14:50:38.807795+00:00
2026-06-25T07:50:49  INFO      Poll OK — 2026-06-25T14:50:49.273301+00:00
2026-06-25T07:51:00  INFO      Poll OK — 2026-06-25T14:50:59.747306+00:00
2026-06-25T07:51:10  INFO      Poll OK — 2026-06-25T14:51:10.213642+00:00
2026-06-25T07:51:21  INFO      Poll OK — 2026-06-25T14:51:20.688523+00:00
2026-06-25T07:51:31  INFO      Poll OK — 2026-06-25T14:51:31.155318+00:00
2026-06-25T07:51:42  INFO      Poll OK — 2026-06-25T14:51:41.618556+00:00
2026-06-25T07:51:52  INFO      Poll OK — 2026-06-25T14:51:52.084668+00:00
2026-06-25T07:52:03  INFO      Poll OK — 2026-06-25T14:52:02.550233+00:00
2026-06-25T07:52:13  INFO      Poll OK — 2026-06-25T14:52:13.016272+00:00
2026-06-25T07:52:23  INFO      Poll OK — 2026-06-25T14:52:23.484192+00:00
2026-06-25T07:52:34  INFO      Poll OK — 2026-06-25T14:52:33.950783+00:00
2026-06-25T07:52:44  INFO      Poll OK — 2026-06-25T14:52:44.417031+00:00
2026-06-25T07:52:55  INFO      Poll OK — 2026-06-25T14:52:54.881285+00:00
2026-06-25T07:53:05  INFO      Poll OK — 2026-06-25T14:53:05.346715+00:00
2026-06-25T07:53:16  INFO      Poll OK — 2026-06-25T14:53:15.812751+00:00
2026-06-25T07:53:26  INFO      Poll OK — 2026-06-25T14:53:26.286842+00:00
2026-06-25T07:53:37  INFO      Poll OK — 2026-06-25T14:53:36.754472+00:00
2026-06-25T07:53:47  INFO      Poll OK — 2026-06-25T14:53:47.217781+00:00
2026-06-25T07:53:58  INFO      Poll OK — 2026-06-25T14:53:57.683946+00:00
2026-06-25T07:54:08  INFO      Poll OK — 2026-06-25T14:54:08.150820+00:00
2026-06-25T07:54:19  INFO      Poll OK — 2026-06-25T14:54:18.618416+00:00
2026-06-25T07:54:29  INFO      Poll OK — 2026-06-25T14:54:29.085760+00:00
2026-06-25T07:54:40  INFO      Poll OK — 2026-06-25T14:54:39.550113+00:00
2026-06-25T07:54:50  INFO      Poll OK — 2026-06-25T14:54:50.015792+00:00
2026-06-25T07:55:00  INFO      Poll OK — 2026-06-25T14:55:00.480577+00:00
2026-06-25T07:55:11  INFO      Poll OK — 2026-06-25T14:55:10.955380+00:00
2026-06-25T07:55:21  INFO      Poll OK — 2026-06-25T14:55:21.420576+00:00
2026-06-25T07:55:32  INFO      Poll OK — 2026-06-25T14:55:31.886153+00:00
2026-06-25T07:55:42  INFO      Poll OK — 2026-06-25T14:55:42.352612+00:00
2026-06-25T07:55:53  INFO      Poll OK — 2026-06-25T14:55:52.818584+00:00
2026-06-25T07:56:03  INFO      Poll OK — 2026-06-25T14:56:03.287207+00:00
2026-06-25T07:56:14  INFO      Poll OK — 2026-06-25T14:56:13.752954+00:00
2026-06-25T07:56:24  INFO      Poll OK — 2026-06-25T14:56:24.228444+00:00
2026-06-25T07:56:35  INFO      Poll OK — 2026-06-25T14:56:34.694607+00:00
2026-06-25T07:56:45  INFO      Poll OK — 2026-06-25T14:56:45.158252+00:00
2026-06-25T07:56:56  INFO      Poll OK — 2026-06-25T14:56:55.626351+00:00
2026-06-25T07:57:06  INFO      Poll OK — 2026-06-25T14:57:06.088791+00:00
2026-06-25T07:57:17  INFO      Poll OK — 2026-06-25T14:57:16.564688+00:00
2026-06-25T07:57:27  INFO      Poll OK — 2026-06-25T14:57:27.031150+00:00
2026-06-25T07:57:37  INFO      Poll OK — 2026-06-25T14:57:37.495014+00:00
2026-06-25T07:57:48  INFO      Poll OK — 2026-06-25T14:57:47.963347+00:00
2026-06-25T07:57:58  INFO      Poll OK — 2026-06-25T14:57:58.429253+00:00
2026-06-25T07:58:09  INFO      Poll OK — 2026-06-25T14:58:08.897831+00:00
2026-06-25T07:58:19  INFO      Poll OK — 2026-06-25T14:58:19.362144+00:00
2026-06-25T07:58:30  INFO      Poll OK — 2026-06-25T14:58:29.826960+00:00
2026-06-25T07:58:40  INFO      Poll OK — 2026-06-25T14:58:40.303428+00:00
2026-06-25T07:58:51  INFO      Poll OK — 2026-06-25T14:58:50.768013+00:00
2026-06-25T07:59:01  INFO      Poll OK — 2026-06-25T14:59:01.234901+00:00
2026-06-25T07:59:12  INFO      Poll OK — 2026-06-25T14:59:11.698479+00:00
2026-06-25T07:59:22  INFO      Poll OK — 2026-06-25T14:59:22.163794+00:00
2026-06-25T07:59:33  INFO      Poll OK — 2026-06-25T14:59:32.630135+00:00
2026-06-25T07:59:43  INFO      Poll OK — 2026-06-25T14:59:43.097034+00:00
2026-06-25T07:59:54  INFO      Poll OK — 2026-06-25T14:59:53.565692+00:00
2026-06-25T08:00:04  INFO      Poll OK — 2026-06-25T15:00:04.030579+00:00
2026-06-25T08:00:14  INFO      Poll OK — 2026-06-25T15:00:14.496634+00:00
2026-06-25T08:00:25  INFO      Poll OK — 2026-06-25T15:00:24.961241+00:00
2026-06-25T08:00:35  INFO      Poll OK — 2026-06-25T15:00:35.426681+00:00
2026-06-25T08:00:46  INFO      Poll OK — 2026-06-25T15:00:45.892383+00:00
2026-06-25T08:00:56  INFO      Poll OK — 2026-06-25T15:00:56.357623+00:00
2026-06-25T08:01:07  INFO      Poll OK — 2026-06-25T15:01:06.823420+00:00
2026-06-25T08:01:17  INFO      Poll OK — 2026-06-25T15:01:17.286652+00:00
2026-06-25T08:01:28  INFO      Poll OK — 2026-06-25T15:01:27.754536+00:00
2026-06-25T08:01:38  INFO      Poll OK — 2026-06-25T15:01:38.220982+00:00
2026-06-25T08:01:49  INFO      Poll OK — 2026-06-25T15:01:48.688951+00:00
2026-06-25T08:01:59  INFO      Poll OK — 2026-06-25T15:01:59.155435+00:00
2026-06-25T08:02:10  INFO      Poll OK — 2026-06-25T15:02:09.619117+00:00
2026-06-25T08:02:20  INFO      Poll OK — 2026-06-25T15:02:20.085063+00:00
2026-06-25T08:02:31  INFO      Poll OK — 2026-06-25T15:02:30.549740+00:00
2026-06-25T08:02:41  INFO      Poll OK — 2026-06-25T15:02:41.015388+00:00
2026-06-25T08:02:51  INFO      Poll OK — 2026-06-25T15:02:51.481046+00:00
2026-06-25T08:03:02  INFO      Poll OK — 2026-06-25T15:03:01.945089+00:00
2026-06-25T08:03:12  INFO      Poll OK — 2026-06-25T15:03:12.411485+00:00
2026-06-25T08:03:23  INFO      Poll OK — 2026-06-25T15:03:22.877663+00:00
2026-06-25T08:03:33  INFO      Poll OK — 2026-06-25T15:03:33.354726+00:00
2026-06-25T08:03:44  INFO      Poll OK — 2026-06-25T15:03:43.823565+00:00
2026-06-25T08:03:54  INFO      Poll OK — 2026-06-25T15:03:54.287558+00:00
2026-06-25T08:04:05  INFO      Poll OK — 2026-06-25T15:04:04.753690+00:00
2026-06-25T08:04:15  INFO      Poll OK — 2026-06-25T15:04:15.228086+00:00
2026-06-25T08:04:26  INFO      Poll OK — 2026-06-25T15:04:25.693171+00:00
2026-06-25T08:04:36  INFO      Poll OK — 2026-06-25T15:04:36.159857+00:00
2026-06-25T08:04:47  INFO      Poll OK — 2026-06-25T15:04:46.634194+00:00
2026-06-25T08:04:57  INFO      Poll OK — 2026-06-25T15:04:57.099907+00:00
2026-06-25T08:05:08  INFO      Poll OK — 2026-06-25T15:05:07.564327+00:00
2026-06-25T08:05:18  INFO      Poll OK — 2026-06-25T15:05:18.033074+00:00
2026-06-25T08:05:28  INFO      Poll OK — 2026-06-25T15:05:28.498804+00:00
2026-06-25T08:05:39  INFO      Poll OK — 2026-06-25T15:05:38.966869+00:00
2026-06-25T08:05:49  INFO      Poll OK — 2026-06-25T15:05:49.432448+00:00
2026-06-25T08:06:00  INFO      Poll OK — 2026-06-25T15:05:59.896679+00:00
2026-06-25T08:06:10  INFO      Poll OK — 2026-06-25T15:06:10.362868+00:00
2026-06-25T08:06:21  INFO      Poll OK — 2026-06-25T15:06:20.827365+00:00
2026-06-25T08:06:31  INFO      Poll OK — 2026-06-25T15:06:31.293213+00:00
2026-06-25T08:06:42  INFO      Poll OK — 2026-06-25T15:06:41.757547+00:00
2026-06-25T08:06:52  INFO      Poll OK — 2026-06-25T15:06:52.222475+00:00
2026-06-25T08:07:03  INFO      Poll OK — 2026-06-25T15:07:02.687745+00:00
2026-06-25T08:07:13  INFO      Poll OK — 2026-06-25T15:07:13.155512+00:00
2026-06-25T08:07:24  INFO      Poll OK — 2026-06-25T15:07:23.623699+00:00
2026-06-25T08:07:34  INFO      Poll OK — 2026-06-25T15:07:34.089551+00:00
2026-06-25T08:07:45  INFO      Poll OK — 2026-06-25T15:07:44.556120+00:00
2026-06-25T08:07:55  INFO      Poll OK — 2026-06-25T15:07:55.020371+00:00
2026-06-25T08:08:05  INFO      Poll OK — 2026-06-25T15:08:05.485711+00:00
2026-06-25T08:08:16  INFO      Poll OK — 2026-06-25T15:08:15.950544+00:00
2026-06-25T08:08:26  INFO      Poll OK — 2026-06-25T15:08:26.414952+00:00
2026-06-25T08:08:37  INFO      Poll OK — 2026-06-25T15:08:36.881182+00:00
2026-06-25T08:08:47  INFO      Poll OK — 2026-06-25T15:08:47.346548+00:00
2026-06-25T08:08:58  INFO      Poll OK — 2026-06-25T15:08:57.813062+00:00
2026-06-25T08:09:08  INFO      Poll OK — 2026-06-25T15:09:08.281270+00:00
2026-06-25T08:09:19  INFO      Poll OK — 2026-06-25T15:09:18.747297+00:00
2026-06-25T08:09:29  INFO      Poll OK — 2026-06-25T15:09:29.213826+00:00
2026-06-25T08:09:40  INFO      Poll OK — 2026-06-25T15:09:39.679129+00:00
2026-06-25T08:09:50  INFO      Poll OK — 2026-06-25T15:09:50.144923+00:00
2026-06-25T08:10:01  INFO      Poll OK — 2026-06-25T15:10:00.609624+00:00
2026-06-25T08:10:11  INFO      Poll OK — 2026-06-25T15:10:11.073353+00:00
2026-06-25T08:10:22  INFO      Poll OK — 2026-06-25T15:10:21.539945+00:00
2026-06-25T08:10:32  INFO      Poll OK — 2026-06-25T15:10:32.014210+00:00
2026-06-25T08:10:42  INFO      Poll OK — 2026-06-25T15:10:42.481214+00:00
2026-06-25T08:10:53  INFO      Poll OK — 2026-06-25T15:10:52.946455+00:00
2026-06-25T08:11:03  INFO      Poll OK — 2026-06-25T15:11:03.414673+00:00
2026-06-25T08:11:14  INFO      Poll OK — 2026-06-25T15:11:13.882300+00:00
2026-06-25T08:11:24  INFO      Poll OK — 2026-06-25T15:11:24.346427+00:00
2026-06-25T08:11:35  INFO      Poll OK — 2026-06-25T15:11:34.812628+00:00
2026-06-25T08:11:45  INFO      Poll OK — 2026-06-25T15:11:45.277030+00:00
2026-06-25T08:11:56  INFO      Poll OK — 2026-06-25T15:11:55.742176+00:00
2026-06-25T08:12:06  INFO      Poll OK — 2026-06-25T15:12:06.217700+00:00
2026-06-25T08:12:17  INFO      Poll OK — 2026-06-25T15:12:16.682635+00:00
2026-06-25T08:12:27  INFO      Poll OK — 2026-06-25T15:12:27.147588+00:00
2026-06-25T08:12:38  INFO      Poll OK — 2026-06-25T15:12:37.613148+00:00
2026-06-25T08:12:48  INFO      Poll OK — 2026-06-25T15:12:48.082346+00:00
2026-06-25T08:12:59  INFO      Poll OK — 2026-06-25T15:12:58.547948+00:00
2026-06-25T08:13:09  INFO      Poll OK — 2026-06-25T15:13:09.016421+00:00
2026-06-25T08:13:19  INFO      Poll OK — 2026-06-25T15:13:19.479978+00:00
2026-06-25T08:13:30  INFO      Poll OK — 2026-06-25T15:13:29.945299+00:00
2026-06-25T08:13:40  INFO      Poll OK — 2026-06-25T15:13:40.410758+00:00
2026-06-25T08:13:51  INFO      Poll OK — 2026-06-25T15:13:50.876059+00:00
2026-06-25T08:14:01  INFO      Poll OK — 2026-06-25T15:14:01.343383+00:00
2026-06-25T08:14:12  INFO      Poll OK — 2026-06-25T15:14:11.826539+00:00
2026-06-25T08:14:22  INFO      Poll OK — 2026-06-25T15:14:22.292926+00:00
2026-06-25T08:14:33  INFO      Poll OK — 2026-06-25T15:14:32.760080+00:00
2026-06-25T08:14:43  INFO      Poll OK — 2026-06-25T15:14:43.226397+00:00
2026-06-25T08:14:54  INFO      Poll OK — 2026-06-25T15:14:53.694689+00:00
2026-06-25T08:15:04  INFO      Poll OK — 2026-06-25T15:15:04.159862+00:00
2026-06-25T08:15:15  INFO      Poll OK — 2026-06-25T15:15:14.626136+00:00
2026-06-25T08:15:25  INFO      Poll OK — 2026-06-25T15:15:25.090193+00:00
2026-06-25T08:15:36  INFO      Poll OK — 2026-06-25T15:15:35.555680+00:00
2026-06-25T08:15:46  INFO      Poll OK — 2026-06-25T15:15:46.021230+00:00
2026-06-25T08:15:56  INFO      Poll OK — 2026-06-25T15:15:56.486625+00:00
2026-06-25T08:16:07  INFO      Poll OK — 2026-06-25T15:16:06.953257+00:00
2026-06-25T08:16:17  INFO      Poll OK — 2026-06-25T15:16:17.416683+00:00
2026-06-25T08:16:28  INFO      Poll OK — 2026-06-25T15:16:27.885094+00:00
2026-06-25T08:16:38  INFO      Poll OK — 2026-06-25T15:16:38.352225+00:00
2026-06-25T08:16:49  INFO      Poll OK — 2026-06-25T15:16:48.819072+00:00
2026-06-25T08:16:59  INFO      Poll OK — 2026-06-25T15:16:59.285554+00:00
2026-06-25T08:17:10  INFO      Poll OK — 2026-06-25T15:17:09.750071+00:00
2026-06-25T08:17:20  INFO      Poll OK — 2026-06-25T15:17:20.216246+00:00
2026-06-25T08:17:31  INFO      Poll OK — 2026-06-25T15:17:30.680470+00:00
2026-06-25T08:17:41  INFO      Poll OK — 2026-06-25T15:17:41.145802+00:00
2026-06-25T08:17:52  INFO      Poll OK — 2026-06-25T15:17:51.611704+00:00
2026-06-25T08:18:02  INFO      Poll OK — 2026-06-25T15:18:02.076117+00:00
2026-06-25T08:18:13  INFO      Poll OK — 2026-06-25T15:18:12.542131+00:00
2026-06-25T08:18:23  INFO      Poll OK — 2026-06-25T15:18:23.009499+00:00
2026-06-25T08:18:33  INFO      Poll OK — 2026-06-25T15:18:33.477810+00:00
2026-06-25T08:18:44  INFO      Poll OK — 2026-06-25T15:18:43.944309+00:00
2026-06-25T08:18:54  INFO      Poll OK — 2026-06-25T15:18:54.419581+00:00
2026-06-25T08:19:05  INFO      Poll OK — 2026-06-25T15:19:04.885915+00:00
2026-06-25T08:19:15  INFO      Poll OK — 2026-06-25T15:19:15.349851+00:00
2026-06-25T08:19:26  INFO      Poll OK — 2026-06-25T15:19:25.816105+00:00
2026-06-25T08:19:36  INFO      Poll OK — 2026-06-25T15:19:36.280432+00:00
2026-06-25T08:19:47  INFO      Poll OK — 2026-06-25T15:19:46.745765+00:00
2026-06-25T08:19:57  INFO      Poll OK — 2026-06-25T15:19:57.211901+00:00
2026-06-25T08:20:08  INFO      Poll OK — 2026-06-25T15:20:07.686332+00:00
2026-06-25T08:20:18  INFO      Poll OK — 2026-06-25T15:20:18.155506+00:00
2026-06-25T08:20:29  INFO      Poll OK — 2026-06-25T15:20:28.621585+00:00
2026-06-25T08:20:39  INFO      Poll OK — 2026-06-25T15:20:39.089054+00:00
2026-06-25T08:20:50  INFO      Poll OK — 2026-06-25T15:20:49.554006+00:00
2026-06-25T08:21:00  INFO      Poll OK — 2026-06-25T15:21:00.020327+00:00
2026-06-25T08:21:10  INFO      Poll OK — 2026-06-25T15:21:10.486405+00:00
2026-06-25T08:21:21  INFO      Poll OK — 2026-06-25T15:21:20.951040+00:00
2026-06-25T08:21:31  INFO      Poll OK — 2026-06-25T15:21:31.418271+00:00
2026-06-25T08:21:42  INFO      Poll OK — 2026-06-25T15:21:41.881705+00:00
2026-06-25T08:21:52  INFO      Poll OK — 2026-06-25T15:21:52.348727+00:00
2026-06-25T08:22:03  INFO      Poll OK — 2026-06-25T15:22:02.815917+00:00
2026-06-25T08:22:13  INFO      Poll OK — 2026-06-25T15:22:13.283405+00:00
2026-06-25T08:22:24  INFO      Poll OK — 2026-06-25T15:22:23.751675+00:00
2026-06-25T08:22:34  INFO      Poll OK — 2026-06-25T15:22:34.215897+00:00
2026-06-25T08:22:45  INFO      Poll OK — 2026-06-25T15:22:44.693156+00:00
2026-06-25T08:22:55  INFO      Poll OK — 2026-06-25T15:22:55.158027+00:00
2026-06-25T08:23:06  INFO      Poll OK — 2026-06-25T15:23:05.623611+00:00
2026-06-25T08:23:16  INFO      Poll OK — 2026-06-25T15:23:16.089532+00:00
2026-06-25T08:23:27  INFO      Poll OK — 2026-06-25T15:23:26.553954+00:00
2026-06-25T08:23:37  INFO      Poll OK — 2026-06-25T15:23:37.021074+00:00
2026-06-25T08:23:47  INFO      Poll OK — 2026-06-25T15:23:47.486246+00:00
2026-06-25T08:23:58  INFO      Poll OK — 2026-06-25T15:23:57.954994+00:00
2026-06-25T08:24:08  INFO      Poll OK — 2026-06-25T15:24:08.422288+00:00
2026-06-25T08:24:19  INFO      Poll OK — 2026-06-25T15:24:18.888439+00:00
2026-06-25T08:24:29  INFO      Poll OK — 2026-06-25T15:24:29.355597+00:00
2026-06-25T08:24:40  INFO      Poll OK — 2026-06-25T15:24:39.819873+00:00
2026-06-25T08:24:50  INFO      Poll OK — 2026-06-25T15:24:50.286263+00:00
2026-06-25T08:25:01  INFO      Poll OK — 2026-06-25T15:25:00.751722+00:00
2026-06-25T08:25:11  INFO      Poll OK — 2026-06-25T15:25:11.216412+00:00
2026-06-25T08:25:22  INFO      Poll OK — 2026-06-25T15:25:21.684781+00:00
2026-06-25T08:25:32  INFO      Poll OK — 2026-06-25T15:25:32.148479+00:00
2026-06-25T08:25:43  INFO      Poll OK — 2026-06-25T15:25:42.615488+00:00
2026-06-25T08:25:53  INFO      Poll OK — 2026-06-25T15:25:53.081595+00:00
2026-06-25T08:26:04  INFO      Poll OK — 2026-06-25T15:26:03.550976+00:00
2026-06-25T08:26:14  INFO      Poll OK — 2026-06-25T15:26:14.017142+00:00
2026-06-25T08:26:24  INFO      Poll OK — 2026-06-25T15:26:24.482547+00:00
2026-06-25T08:26:35  INFO      Poll OK — 2026-06-25T15:26:34.948747+00:00
2026-06-25T08:26:45  INFO      Poll OK — 2026-06-25T15:26:45.412702+00:00
2026-06-25T08:26:56  INFO      Poll OK — 2026-06-25T15:26:55.880213+00:00
2026-06-25T08:27:06  INFO      Poll OK — 2026-06-25T15:27:06.345283+00:00
2026-06-25T08:27:17  INFO      Poll OK — 2026-06-25T15:27:16.810507+00:00
2026-06-25T08:27:27  INFO      Poll OK — 2026-06-25T15:27:27.276793+00:00
2026-06-25T08:27:38  INFO      Poll OK — 2026-06-25T15:27:37.743066+00:00
2026-06-25T08:27:48  INFO      Poll OK — 2026-06-25T15:27:48.212256+00:00
2026-06-25T08:27:59  INFO      Poll OK — 2026-06-25T15:27:58.676798+00:00
2026-06-25T08:28:09  INFO      Poll OK — 2026-06-25T15:28:09.146199+00:00
2026-06-25T08:28:20  INFO      Poll OK — 2026-06-25T15:28:19.610814+00:00
2026-06-25T08:28:30  INFO      Poll OK — 2026-06-25T15:28:30.075522+00:00
2026-06-25T08:28:41  INFO      Poll OK — 2026-06-25T15:28:40.542859+00:00
2026-06-25T08:28:51  INFO      Poll OK — 2026-06-25T15:28:51.006573+00:00
2026-06-25T08:29:01  INFO      Poll OK — 2026-06-25T15:29:01.474395+00:00
2026-06-25T08:29:12  INFO      Poll OK — 2026-06-25T15:29:11.938614+00:00
2026-06-25T08:29:22  INFO      Poll OK — 2026-06-25T15:29:22.404947+00:00
2026-06-25T08:29:33  INFO      Poll OK — 2026-06-25T15:29:32.872022+00:00
2026-06-25T08:29:43  INFO      Poll OK — 2026-06-25T15:29:43.339283+00:00
2026-06-25T08:29:54  INFO      Poll OK — 2026-06-25T15:29:53.807106+00:00
2026-06-25T08:30:04  INFO      Poll OK — 2026-06-25T15:30:04.272925+00:00
2026-06-25T08:30:15  INFO      Poll OK — 2026-06-25T15:30:14.739878+00:00
2026-06-25T08:30:25  INFO      Poll OK — 2026-06-25T15:30:25.204415+00:00
2026-06-25T08:30:36  INFO      Poll OK — 2026-06-25T15:30:35.669609+00:00
2026-06-25T08:30:46  INFO      Poll OK — 2026-06-25T15:30:46.145759+00:00
2026-06-25T08:30:57  INFO      Poll OK — 2026-06-25T15:30:56.610836+00:00
2026-06-25T08:31:07  INFO      Poll OK — 2026-06-25T15:31:07.078474+00:00
2026-06-25T08:31:18  INFO      Poll OK — 2026-06-25T15:31:17.542463+00:00
2026-06-25T08:31:28  INFO      Poll OK — 2026-06-25T15:31:28.010839+00:00
2026-06-25T08:31:38  INFO      Poll OK — 2026-06-25T15:31:38.478942+00:00
2026-06-25T08:31:49  INFO      Poll OK — 2026-06-25T15:31:48.955058+00:00
2026-06-25T08:31:59  INFO      Poll OK — 2026-06-25T15:31:59.421510+00:00
2026-06-25T08:32:10  INFO      Poll OK — 2026-06-25T15:32:09.886523+00:00
2026-06-25T08:32:20  INFO      Poll OK — 2026-06-25T15:32:20.353902+00:00
2026-06-25T08:32:31  INFO      Poll OK — 2026-06-25T15:32:30.818199+00:00
2026-06-25T08:32:41  INFO      Poll OK — 2026-06-25T15:32:41.283580+00:00
2026-06-25T08:32:52  INFO      Poll OK — 2026-06-25T15:32:51.749902+00:00
2026-06-25T08:33:02  INFO      Poll OK — 2026-06-25T15:33:02.214959+00:00
2026-06-25T08:33:13  INFO      Poll OK — 2026-06-25T15:33:12.683397+00:00
2026-06-25T08:33:23  INFO      Poll OK — 2026-06-25T15:33:23.148627+00:00
2026-06-25T08:33:34  INFO      Poll OK — 2026-06-25T15:33:33.617843+00:00
2026-06-25T08:33:44  INFO      Poll OK — 2026-06-25T15:33:44.084290+00:00
2026-06-25T08:33:55  INFO      Poll OK — 2026-06-25T15:33:54.549256+00:00
2026-06-25T08:34:05  INFO      Poll OK — 2026-06-25T15:34:05.016604+00:00
2026-06-25T08:34:15  INFO      Poll OK — 2026-06-25T15:34:15.480909+00:00
2026-06-25T08:34:26  INFO      Poll OK — 2026-06-25T15:34:25.947161+00:00
2026-06-25T08:34:36  INFO      Poll OK — 2026-06-25T15:34:36.411493+00:00
2026-06-25T08:34:47  INFO      Poll OK — 2026-06-25T15:34:46.876785+00:00
2026-06-25T08:34:57  INFO      Poll OK — 2026-06-25T15:34:57.341773+00:00
2026-06-25T08:35:08  INFO      Poll OK — 2026-06-25T15:35:07.809175+00:00
2026-06-25T08:35:18  INFO      Poll OK — 2026-06-25T15:35:18.277656+00:00
2026-06-25T08:35:29  INFO      Poll OK — 2026-06-25T15:35:28.753161+00:00
2026-06-25T08:35:39  INFO      Poll OK — 2026-06-25T15:35:39.219841+00:00
2026-06-25T08:35:50  INFO      Poll OK — 2026-06-25T15:35:49.685250+00:00
2026-06-25T08:36:00  INFO      Poll OK — 2026-06-25T15:36:00.149171+00:00
2026-06-25T08:36:11  INFO      Poll OK — 2026-06-25T15:36:10.625959+00:00
2026-06-25T08:36:21  INFO      Poll OK — 2026-06-25T15:36:21.091293+00:00
2026-06-25T08:36:32  INFO      Poll OK — 2026-06-25T15:36:31.557194+00:00
2026-06-25T08:36:42  INFO      Poll OK — 2026-06-25T15:36:42.021679+00:00
2026-06-25T08:36:52  INFO      Poll OK — 2026-06-25T15:36:52.487982+00:00
2026-06-25T08:37:03  INFO      Poll OK — 2026-06-25T15:37:02.955035+00:00
2026-06-25T08:37:13  INFO      Poll OK — 2026-06-25T15:37:13.423316+00:00
2026-06-25T08:37:24  INFO      Poll OK — 2026-06-25T15:37:23.891048+00:00
2026-06-25T08:37:34  INFO      Poll OK — 2026-06-25T15:37:34.354831+00:00
2026-06-25T08:37:45  INFO      Poll OK — 2026-06-25T15:37:44.820939+00:00
2026-06-25T08:37:55  INFO      Poll OK — 2026-06-25T15:37:55.286517+00:00
2026-06-25T08:38:06  INFO      Poll OK — 2026-06-25T15:38:05.759562+00:00
2026-06-25T08:38:16  INFO      Poll OK — 2026-06-25T15:38:16.226926+00:00
2026-06-25T08:38:27  INFO      Poll OK — 2026-06-25T15:38:26.690990+00:00
2026-06-25T08:38:37  INFO      Poll OK — 2026-06-25T15:38:37.158241+00:00
2026-06-25T08:38:48  INFO      Poll OK — 2026-06-25T15:38:47.622593+00:00
2026-06-25T08:38:58  INFO      Poll OK — 2026-06-25T15:38:58.100706+00:00
2026-06-25T08:39:09  INFO      Poll OK — 2026-06-25T15:39:08.567833+00:00
2026-06-25T08:39:19  INFO      Poll OK — 2026-06-25T15:39:19.034332+00:00
2026-06-25T08:39:29  INFO      Poll OK — 2026-06-25T15:39:29.502680+00:00
2026-06-25T08:39:40  INFO      Poll OK — 2026-06-25T15:39:39.965061+00:00
2026-06-25T08:39:50  INFO      Poll OK — 2026-06-25T15:39:50.431155+00:00
2026-06-25T08:40:01  INFO      Poll OK — 2026-06-25T15:40:00.895419+00:00
2026-06-25T08:40:11  INFO      Poll OK — 2026-06-25T15:40:11.361629+00:00
2026-06-25T08:40:22  INFO      Poll OK — 2026-06-25T15:40:21.826804+00:00
2026-06-25T08:40:32  INFO      Poll OK — 2026-06-25T15:40:32.291036+00:00
2026-06-25T08:40:43  INFO      Poll OK — 2026-06-25T15:40:42.759873+00:00
2026-06-25T08:40:53  INFO      Poll OK — 2026-06-25T15:40:53.225797+00:00
2026-06-25T08:41:04  INFO      Poll OK — 2026-06-25T15:41:03.693892+00:00
2026-06-25T08:41:14  INFO      Poll OK — 2026-06-25T15:41:14.160197+00:00
2026-06-25T08:41:25  INFO      Poll OK — 2026-06-25T15:41:24.624556+00:00
2026-06-25T08:41:35  INFO      Poll OK — 2026-06-25T15:41:35.090500+00:00
2026-06-25T08:41:46  INFO      Poll OK — 2026-06-25T15:41:45.559003+00:00
2026-06-25T08:41:56  INFO      Poll OK — 2026-06-25T15:41:56.038263+00:00
2026-06-25T08:42:06  INFO      Poll OK — 2026-06-25T15:42:06.503222+00:00
2026-06-25T08:42:17  INFO      Poll OK — 2026-06-25T15:42:16.968745+00:00
2026-06-25T08:42:27  INFO      Poll OK — 2026-06-25T15:42:27.434936+00:00
2026-06-25T08:42:38  INFO      Poll OK — 2026-06-25T15:42:37.899529+00:00
2026-06-25T08:42:48  INFO      Poll OK — 2026-06-25T15:42:48.365366+00:00
2026-06-25T08:42:59  INFO      Poll OK — 2026-06-25T15:42:58.829746+00:00
2026-06-25T08:43:09  INFO      Poll OK — 2026-06-25T15:43:09.295518+00:00
2026-06-25T08:43:20  INFO      Poll OK — 2026-06-25T15:43:19.762296+00:00
2026-06-25T08:43:30  INFO      Poll OK — 2026-06-25T15:43:30.229249+00:00
2026-06-25T08:43:41  INFO      Poll OK — 2026-06-25T15:43:40.697865+00:00
2026-06-25T08:43:51  INFO      Poll OK — 2026-06-25T15:43:51.172730+00:00
2026-06-25T08:44:02  INFO      Poll OK — 2026-06-25T15:44:01.639049+00:00
2026-06-25T08:44:12  INFO      Poll OK — 2026-06-25T15:44:12.103531+00:00
2026-06-25T08:44:23  INFO      Poll OK — 2026-06-25T15:44:22.568350+00:00
2026-06-25T08:44:33  INFO      Poll OK — 2026-06-25T15:44:33.034644+00:00
2026-06-25T08:44:43  INFO      Poll OK — 2026-06-25T15:44:43.500556+00:00
2026-06-25T08:44:54  INFO      Poll OK — 2026-06-25T15:44:53.965101+00:00
2026-06-25T08:45:04  INFO      Poll OK — 2026-06-25T15:45:04.439257+00:00
2026-06-25T08:45:15  INFO      Poll OK — 2026-06-25T15:45:14.907271+00:00
2026-06-25T08:45:25  INFO      Poll OK — 2026-06-25T15:45:25.373541+00:00
2026-06-25T08:45:36  INFO      Poll OK — 2026-06-25T15:45:35.841237+00:00
2026-06-25T08:45:46  INFO      Poll OK — 2026-06-25T15:45:46.307154+00:00
2026-06-25T08:45:57  INFO      Poll OK — 2026-06-25T15:45:56.772372+00:00
2026-06-25T08:46:07  INFO      Poll OK — 2026-06-25T15:46:07.238453+00:00
2026-06-25T08:46:18  INFO      Poll OK — 2026-06-25T15:46:17.702678+00:00
2026-06-25T08:46:28  INFO      Poll OK — 2026-06-25T15:46:28.168932+00:00
2026-06-25T08:46:39  INFO      Poll OK — 2026-06-25T15:46:38.634371+00:00
2026-06-25T08:46:49  INFO      Poll OK — 2026-06-25T15:46:49.108316+00:00
2026-06-25T08:47:00  INFO      Poll OK — 2026-06-25T15:46:59.574754+00:00
2026-06-25T08:47:10  INFO      Poll OK — 2026-06-25T15:47:10.051936+00:00
2026-06-25T08:47:20  INFO      Poll OK — 2026-06-25T15:47:20.520104+00:00
2026-06-25T08:47:31  INFO      Poll OK — 2026-06-25T15:47:30.987450+00:00
2026-06-25T08:47:41  INFO      Poll OK — 2026-06-25T15:47:41.451552+00:00
2026-06-25T08:47:52  INFO      Poll OK — 2026-06-25T15:47:51.917886+00:00
2026-06-25T08:48:02  INFO      Poll OK — 2026-06-25T15:48:02.382540+00:00
2026-06-25T08:48:13  INFO      Poll OK — 2026-06-25T15:48:12.848232+00:00
2026-06-25T08:48:23  INFO      Poll OK — 2026-06-25T15:48:23.322328+00:00
2026-06-25T08:48:34  INFO      Poll OK — 2026-06-25T15:48:33.788624+00:00
2026-06-25T08:48:44  INFO      Poll OK — 2026-06-25T15:48:44.254123+00:00
2026-06-25T08:48:55  INFO      Poll OK — 2026-06-25T15:48:54.720155+00:00
2026-06-25T08:49:05  INFO      Poll OK — 2026-06-25T15:49:05.198563+00:00
2026-06-25T08:49:16  INFO      Poll OK — 2026-06-25T15:49:15.664811+00:00
2026-06-25T08:49:26  INFO      Poll OK — 2026-06-25T15:49:26.131549+00:00
2026-06-25T08:49:37  INFO      Poll OK — 2026-06-25T15:49:36.596613+00:00
2026-06-25T08:49:47  INFO      Poll OK — 2026-06-25T15:49:47.061200+00:00
2026-06-25T08:49:57  INFO      Poll OK — 2026-06-25T15:49:57.527276+00:00
2026-06-25T08:50:08  INFO      Poll OK — 2026-06-25T15:50:07.991650+00:00
2026-06-25T08:50:18  INFO      Poll OK — 2026-06-25T15:50:18.457799+00:00
2026-06-25T08:50:29  INFO      Poll OK — 2026-06-25T15:50:28.921220+00:00
2026-06-25T08:50:39  INFO      Poll OK — 2026-06-25T15:50:39.387270+00:00
2026-06-25T08:50:50  INFO      Poll OK — 2026-06-25T15:50:49.854774+00:00
2026-06-25T08:51:00  INFO      Poll OK — 2026-06-25T15:51:00.320811+00:00
2026-06-25T08:51:11  INFO      Poll OK — 2026-06-25T15:51:10.798680+00:00
2026-06-25T08:51:21  INFO      Poll OK — 2026-06-25T15:51:21.263603+00:00
2026-06-25T08:51:32  INFO      Poll OK — 2026-06-25T15:51:31.730573+00:00
2026-06-25T08:51:42  INFO      Poll OK — 2026-06-25T15:51:42.195320+00:00
2026-06-25T08:51:53  INFO      Poll OK — 2026-06-25T15:51:52.659986+00:00
2026-06-25T08:52:03  INFO      Poll OK — 2026-06-25T15:52:03.125668+00:00
2026-06-25T08:52:14  INFO      Poll OK — 2026-06-25T15:52:13.590397+00:00
2026-06-25T08:52:24  INFO      Poll OK — 2026-06-25T15:52:24.056930+00:00
2026-06-25T08:52:34  INFO      Poll OK — 2026-06-25T15:52:34.520982+00:00
2026-06-25T08:52:45  INFO      Poll OK — 2026-06-25T15:52:44.990442+00:00
2026-06-25T08:52:55  INFO      Poll OK — 2026-06-25T15:52:55.457607+00:00
2026-06-25T08:53:06  INFO      Poll OK — 2026-06-25T15:53:05.933691+00:00
2026-06-25T08:53:16  INFO      Poll OK — 2026-06-25T15:53:16.398919+00:00
2026-06-25T08:53:27  INFO      Poll OK — 2026-06-25T15:53:26.862973+00:00
2026-06-25T08:53:37  INFO      Poll OK — 2026-06-25T15:53:37.331372+00:00
2026-06-25T08:53:48  INFO      Poll OK — 2026-06-25T15:53:47.794615+00:00
2026-06-25T08:53:58  INFO      Poll OK — 2026-06-25T15:53:58.261144+00:00
2026-06-25T08:54:09  INFO      Poll OK — 2026-06-25T15:54:08.726197+00:00
2026-06-25T08:54:19  INFO      Poll OK — 2026-06-25T15:54:19.191428+00:00
2026-06-25T08:54:30  INFO      Poll OK — 2026-06-25T15:54:29.659318+00:00
2026-06-25T08:54:40  INFO      Poll OK — 2026-06-25T15:54:40.126837+00:00
2026-06-25T08:54:51  INFO      Poll OK — 2026-06-25T15:54:50.595046+00:00
2026-06-25T08:55:01  INFO      Poll OK — 2026-06-25T15:55:01.060281+00:00
2026-06-25T08:55:11  INFO      Poll OK — 2026-06-25T15:55:11.525831+00:00
2026-06-25T08:55:22  INFO      Poll OK — 2026-06-25T15:55:21.991668+00:00
2026-06-25T08:55:32  INFO      Poll OK — 2026-06-25T15:55:32.457137+00:00
2026-06-25T08:55:43  INFO      Poll OK — 2026-06-25T15:55:42.924382+00:00
2026-06-25T08:55:53  INFO      Poll OK — 2026-06-25T15:55:53.388728+00:00
2026-06-25T08:56:04  INFO      Poll OK — 2026-06-25T15:56:03.854991+00:00
2026-06-25T08:56:14  INFO      Poll OK — 2026-06-25T15:56:14.330040+00:00
2026-06-25T08:56:25  INFO      Poll OK — 2026-06-25T15:56:24.796431+00:00
2026-06-25T08:56:35  INFO      Poll OK — 2026-06-25T15:56:35.265704+00:00
2026-06-25T08:56:46  INFO      Poll OK — 2026-06-25T15:56:45.731941+00:00
2026-06-25T08:56:56  INFO      Poll OK — 2026-06-25T15:56:56.200076+00:00
2026-06-25T08:57:07  INFO      Poll OK — 2026-06-25T15:57:06.664533+00:00
2026-06-25T08:57:17  INFO      Poll OK — 2026-06-25T15:57:17.129634+00:00
2026-06-25T08:57:28  INFO      Poll OK — 2026-06-25T15:57:27.595800+00:00
2026-06-25T08:57:38  INFO      Poll OK — 2026-06-25T15:57:38.061191+00:00
2026-06-25T08:57:48  INFO      Poll OK — 2026-06-25T15:57:48.528162+00:00
2026-06-25T08:57:59  INFO      Poll OK — 2026-06-25T15:57:58.991851+00:00
2026-06-25T08:58:09  INFO      Poll OK — 2026-06-25T15:58:09.458542+00:00
2026-06-25T08:58:20  INFO      Poll OK — 2026-06-25T15:58:19.926917+00:00
2026-06-25T08:58:30  INFO      Poll OK — 2026-06-25T15:58:30.395103+00:00
2026-06-25T08:58:41  INFO      Poll OK — 2026-06-25T15:58:40.862628+00:00
2026-06-25T08:58:51  INFO      Poll OK — 2026-06-25T15:58:51.326714+00:00
2026-06-25T08:59:02  INFO      Poll OK — 2026-06-25T15:59:01.793925+00:00
2026-06-25T08:59:12  INFO      Poll OK — 2026-06-25T15:59:12.258410+00:00
2026-06-25T08:59:23  INFO      Poll OK — 2026-06-25T15:59:22.723112+00:00
2026-06-25T08:59:33  INFO      Poll OK — 2026-06-25T15:59:33.189686+00:00
2026-06-25T08:59:44  INFO      Poll OK — 2026-06-25T15:59:43.654945+00:00
2026-06-25T08:59:54  INFO      Poll OK — 2026-06-25T15:59:54.122295+00:00
2026-06-25T09:00:05  INFO      Poll OK — 2026-06-25T16:00:04.586675+00:00
2026-06-25T09:00:15  INFO      Poll OK — 2026-06-25T16:00:15.055436+00:00
2026-06-25T09:00:25  INFO      Poll OK — 2026-06-25T16:00:25.532792+00:00
2026-06-25T09:00:36  INFO      Poll OK — 2026-06-25T16:00:35.999247+00:00
2026-06-25T09:00:46  INFO      Poll OK — 2026-06-25T16:00:46.466469+00:00
2026-06-25T09:00:57  INFO      Poll OK — 2026-06-25T16:00:56.930643+00:00
2026-06-25T09:01:07  INFO      Poll OK — 2026-06-25T16:01:07.397953+00:00
2026-06-25T09:01:18  INFO      Poll OK — 2026-06-25T16:01:17.862127+00:00
2026-06-25T09:01:28  INFO      Poll OK — 2026-06-25T16:01:28.327157+00:00
2026-06-25T09:01:39  INFO      Poll OK — 2026-06-25T16:01:38.793985+00:00
2026-06-25T09:01:49  INFO      Poll OK — 2026-06-25T16:01:49.259190+00:00
2026-06-25T09:02:00  INFO      Poll OK — 2026-06-25T16:01:59.727109+00:00
2026-06-25T09:02:10  INFO      Poll OK — 2026-06-25T16:02:10.193220+00:00
2026-06-25T09:02:21  INFO      Poll OK — 2026-06-25T16:02:20.662604+00:00
2026-06-25T09:02:31  INFO      Poll OK — 2026-06-25T16:02:31.127973+00:00
2026-06-25T09:02:42  INFO      Poll OK — 2026-06-25T16:02:41.592948+00:00
2026-06-25T09:02:52  INFO      Poll OK — 2026-06-25T16:02:52.070234+00:00
2026-06-25T09:03:03  INFO      Poll OK — 2026-06-25T16:03:02.534482+00:00
2026-06-25T09:03:13  INFO      Poll OK — 2026-06-25T16:03:13.001761+00:00
2026-06-25T09:03:23  INFO      Poll OK — 2026-06-25T16:03:23.465167+00:00
2026-06-25T09:03:34  INFO      Poll OK — 2026-06-25T16:03:33.931305+00:00
2026-06-25T09:03:44  INFO      Poll OK — 2026-06-25T16:03:44.407541+00:00
2026-06-25T09:03:55  INFO      Poll OK — 2026-06-25T16:03:54.874691+00:00
2026-06-25T09:04:05  INFO      Poll OK — 2026-06-25T16:04:05.344112+00:00
2026-06-25T09:04:16  INFO      Poll OK — 2026-06-25T16:04:15.809242+00:00
2026-06-25T09:04:26  INFO      Poll OK — 2026-06-25T16:04:26.276586+00:00
2026-06-25T09:04:37  INFO      Poll OK — 2026-06-25T16:04:36.740713+00:00
2026-06-25T09:04:47  INFO      Poll OK — 2026-06-25T16:04:47.206832+00:00
2026-06-25T09:04:58  INFO      Poll OK — 2026-06-25T16:04:57.673162+00:00
2026-06-25T09:05:08  INFO      Poll OK — 2026-06-25T16:05:08.137330+00:00
2026-06-25T09:05:19  INFO      Poll OK — 2026-06-25T16:05:18.604601+00:00
2026-06-25T09:05:29  INFO      Poll OK — 2026-06-25T16:05:29.078258+00:00
2026-06-25T09:05:40  INFO      Poll OK — 2026-06-25T16:05:39.545243+00:00
2026-06-25T09:05:50  INFO      Poll OK — 2026-06-25T16:05:50.014578+00:00
2026-06-25T09:06:00  INFO      Poll OK — 2026-06-25T16:06:00.482017+00:00
2026-06-25T09:06:11  INFO      Poll OK — 2026-06-25T16:06:10.949045+00:00
2026-06-25T09:06:21  INFO      Poll OK — 2026-06-25T16:06:21.413023+00:00
2026-06-25T09:06:32  INFO      Poll OK — 2026-06-25T16:06:31.880544+00:00
2026-06-25T09:06:42  INFO      Poll OK — 2026-06-25T16:06:42.344645+00:00
2026-06-25T09:06:53  INFO      Poll OK — 2026-06-25T16:06:52.810918+00:00
2026-06-25T09:07:03  INFO      Poll OK — 2026-06-25T16:07:03.277654+00:00
2026-06-25T09:07:14  INFO      Poll OK — 2026-06-25T16:07:13.741816+00:00
2026-06-25T09:07:24  INFO      Poll OK — 2026-06-25T16:07:24.208659+00:00
2026-06-25T09:07:35  INFO      Poll OK — 2026-06-25T16:07:34.675030+00:00
2026-06-25T09:07:45  INFO      Poll OK — 2026-06-25T16:07:45.142798+00:00
2026-06-25T09:07:56  INFO      Poll OK — 2026-06-25T16:07:55.620783+00:00
2026-06-25T09:08:06  INFO      Poll OK — 2026-06-25T16:08:06.086620+00:00
2026-06-25T09:08:17  INFO      Poll OK — 2026-06-25T16:08:16.552962+00:00
2026-06-25T09:08:27  INFO      Poll OK — 2026-06-25T16:08:27.017807+00:00
2026-06-25T09:08:37  INFO      Poll OK — 2026-06-25T16:08:37.484158+00:00
2026-06-25T09:08:48  INFO      Poll OK — 2026-06-25T16:08:47.948738+00:00
2026-06-25T09:08:58  INFO      Poll OK — 2026-06-25T16:08:58.416434+00:00
2026-06-25T09:09:09  INFO      Poll OK — 2026-06-25T16:09:08.881262+00:00
2026-06-25T09:09:19  INFO      Poll OK — 2026-06-25T16:09:19.346471+00:00
2026-06-25T09:09:30  INFO      Poll OK — 2026-06-25T16:09:29.814689+00:00
2026-06-25T09:09:40  INFO      Poll OK — 2026-06-25T16:09:40.280637+00:00
2026-06-25T09:09:51  INFO      Poll OK — 2026-06-25T16:09:50.750227+00:00
2026-06-25T09:10:01  INFO      Poll OK — 2026-06-25T16:10:01.215415+00:00
2026-06-25T09:10:12  INFO      Poll OK — 2026-06-25T16:10:11.681067+00:00
2026-06-25T09:10:22  INFO      Poll OK — 2026-06-25T16:10:22.146723+00:00
2026-06-25T09:10:33  INFO      Poll OK — 2026-06-25T16:10:32.611052+00:00
2026-06-25T09:10:43  INFO      Poll OK — 2026-06-25T16:10:43.078492+00:00
2026-06-25T09:10:54  INFO      Poll OK — 2026-06-25T16:10:53.543563+00:00
2026-06-25T09:11:04  INFO      Poll OK — 2026-06-25T16:11:04.009767+00:00
2026-06-25T09:11:14  INFO      Poll OK — 2026-06-25T16:11:14.474863+00:00
2026-06-25T09:11:25  INFO      Poll OK — 2026-06-25T16:11:24.942058+00:00
2026-06-25T09:11:35  INFO      Poll OK — 2026-06-25T16:11:35.411603+00:00
2026-06-25T09:11:46  INFO      Poll OK — 2026-06-25T16:11:45.876719+00:00
2026-06-25T09:11:56  INFO      Poll OK — 2026-06-25T16:11:56.344946+00:00
2026-06-25T09:12:07  INFO      Poll OK — 2026-06-25T16:12:06.809094+00:00
2026-06-25T09:12:17  INFO      Poll OK — 2026-06-25T16:12:17.274435+00:00
2026-06-25T09:12:28  INFO      Poll OK — 2026-06-25T16:12:27.740314+00:00
2026-06-25T09:12:38  INFO      Poll OK — 2026-06-25T16:12:38.206236+00:00
2026-06-25T09:12:49  INFO      Poll OK — 2026-06-25T16:12:48.672209+00:00
2026-06-25T09:12:59  INFO      Poll OK — 2026-06-25T16:12:59.137691+00:00
2026-06-25T09:13:10  INFO      Poll OK — 2026-06-25T16:13:09.605981+00:00
2026-06-25T09:13:20  INFO      Poll OK — 2026-06-25T16:13:20.071796+00:00
2026-06-25T09:13:31  INFO      Poll OK — 2026-06-25T16:13:30.539097+00:00
2026-06-25T09:13:41  INFO      Poll OK — 2026-06-25T16:13:41.006267+00:00
2026-06-25T09:13:51  INFO      Poll OK — 2026-06-25T16:13:51.470896+00:00
2026-06-25T09:14:02  INFO      Poll OK — 2026-06-25T16:14:01.938907+00:00
2026-06-25T09:14:12  INFO      Poll OK — 2026-06-25T16:14:12.403364+00:00
2026-06-25T09:14:23  INFO      Poll OK — 2026-06-25T16:14:22.868345+00:00
2026-06-25T09:14:33  INFO      Poll OK — 2026-06-25T16:14:33.334853+00:00
2026-06-25T09:14:44  INFO      Poll OK — 2026-06-25T16:14:43.810206+00:00
2026-06-25T09:14:54  INFO      Poll OK — 2026-06-25T16:14:54.276428+00:00
2026-06-25T09:15:05  INFO      Poll OK — 2026-06-25T16:15:04.744019+00:00
2026-06-25T09:15:15  INFO      Poll OK — 2026-06-25T16:15:15.211678+00:00
2026-06-25T09:15:26  INFO      Poll OK — 2026-06-25T16:15:25.677093+00:00
2026-06-25T09:15:36  INFO      Poll OK — 2026-06-25T16:15:36.143440+00:00
2026-06-25T09:15:47  INFO      Poll OK — 2026-06-25T16:15:46.609791+00:00
2026-06-25T09:15:57  INFO      Poll OK — 2026-06-25T16:15:57.074866+00:00
2026-06-25T09:16:08  INFO      Poll OK — 2026-06-25T16:16:07.541141+00:00
2026-06-25T09:16:18  INFO      Poll OK — 2026-06-25T16:16:18.004781+00:00
2026-06-25T09:16:28  INFO      Poll OK — 2026-06-25T16:16:28.470625+00:00
2026-06-25T09:16:39  INFO      Poll OK — 2026-06-25T16:16:38.935527+00:00
2026-06-25T09:16:49  INFO      Poll OK — 2026-06-25T16:16:49.401110+00:00
2026-06-25T09:17:00  INFO      Poll OK — 2026-06-25T16:16:59.870103+00:00
2026-06-25T09:17:10  INFO      Poll OK — 2026-06-25T16:17:10.336226+00:00
2026-06-25T09:17:21  INFO      Poll OK — 2026-06-25T16:17:20.804349+00:00
2026-06-25T09:17:31  INFO      Poll OK — 2026-06-25T16:17:31.268374+00:00
2026-06-25T09:17:42  INFO      Poll OK — 2026-06-25T16:17:41.733277+00:00
2026-06-25T09:17:52  INFO      Poll OK — 2026-06-25T16:17:52.198329+00:00
2026-06-25T09:18:03  INFO      Poll OK — 2026-06-25T16:18:02.663419+00:00
2026-06-25T09:18:13  INFO      Poll OK — 2026-06-25T16:18:13.130506+00:00
2026-06-25T09:18:24  INFO      Poll OK — 2026-06-25T16:18:23.593184+00:00
2026-06-25T09:18:34  INFO      Poll OK — 2026-06-25T16:18:34.059202+00:00
2026-06-25T09:18:44  INFO      Poll OK — 2026-06-25T16:18:44.524795+00:00
2026-06-25T09:18:55  INFO      Poll OK — 2026-06-25T16:18:54.991917+00:00
2026-06-25T09:19:05  INFO      Poll OK — 2026-06-25T16:19:05.463443+00:00
2026-06-25T09:19:16  INFO      Poll OK — 2026-06-25T16:19:15.925688+00:00
2026-06-25T09:19:26  INFO      Poll OK — 2026-06-25T16:19:26.391663+00:00
2026-06-25T09:19:37  INFO      Poll OK — 2026-06-25T16:19:36.856809+00:00
2026-06-25T09:19:47  INFO      Poll OK — 2026-06-25T16:19:47.321030+00:00
2026-06-25T09:19:58  INFO      Poll OK — 2026-06-25T16:19:57.786774+00:00
2026-06-25T09:20:08  INFO      Poll OK — 2026-06-25T16:20:08.252383+00:00
2026-06-25T09:20:19  INFO      Poll OK — 2026-06-25T16:20:18.718272+00:00
2026-06-25T09:20:29  INFO      Poll OK — 2026-06-25T16:20:29.181622+00:00
2026-06-25T09:20:40  INFO      Poll OK — 2026-06-25T16:20:39.649384+00:00
2026-06-25T09:20:50  INFO      Poll OK — 2026-06-25T16:20:50.116641+00:00
2026-06-25T09:21:01  INFO      Poll OK — 2026-06-25T16:21:00.583449+00:00
2026-06-25T09:21:11  INFO      Poll OK — 2026-06-25T16:21:11.050582+00:00
2026-06-25T09:21:21  INFO      Poll OK — 2026-06-25T16:21:21.514387+00:00
2026-06-25T09:21:32  INFO      Poll OK — 2026-06-25T16:21:31.980742+00:00
2026-06-25T09:21:42  INFO      Poll OK — 2026-06-25T16:21:42.444803+00:00
2026-06-25T09:21:53  INFO      Poll OK — 2026-06-25T16:21:52.910083+00:00
2026-06-25T09:22:03  INFO      Poll OK — 2026-06-25T16:22:03.376149+00:00
2026-06-25T09:22:14  INFO      Poll OK — 2026-06-25T16:22:13.841197+00:00
2026-06-25T09:22:24  INFO      Poll OK — 2026-06-25T16:22:24.307202+00:00
2026-06-25T09:22:35  INFO      Poll OK — 2026-06-25T16:22:34.771366+00:00
2026-06-25T09:22:45  INFO      Poll OK — 2026-06-25T16:22:45.239858+00:00
2026-06-25T09:22:56  INFO      Poll OK — 2026-06-25T16:22:55.706715+00:00
2026-06-25T09:23:06  INFO      Poll OK — 2026-06-25T16:23:06.174079+00:00
2026-06-25T09:23:17  INFO      Poll OK — 2026-06-25T16:23:16.639122+00:00
2026-06-25T09:23:27  INFO      Poll OK — 2026-06-25T16:23:27.104321+00:00
2026-06-25T09:23:38  INFO      Poll OK — 2026-06-25T16:23:37.570414+00:00
2026-06-25T09:23:48  INFO      Poll OK — 2026-06-25T16:23:48.043466+00:00
2026-06-25T09:23:58  INFO      Poll OK — 2026-06-25T16:23:58.511053+00:00
2026-06-25T09:24:09  INFO      Poll OK — 2026-06-25T16:24:08.975677+00:00
2026-06-25T09:24:19  INFO      Poll OK — 2026-06-25T16:24:19.439656+00:00
2026-06-25T09:24:30  INFO      Poll OK — 2026-06-25T16:24:29.908940+00:00
2026-06-25T09:24:40  INFO      Poll OK — 2026-06-25T16:24:40.374864+00:00
2026-06-25T09:24:51  INFO      Poll OK — 2026-06-25T16:24:50.841864+00:00
2026-06-25T09:25:01  INFO      Poll OK — 2026-06-25T16:25:01.307288+00:00
2026-06-25T09:25:12  INFO      Poll OK — 2026-06-25T16:25:11.772450+00:00
2026-06-25T09:25:22  INFO      Poll OK — 2026-06-25T16:25:22.238593+00:00
2026-06-25T09:25:33  INFO      Poll OK — 2026-06-25T16:25:32.702794+00:00
2026-06-25T09:25:43  INFO      Poll OK — 2026-06-25T16:25:43.168960+00:00
2026-06-25T09:25:54  INFO      Poll OK — 2026-06-25T16:25:53.632895+00:00
2026-06-25T09:26:04  INFO      Poll OK — 2026-06-25T16:26:04.098161+00:00
2026-06-25T09:26:15  INFO      Poll OK — 2026-06-25T16:26:14.566229+00:00
2026-06-25T09:26:25  INFO      Poll OK — 2026-06-25T16:26:25.032152+00:00
2026-06-25T09:26:35  INFO      Poll OK — 2026-06-25T16:26:35.500285+00:00
2026-06-25T09:26:46  INFO      Poll OK — 2026-06-25T16:26:45.964904+00:00
2026-06-25T09:26:56  INFO      Poll OK — 2026-06-25T16:26:56.441858+00:00
2026-06-25T09:27:07  INFO      Poll OK — 2026-06-25T16:27:06.907192+00:00
2026-06-25T09:27:17  INFO      Poll OK — 2026-06-25T16:27:17.372314+00:00
2026-06-25T09:27:28  INFO      Poll OK — 2026-06-25T16:27:27.837560+00:00
2026-06-25T09:27:38  INFO      Poll OK — 2026-06-25T16:27:38.302584+00:00
2026-06-25T09:27:49  INFO      Poll OK — 2026-06-25T16:27:48.768789+00:00
2026-06-25T09:27:59  INFO      Poll OK — 2026-06-25T16:27:59.232207+00:00
2026-06-25T09:28:10  INFO      Poll OK — 2026-06-25T16:28:09.701943+00:00
2026-06-25T09:28:20  INFO      Poll OK — 2026-06-25T16:28:20.169262+00:00
2026-06-25T09:28:31  INFO      Poll OK — 2026-06-25T16:28:30.636703+00:00
2026-06-25T09:28:41  INFO      Poll OK — 2026-06-25T16:28:41.102714+00:00
2026-06-25T09:28:52  INFO      Poll OK — 2026-06-25T16:28:51.566503+00:00
2026-06-25T09:29:02  INFO      Poll OK — 2026-06-25T16:29:02.033816+00:00
2026-06-25T09:29:12  INFO      Poll OK — 2026-06-25T16:29:12.498662+00:00
2026-06-25T09:29:23  INFO      Poll OK — 2026-06-25T16:29:22.964501+00:00
2026-06-25T09:29:33  INFO      Poll OK — 2026-06-25T16:29:33.430612+00:00
2026-06-25T09:29:44  INFO      Poll OK — 2026-06-25T16:29:43.894567+00:00
2026-06-25T09:29:54  INFO      Poll OK — 2026-06-25T16:29:54.362124+00:00
2026-06-25T09:30:05  INFO      Poll OK — 2026-06-25T16:30:04.828078+00:00
2026-06-25T09:30:15  INFO      Poll OK — 2026-06-25T16:30:15.297196+00:00
2026-06-25T09:30:26  INFO      Poll OK — 2026-06-25T16:30:25.763760+00:00
2026-06-25T09:30:36  INFO      Poll OK — 2026-06-25T16:30:36.228672+00:00
2026-06-25T09:30:47  INFO      Poll OK — 2026-06-25T16:30:46.695774+00:00
2026-06-25T09:30:57  INFO      Poll OK — 2026-06-25T16:30:57.159617+00:00
2026-06-25T09:31:08  INFO      Poll OK — 2026-06-25T16:31:07.626279+00:00
2026-06-25T09:31:18  INFO      Poll OK — 2026-06-25T16:31:18.091170+00:00
2026-06-25T09:31:29  INFO      Poll OK — 2026-06-25T16:31:28.557357+00:00
2026-06-25T09:31:39  INFO      Poll OK — 2026-06-25T16:31:39.022574+00:00
2026-06-25T09:31:49  INFO      Poll OK — 2026-06-25T16:31:49.487914+00:00
2026-06-25T09:32:00  INFO      Poll OK — 2026-06-25T16:31:59.957043+00:00
2026-06-25T09:32:10  INFO      Poll OK — 2026-06-25T16:32:10.422831+00:00
2026-06-25T09:32:21  INFO      Poll OK — 2026-06-25T16:32:20.891063+00:00
2026-06-25T09:32:31  INFO      Poll OK — 2026-06-25T16:32:31.356573+00:00
2026-06-25T09:32:42  INFO      Poll OK — 2026-06-25T16:32:41.821613+00:00
2026-06-25T09:32:52  INFO      Poll OK — 2026-06-25T16:32:52.288066+00:00
2026-06-25T09:33:03  INFO      Poll OK — 2026-06-25T16:33:02.752312+00:00
2026-06-25T09:33:13  INFO      Poll OK — 2026-06-25T16:33:13.220312+00:00
2026-06-25T09:33:24  INFO      Poll OK — 2026-06-25T16:33:23.684538+00:00
2026-06-25T09:33:34  INFO      Poll OK — 2026-06-25T16:33:34.149747+00:00
2026-06-25T09:33:45  INFO      Poll OK — 2026-06-25T16:33:44.618694+00:00
2026-06-25T09:33:55  INFO      Poll OK — 2026-06-25T16:33:55.084122+00:00
2026-06-25T09:34:06  INFO      Poll OK — 2026-06-25T16:34:05.553215+00:00
2026-06-25T09:34:16  INFO      Poll OK — 2026-06-25T16:34:16.017489+00:00
2026-06-25T09:34:26  INFO      Poll OK — 2026-06-25T16:34:26.484632+00:00
2026-06-25T09:34:37  INFO      Poll OK — 2026-06-25T16:34:36.949908+00:00
2026-06-25T09:34:47  INFO      Poll OK — 2026-06-25T16:34:47.414448+00:00
2026-06-25T09:34:58  INFO      Poll OK — 2026-06-25T16:34:57.881414+00:00
2026-06-25T09:35:08  INFO      Poll OK — 2026-06-25T16:35:08.345798+00:00
2026-06-25T09:35:19  INFO      Poll OK — 2026-06-25T16:35:18.813711+00:00
2026-06-25T09:35:29  INFO      Poll OK — 2026-06-25T16:35:29.276996+00:00
2026-06-25T09:35:40  INFO      Poll OK — 2026-06-25T16:35:39.744930+00:00
2026-06-25T09:35:50  INFO      Poll OK — 2026-06-25T16:35:50.213292+00:00
2026-06-25T09:36:01  INFO      Poll OK — 2026-06-25T16:36:00.679873+00:00
2026-06-25T09:36:11  INFO      Poll OK — 2026-06-25T16:36:11.146755+00:00
2026-06-25T09:36:22  INFO      Poll OK — 2026-06-25T16:36:21.612102+00:00
2026-06-25T09:36:32  INFO      Poll OK — 2026-06-25T16:36:32.078940+00:00
2026-06-25T09:36:43  INFO      Poll OK — 2026-06-25T16:36:42.543689+00:00
2026-06-25T09:36:53  INFO      Poll OK — 2026-06-25T16:36:53.009058+00:00
2026-06-25T09:37:03  INFO      Poll OK — 2026-06-25T16:37:03.474921+00:00
2026-06-25T09:37:14  INFO      Poll OK — 2026-06-25T16:37:13.940248+00:00
2026-06-25T09:37:24  INFO      Poll OK — 2026-06-25T16:37:24.408377+00:00
2026-06-25T09:37:35  INFO      Poll OK — 2026-06-25T16:37:34.874637+00:00
2026-06-25T09:37:45  INFO      Poll OK — 2026-06-25T16:37:45.343860+00:00
2026-06-25T09:37:56  INFO      Poll OK — 2026-06-25T16:37:55.809732+00:00
2026-06-25T09:38:06  INFO      Poll OK — 2026-06-25T16:38:06.285198+00:00
2026-06-25T09:38:17  INFO      Poll OK — 2026-06-25T16:38:16.750978+00:00
2026-06-25T09:38:27  INFO      Poll OK — 2026-06-25T16:38:27.216543+00:00
2026-06-25T09:38:38  INFO      Poll OK — 2026-06-25T16:38:37.683578+00:00
2026-06-25T09:38:48  INFO      Poll OK — 2026-06-25T16:38:48.147941+00:00
2026-06-25T09:38:59  INFO      Poll OK — 2026-06-25T16:38:58.614183+00:00
2026-06-25T09:39:09  INFO      Poll OK — 2026-06-25T16:39:09.080226+00:00
2026-06-25T09:39:20  INFO      Poll OK — 2026-06-25T16:39:19.547472+00:00
2026-06-25T09:39:30  INFO      Poll OK — 2026-06-25T16:39:30.016721+00:00
2026-06-25T09:39:40  INFO      Poll OK — 2026-06-25T16:39:40.482278+00:00
2026-06-25T09:39:51  INFO      Poll OK — 2026-06-25T16:39:50.949146+00:00
2026-06-25T09:40:01  INFO      Poll OK — 2026-06-25T16:40:01.414342+00:00
2026-06-25T09:40:12  INFO      Poll OK — 2026-06-25T16:40:11.879522+00:00
2026-06-25T09:40:22  INFO      Poll OK — 2026-06-25T16:40:22.346875+00:00
2026-06-25T09:40:33  INFO      Poll OK — 2026-06-25T16:40:32.811624+00:00
2026-06-25T09:40:43  INFO      Poll OK — 2026-06-25T16:40:43.279276+00:00
2026-06-25T09:40:54  INFO      Poll OK — 2026-06-25T16:40:53.742371+00:00
2026-06-25T09:41:04  INFO      Poll OK — 2026-06-25T16:41:04.209073+00:00
2026-06-25T09:41:15  INFO      Poll OK — 2026-06-25T16:41:14.676725+00:00
2026-06-25T09:41:25  INFO      Poll OK — 2026-06-25T16:41:25.144565+00:00
2026-06-25T09:41:36  INFO      Poll OK — 2026-06-25T16:41:35.613289+00:00
2026-06-25T09:41:46  INFO      Poll OK — 2026-06-25T16:41:46.077016+00:00
2026-06-25T09:41:57  INFO      Poll OK — 2026-06-25T16:41:56.544808+00:00
2026-06-25T09:42:07  INFO      Poll OK — 2026-06-25T16:42:07.008584+00:00
2026-06-25T09:42:17  INFO      Poll OK — 2026-06-25T16:42:17.475102+00:00
2026-06-25T09:42:28  INFO      Poll OK — 2026-06-25T16:42:27.942277+00:00
2026-06-25T09:42:38  INFO      Poll OK — 2026-06-25T16:42:38.406858+00:00
2026-06-25T09:42:49  INFO      Poll OK — 2026-06-25T16:42:48.873672+00:00
2026-06-25T09:42:59  INFO      Poll OK — 2026-06-25T16:42:59.337945+00:00
2026-06-25T09:43:10  INFO      Poll OK — 2026-06-25T16:43:09.806558+00:00
2026-06-25T09:43:20  INFO      Poll OK — 2026-06-25T16:43:20.274539+00:00
2026-06-25T09:43:31  INFO      Poll OK — 2026-06-25T16:43:30.741487+00:00
2026-06-25T09:43:41  INFO      Poll OK — 2026-06-25T16:43:41.208662+00:00
2026-06-25T09:43:52  INFO      Poll OK — 2026-06-25T16:43:51.672765+00:00
2026-06-25T09:44:02  INFO      Poll OK — 2026-06-25T16:44:02.149455+00:00
2026-06-25T09:44:13  INFO      Poll OK — 2026-06-25T16:44:12.624265+00:00
2026-06-25T09:44:23  INFO      Poll OK — 2026-06-25T16:44:23.089595+00:00
2026-06-25T09:44:34  INFO      Poll OK — 2026-06-25T16:44:33.556950+00:00
2026-06-25T09:44:44  INFO      Poll OK — 2026-06-25T16:44:44.020949+00:00
2026-06-25T09:44:54  INFO      Poll OK — 2026-06-25T16:44:54.489334+00:00
2026-06-25T09:45:05  INFO      Poll OK — 2026-06-25T16:45:04.955379+00:00
2026-06-25T09:45:15  INFO      Poll OK — 2026-06-25T16:45:15.424797+00:00
2026-06-25T09:45:26  INFO      Poll OK — 2026-06-25T16:45:25.890780+00:00
2026-06-25T09:45:36  INFO      Poll OK — 2026-06-25T16:45:36.356141+00:00
2026-06-25T09:45:47  INFO      Poll OK — 2026-06-25T16:45:46.823336+00:00
2026-06-25T09:45:57  INFO      Poll OK — 2026-06-25T16:45:57.297569+00:00
2026-06-25T09:46:08  INFO      Poll OK — 2026-06-25T16:46:07.765041+00:00
2026-06-25T09:46:18  INFO      Poll OK — 2026-06-25T16:46:18.229041+00:00
2026-06-25T09:46:29  INFO      Poll OK — 2026-06-25T16:46:28.694843+00:00
2026-06-25T09:46:39  INFO      Poll OK — 2026-06-25T16:46:39.162616+00:00
2026-06-25T09:46:50  INFO      Poll OK — 2026-06-25T16:46:49.628593+00:00
2026-06-25T09:47:00  INFO      Poll OK — 2026-06-25T16:47:00.107995+00:00
2026-06-25T09:47:11  INFO      Poll OK — 2026-06-25T16:47:10.573665+00:00
2026-06-25T09:47:21  INFO      Poll OK — 2026-06-25T16:47:21.040582+00:00
2026-06-25T09:47:31  INFO      Poll OK — 2026-06-25T16:47:31.507417+00:00
2026-06-25T09:47:42  INFO      Poll OK — 2026-06-25T16:47:41.971650+00:00
2026-06-25T09:47:52  INFO      Poll OK — 2026-06-25T16:47:52.438185+00:00
2026-06-25T09:48:03  INFO      Poll OK — 2026-06-25T16:48:02.903150+00:00
2026-06-25T09:48:13  INFO      Poll OK — 2026-06-25T16:48:13.380396+00:00
2026-06-25T09:48:24  INFO      Poll OK — 2026-06-25T16:48:23.844648+00:00
2026-06-25T09:48:34  INFO      Poll OK — 2026-06-25T16:48:34.311020+00:00
2026-06-25T09:48:45  INFO      Poll OK — 2026-06-25T16:48:44.789990+00:00
2026-06-25T09:48:55  INFO      Poll OK — 2026-06-25T16:48:55.257272+00:00
2026-06-25T09:49:06  INFO      Poll OK — 2026-06-25T16:49:05.724607+00:00
2026-06-25T09:49:16  INFO      Poll OK — 2026-06-25T16:49:16.189620+00:00
2026-06-25T09:49:27  INFO      Poll OK — 2026-06-25T16:49:26.656148+00:00
2026-06-25T09:49:37  INFO      Poll OK — 2026-06-25T16:49:37.122443+00:00
2026-06-25T09:49:48  INFO      Poll OK — 2026-06-25T16:49:47.597378+00:00
2026-06-25T09:49:58  INFO      Poll OK — 2026-06-25T16:49:58.063745+00:00
2026-06-25T09:50:08  INFO      Poll OK — 2026-06-25T16:50:08.527745+00:00
2026-06-25T09:50:19  INFO      Poll OK — 2026-06-25T16:50:18.993988+00:00
2026-06-25T09:50:29  INFO      Poll OK — 2026-06-25T16:50:29.459233+00:00
2026-06-25T09:50:40  INFO      Poll OK — 2026-06-25T16:50:39.929676+00:00
2026-06-25T09:50:50  INFO      Poll OK — 2026-06-25T16:50:50.397842+00:00
2026-06-25T09:51:01  INFO      Poll OK — 2026-06-25T16:51:00.863900+00:00
2026-06-25T09:51:11  INFO      Poll OK — 2026-06-25T16:51:11.330307+00:00
2026-06-25T09:51:22  INFO      Poll OK — 2026-06-25T16:51:21.794543+00:00
2026-06-25T09:51:32  INFO      Poll OK — 2026-06-25T16:51:32.262812+00:00
2026-06-25T09:51:43  INFO      Poll OK — 2026-06-25T16:51:42.726911+00:00
2026-06-25T09:51:53  INFO      Poll OK — 2026-06-25T16:51:53.190855+00:00
2026-06-25T09:52:04  INFO      Poll OK — 2026-06-25T16:52:03.657001+00:00
2026-06-25T09:52:14  INFO      Poll OK — 2026-06-25T16:52:14.121421+00:00
2026-06-25T09:52:25  INFO      Poll OK — 2026-06-25T16:52:24.589731+00:00
2026-06-25T09:52:35  INFO      Poll OK — 2026-06-25T16:52:35.067074+00:00
2026-06-25T09:52:45  INFO      Poll OK — 2026-06-25T16:52:45.534160+00:00
2026-06-25T09:52:56  INFO      Poll OK — 2026-06-25T16:52:56.000890+00:00
2026-06-25T09:53:06  INFO      Poll OK — 2026-06-25T16:53:06.464522+00:00
2026-06-25T09:53:17  INFO      Poll OK — 2026-06-25T16:53:16.930820+00:00
2026-06-25T09:53:27  INFO      Poll OK — 2026-06-25T16:53:27.395490+00:00
2026-06-25T09:53:38  INFO      Poll OK — 2026-06-25T16:53:37.863458+00:00
2026-06-25T09:53:48  INFO      Poll OK — 2026-06-25T16:53:48.327696+00:00
2026-06-25T09:53:59  INFO      Poll OK — 2026-06-25T16:53:58.794382+00:00
2026-06-25T09:54:09  INFO      Poll OK — 2026-06-25T16:54:09.260074+00:00
2026-06-25T09:54:20  INFO      Poll OK — 2026-06-25T16:54:19.727309+00:00
2026-06-25T09:54:30  INFO      Poll OK — 2026-06-25T16:54:30.196437+00:00
2026-06-25T09:54:41  INFO      Poll OK — 2026-06-25T16:54:40.662633+00:00
2026-06-25T09:54:51  INFO      Poll OK — 2026-06-25T16:54:51.129994+00:00
2026-06-25T09:55:02  INFO      Poll OK — 2026-06-25T16:55:01.594934+00:00
2026-06-25T09:55:12  INFO      Poll OK — 2026-06-25T16:55:12.060218+00:00
2026-06-25T09:55:23  INFO      Poll OK — 2026-06-25T16:55:22.526345+00:00
2026-06-25T09:55:33  INFO      Poll OK — 2026-06-25T16:55:33.011585+00:00
2026-06-25T09:55:43  INFO      Poll OK — 2026-06-25T16:55:43.478944+00:00
2026-06-25T09:55:54  INFO      Poll OK — 2026-06-25T16:55:53.942982+00:00
2026-06-25T09:56:04  INFO      Poll OK — 2026-06-25T16:56:04.409440+00:00
2026-06-25T09:56:15  INFO      Poll OK — 2026-06-25T16:56:14.878715+00:00
2026-06-25T09:56:25  INFO      Poll OK — 2026-06-25T16:56:25.345700+00:00
2026-06-25T09:56:36  INFO      Poll OK — 2026-06-25T16:56:35.814168+00:00
2026-06-25T09:56:46  INFO      Poll OK — 2026-06-25T16:56:46.278417+00:00
2026-06-25T09:56:57  INFO      Poll OK — 2026-06-25T16:56:56.755243+00:00
2026-06-25T09:57:07  INFO      Poll OK — 2026-06-25T16:57:07.221017+00:00
2026-06-25T09:57:18  INFO      Poll OK — 2026-06-25T16:57:17.686220+00:00
2026-06-25T09:57:28  INFO      Poll OK — 2026-06-25T16:57:28.152222+00:00
2026-06-25T09:57:39  INFO      Poll OK — 2026-06-25T16:57:38.617538+00:00
2026-06-25T09:57:49  INFO      Poll OK — 2026-06-25T16:57:49.085429+00:00
2026-06-25T09:58:00  INFO      Poll OK — 2026-06-25T16:57:59.551110+00:00
2026-06-25T09:58:10  INFO      Poll OK — 2026-06-25T16:58:10.019104+00:00
2026-06-25T09:58:20  INFO      Poll OK — 2026-06-25T16:58:20.487301+00:00
2026-06-25T09:58:31  INFO      Poll OK — 2026-06-25T16:58:30.952548+00:00
2026-06-25T09:58:41  INFO      Poll OK — 2026-06-25T16:58:41.419769+00:00
2026-06-25T09:58:52  INFO      Poll OK — 2026-06-25T16:58:51.883996+00:00
2026-06-25T09:59:02  INFO      Poll OK — 2026-06-25T16:59:02.351111+00:00
2026-06-25T09:59:13  INFO      Poll OK — 2026-06-25T16:59:12.816550+00:00
2026-06-25T09:59:23  INFO      Poll OK — 2026-06-25T16:59:23.281302+00:00
2026-06-25T09:59:34  INFO      Poll OK — 2026-06-25T16:59:33.747600+00:00
2026-06-25T09:59:44  INFO      Poll OK — 2026-06-25T16:59:44.224789+00:00
2026-06-25T09:59:55  INFO      Poll OK — 2026-06-25T16:59:54.692299+00:00
2026-06-25T10:00:05  INFO      Poll OK — 2026-06-25T17:00:05.179515+00:00
2026-06-25T10:00:16  INFO      Poll OK — 2026-06-25T17:00:15.647632+00:00
2026-06-25T10:00:26  INFO      Poll OK — 2026-06-25T17:00:26.112263+00:00
2026-06-25T10:00:37  INFO      Poll OK — 2026-06-25T17:00:36.578120+00:00
2026-06-25T10:00:47  INFO      Poll OK — 2026-06-25T17:00:47.046457+00:00
2026-06-25T10:00:57  INFO      Poll OK — 2026-06-25T17:00:57.511355+00:00
2026-06-25T10:01:08  INFO      Poll OK — 2026-06-25T17:01:07.978123+00:00
2026-06-25T10:01:18  INFO      Poll OK — 2026-06-25T17:01:18.441902+00:00
2026-06-25T10:01:29  INFO      Poll OK — 2026-06-25T17:01:28.907178+00:00
2026-06-25T10:01:39  INFO      Poll OK — 2026-06-25T17:01:39.374557+00:00
2026-06-25T10:01:50  INFO      Poll OK — 2026-06-25T17:01:49.841631+00:00
2026-06-25T10:02:00  INFO      Poll OK — 2026-06-25T17:02:00.311904+00:00
2026-06-25T10:02:11  INFO      Poll OK — 2026-06-25T17:02:10.786962+00:00
2026-06-25T10:02:21  INFO      Poll OK — 2026-06-25T17:02:21.253200+00:00
2026-06-25T10:02:32  INFO      Poll OK — 2026-06-25T17:02:31.719052+00:00
2026-06-25T10:02:42  INFO      Poll OK — 2026-06-25T17:02:42.185177+00:00
2026-06-25T10:02:53  INFO      Poll OK — 2026-06-25T17:02:52.651031+00:00
2026-06-25T10:03:03  INFO      Poll OK — 2026-06-25T17:03:03.116383+00:00
2026-06-25T10:03:14  INFO      Poll OK — 2026-06-25T17:03:13.583326+00:00
2026-06-25T10:03:24  INFO      Poll OK — 2026-06-25T17:03:24.047821+00:00
2026-06-25T10:03:34  INFO      Poll OK — 2026-06-25T17:03:34.514901+00:00
2026-06-25T10:03:45  INFO      Poll OK — 2026-06-25T17:03:44.984272+00:00
2026-06-25T10:03:55  INFO      Poll OK — 2026-06-25T17:03:55.450654+00:00
2026-06-25T10:04:06  INFO      Poll OK — 2026-06-25T17:04:05.917867+00:00
2026-06-25T10:04:16  INFO      Poll OK — 2026-06-25T17:04:16.382092+00:00
2026-06-25T10:04:27  INFO      Poll OK — 2026-06-25T17:04:26.849174+00:00
2026-06-25T10:04:37  INFO      Poll OK — 2026-06-25T17:04:37.324469+00:00
2026-06-25T10:04:48  INFO      Poll OK — 2026-06-25T17:04:47.790688+00:00
2026-06-25T10:04:58  INFO      Poll OK — 2026-06-25T17:04:58.256899+00:00
2026-06-25T10:05:09  INFO      Poll OK — 2026-06-25T17:05:08.720951+00:00
2026-06-25T10:05:19  INFO      Poll OK — 2026-06-25T17:05:19.188067+00:00
2026-06-25T10:05:30  INFO      Poll OK — 2026-06-25T17:05:29.653643+00:00
2026-06-25T10:05:40  INFO      Poll OK — 2026-06-25T17:05:40.122652+00:00
2026-06-25T10:05:51  INFO      Poll OK — 2026-06-25T17:05:50.591364+00:00
2026-06-25T10:06:01  INFO      Poll OK — 2026-06-25T17:06:01.056193+00:00
2026-06-25T10:06:11  INFO      Poll OK — 2026-06-25T17:06:11.523337+00:00
2026-06-25T10:06:22  INFO      Poll OK — 2026-06-25T17:06:21.987555+00:00
2026-06-25T10:06:32  INFO      Poll OK — 2026-06-25T17:06:32.454931+00:00
2026-06-25T10:06:43  INFO      Poll OK — 2026-06-25T17:06:42.919031+00:00
2026-06-25T10:06:53  INFO      Poll OK — 2026-06-25T17:06:53.385297+00:00
2026-06-25T10:07:04  INFO      Poll OK — 2026-06-25T17:07:03.852537+00:00
2026-06-25T10:07:14  INFO      Poll OK — 2026-06-25T17:07:14.326803+00:00
2026-06-25T10:07:25  INFO      Poll OK — 2026-06-25T17:07:24.797065+00:00
2026-06-25T10:07:35  INFO      Poll OK — 2026-06-25T17:07:35.263024+00:00
2026-06-25T10:07:46  INFO      Poll OK — 2026-06-25T17:07:45.729514+00:00
2026-06-25T10:07:56  INFO      Poll OK — 2026-06-25T17:07:56.196482+00:00
2026-06-25T10:08:07  INFO      Poll OK — 2026-06-25T17:08:06.661899+00:00
2026-06-25T10:08:17  INFO      Poll OK — 2026-06-25T17:08:17.129079+00:00
2026-06-25T10:08:28  INFO      Poll OK — 2026-06-25T17:08:27.593024+00:00
2026-06-25T10:08:38  INFO      Poll OK — 2026-06-25T17:08:38.060456+00:00
2026-06-25T10:08:48  INFO      Poll OK — 2026-06-25T17:08:48.525428+00:00
2026-06-25T10:08:59  INFO      Poll OK — 2026-06-25T17:08:59.000498+00:00
2026-06-25T10:09:09  INFO      Poll OK — 2026-06-25T17:09:09.470673+00:00
2026-06-25T10:09:20  INFO      Poll OK — 2026-06-25T17:09:19.935505+00:00
2026-06-25T10:09:30  INFO      Poll OK — 2026-06-25T17:09:30.405161+00:00
2026-06-25T10:09:41  INFO      Poll OK — 2026-06-25T17:09:40.870261+00:00
2026-06-25T10:09:51  INFO      Poll OK — 2026-06-25T17:09:51.337068+00:00
2026-06-25T10:10:02  INFO      Poll OK — 2026-06-25T17:10:01.802494+00:00
2026-06-25T10:10:12  INFO      Poll OK — 2026-06-25T17:10:12.267720+00:00
2026-06-25T10:10:23  INFO      Poll OK — 2026-06-25T17:10:22.733725+00:00
2026-06-25T10:10:33  INFO      Poll OK — 2026-06-25T17:10:33.197822+00:00
2026-06-25T10:10:44  INFO      Poll OK — 2026-06-25T17:10:43.665229+00:00
2026-06-25T10:10:54  INFO      Poll OK — 2026-06-25T17:10:54.130503+00:00
2026-06-25T10:11:05  INFO      Poll OK — 2026-06-25T17:11:04.598515+00:00
2026-06-25T10:11:15  INFO      Poll OK — 2026-06-25T17:11:15.067120+00:00
2026-06-25T10:11:25  INFO      Poll OK — 2026-06-25T17:11:25.534676+00:00
2026-06-25T10:11:36  INFO      Poll OK — 2026-06-25T17:11:36.001728+00:00
2026-06-25T10:11:46  INFO      Poll OK — 2026-06-25T17:11:46.464947+00:00
2026-06-25T10:11:57  INFO      Poll OK — 2026-06-25T17:11:56.932721+00:00
2026-06-25T10:12:07  INFO      Poll OK — 2026-06-25T17:12:07.398050+00:00
2026-06-25T10:12:18  INFO      Poll OK — 2026-06-25T17:12:17.863335+00:00
2026-06-25T10:12:28  INFO      Poll OK — 2026-06-25T17:12:28.329473+00:00
2026-06-25T10:12:39  INFO      Poll OK — 2026-06-25T17:12:38.793936+00:00
2026-06-25T10:12:49  INFO      Poll OK — 2026-06-25T17:12:49.261885+00:00
2026-06-25T10:13:00  INFO      Poll OK — 2026-06-25T17:12:59.729072+00:00
2026-06-25T10:13:10  INFO      Poll OK — 2026-06-25T17:13:10.207293+00:00
2026-06-25T10:13:21  INFO      Poll OK — 2026-06-25T17:13:20.674545+00:00
2026-06-25T10:13:31  INFO      Poll OK — 2026-06-25T17:13:31.139928+00:00
2026-06-25T10:13:42  INFO      Poll OK — 2026-06-25T17:13:41.606123+00:00
2026-06-25T10:13:52  INFO      Poll OK — 2026-06-25T17:13:52.069936+00:00
2026-06-25T10:14:03  INFO      Poll OK — 2026-06-25T17:14:02.538559+00:00
2026-06-25T10:14:13  INFO      Poll OK — 2026-06-25T17:14:13.004894+00:00
2026-06-25T10:14:23  INFO      Poll OK — 2026-06-25T17:14:23.468430+00:00
2026-06-25T10:14:34  INFO      Poll OK — 2026-06-25T17:14:33.934791+00:00
2026-06-25T10:14:44  INFO      Poll OK — 2026-06-25T17:14:44.399229+00:00
2026-06-25T10:14:55  INFO      Poll OK — 2026-06-25T17:14:54.870754+00:00
2026-06-25T10:15:05  INFO      Poll OK — 2026-06-25T17:15:05.336708+00:00
2026-06-25T10:15:16  INFO      Poll OK — 2026-06-25T17:15:15.803866+00:00
2026-06-25T10:15:26  INFO      Poll OK — 2026-06-25T17:15:26.270043+00:00
2026-06-25T10:15:37  INFO      Poll OK — 2026-06-25T17:15:36.734571+00:00
2026-06-25T10:15:47  INFO      Poll OK — 2026-06-25T17:15:47.201753+00:00
2026-06-25T10:15:58  INFO      Poll OK — 2026-06-25T17:15:57.666971+00:00
2026-06-25T10:16:08  INFO      Poll OK — 2026-06-25T17:16:08.133190+00:00
2026-06-25T10:16:19  INFO      Poll OK — 2026-06-25T17:16:18.598293+00:00
2026-06-25T10:16:29  INFO      Poll OK — 2026-06-25T17:16:29.063497+00:00
2026-06-25T10:16:39  INFO      Poll OK — 2026-06-25T17:16:39.532027+00:00
2026-06-25T10:16:50  INFO      Poll OK — 2026-06-25T17:16:49.998716+00:00
2026-06-25T10:17:00  INFO      Poll OK — 2026-06-25T17:17:00.468275+00:00
2026-06-25T10:17:11  INFO      Poll OK — 2026-06-25T17:17:10.932482+00:00
2026-06-25T10:17:21  INFO      Poll OK — 2026-06-25T17:17:21.399745+00:00
2026-06-25T10:17:32  INFO      Poll OK — 2026-06-25T17:17:31.864633+00:00
2026-06-25T10:17:42  INFO      Poll OK — 2026-06-25T17:17:42.330229+00:00
2026-06-25T10:17:53  INFO      Poll OK — 2026-06-25T17:17:52.796462+00:00
2026-06-25T10:18:03  INFO      Poll OK — 2026-06-25T17:18:03.261902+00:00
2026-06-25T10:18:14  INFO      Poll OK — 2026-06-25T17:18:13.728758+00:00
2026-06-25T10:18:24  INFO      Poll OK — 2026-06-25T17:18:24.193141+00:00
2026-06-25T10:18:35  INFO      Poll OK — 2026-06-25T17:18:34.661766+00:00
2026-06-25T10:18:45  INFO      Poll OK — 2026-06-25T17:18:45.129725+00:00
2026-06-25T10:18:56  INFO      Poll OK — 2026-06-25T17:18:55.595621+00:00
2026-06-25T10:19:06  INFO      Poll OK — 2026-06-25T17:19:06.063811+00:00
2026-06-25T10:19:16  INFO      Poll OK — 2026-06-25T17:19:16.527173+00:00
2026-06-25T10:19:27  INFO      Poll OK — 2026-06-25T17:19:26.994409+00:00
2026-06-25T10:19:37  INFO      Poll OK — 2026-06-25T17:19:37.459674+00:00
2026-06-25T10:19:48  INFO      Poll OK — 2026-06-25T17:19:47.923927+00:00
2026-06-25T10:19:58  INFO      Poll OK — 2026-06-25T17:19:58.391679+00:00
2026-06-25T10:20:09  INFO      Poll OK — 2026-06-25T17:20:08.857092+00:00
2026-06-25T10:20:19  INFO      Poll OK — 2026-06-25T17:20:19.333641+00:00
2026-06-25T10:20:30  INFO      Poll OK — 2026-06-25T17:20:29.799339+00:00
2026-06-25T10:20:40  INFO      Poll OK — 2026-06-25T17:20:40.268034+00:00
2026-06-25T10:20:51  INFO      Poll OK — 2026-06-25T17:20:50.735342+00:00
2026-06-25T10:21:01  INFO      Poll OK — 2026-06-25T17:21:01.200597+00:00
2026-06-25T10:21:12  INFO      Poll OK — 2026-06-25T17:21:11.668188+00:00
2026-06-25T10:21:22  INFO      Poll OK — 2026-06-25T17:21:22.131999+00:00
2026-06-25T10:21:33  INFO      Poll OK — 2026-06-25T17:21:32.597872+00:00
2026-06-25T10:21:43  INFO      Poll OK — 2026-06-25T17:21:43.063288+00:00
2026-06-25T10:21:54  INFO      Poll OK — 2026-06-25T17:21:53.538786+00:00
2026-06-25T10:22:04  INFO      Poll OK — 2026-06-25T17:22:04.015650+00:00
2026-06-25T10:22:14  INFO      Poll OK — 2026-06-25T17:22:14.482147+00:00
2026-06-25T10:22:25  INFO      Poll OK — 2026-06-25T17:22:24.951058+00:00
2026-06-25T10:22:35  INFO      Poll OK — 2026-06-25T17:22:35.427980+00:00
2026-06-25T10:22:46  INFO      Poll OK — 2026-06-25T17:22:45.894359+00:00
2026-06-25T10:22:56  INFO      Poll OK — 2026-06-25T17:22:56.358240+00:00
2026-06-25T10:23:07  INFO      Poll OK — 2026-06-25T17:23:06.825883+00:00
2026-06-25T10:23:17  INFO      Poll OK — 2026-06-25T17:23:17.291571+00:00
2026-06-25T10:23:28  INFO      Poll OK — 2026-06-25T17:23:27.755614+00:00
2026-06-25T10:23:38  INFO      Poll OK — 2026-06-25T17:23:38.232692+00:00
2026-06-25T10:23:49  INFO      Poll OK — 2026-06-25T17:23:48.697155+00:00
2026-06-25T10:23:59  INFO      Poll OK — 2026-06-25T17:23:59.162488+00:00
2026-06-25T10:24:10  INFO      Poll OK — 2026-06-25T17:24:09.631637+00:00
2026-06-25T10:24:20  INFO      Poll OK — 2026-06-25T17:24:20.108684+00:00
2026-06-25T10:24:31  INFO      Poll OK — 2026-06-25T17:24:30.578175+00:00
2026-06-25T10:24:41  INFO      Poll OK — 2026-06-25T17:24:41.041486+00:00
2026-06-25T10:24:51  INFO      Poll OK — 2026-06-25T17:24:51.507365+00:00
2026-06-25T10:25:02  INFO      Poll OK — 2026-06-25T17:25:01.973427+00:00
2026-06-25T10:25:12  INFO      Poll OK — 2026-06-25T17:25:12.448976+00:00
2026-06-25T10:25:23  INFO      Poll OK — 2026-06-25T17:25:22.917159+00:00
2026-06-25T10:25:33  INFO      Poll OK — 2026-06-25T17:25:33.381159+00:00
2026-06-25T10:25:44  INFO      Poll OK — 2026-06-25T17:25:43.847625+00:00
2026-06-25T10:25:54  INFO      Poll OK — 2026-06-25T17:25:54.313122+00:00
2026-06-25T10:26:05  INFO      Poll OK — 2026-06-25T17:26:04.780892+00:00
2026-06-25T10:26:15  INFO      Poll OK — 2026-06-25T17:26:15.251042+00:00
2026-06-25T10:26:26  INFO      Poll OK — 2026-06-25T17:26:25.715737+00:00
2026-06-25T10:26:36  INFO      Poll OK — 2026-06-25T17:26:36.184328+00:00
2026-06-25T10:26:47  INFO      Poll OK — 2026-06-25T17:26:46.648749+00:00
2026-06-25T10:26:57  INFO      Poll OK — 2026-06-25T17:26:57.115324+00:00
2026-06-25T10:27:08  INFO      Poll OK — 2026-06-25T17:27:07.581960+00:00
2026-06-25T10:27:18  INFO      Poll OK — 2026-06-25T17:27:18.047914+00:00
2026-06-25T10:27:28  INFO      Poll OK — 2026-06-25T17:27:28.512673+00:00
2026-06-25T10:27:39  INFO      Poll OK — 2026-06-25T17:27:38.977287+00:00
2026-06-25T10:27:49  INFO      Poll OK — 2026-06-25T17:27:49.445682+00:00
2026-06-25T10:28:00  INFO      Poll OK — 2026-06-25T17:27:59.912147+00:00
2026-06-25T10:28:10  INFO      Poll OK — 2026-06-25T17:28:10.381041+00:00
2026-06-25T10:28:21  INFO      Poll OK — 2026-06-25T17:28:20.846476+00:00
2026-06-25T10:28:31  INFO      Poll OK — 2026-06-25T17:28:31.312231+00:00
2026-06-25T10:28:42  INFO      Poll OK — 2026-06-25T17:28:41.778409+00:00
2026-06-25T10:28:52  INFO      Poll OK — 2026-06-25T17:28:52.242921+00:00
2026-06-25T10:29:03  INFO      Poll OK — 2026-06-25T17:29:02.708161+00:00
2026-06-25T10:29:13  INFO      Poll OK — 2026-06-25T17:29:13.174618+00:00
2026-06-25T10:29:24  INFO      Poll OK — 2026-06-25T17:29:23.639011+00:00
2026-06-25T10:29:34  INFO      Poll OK — 2026-06-25T17:29:34.105261+00:00
2026-06-25T10:29:45  INFO      Poll OK — 2026-06-25T17:29:44.571912+00:00
2026-06-25T10:29:55  INFO      Poll OK — 2026-06-25T17:29:55.040060+00:00
2026-06-25T10:30:05  INFO      Poll OK — 2026-06-25T17:30:05.507246+00:00
2026-06-25T10:30:16  INFO      Poll OK — 2026-06-25T17:30:15.972263+00:00
2026-06-25T10:30:26  INFO      Poll OK — 2026-06-25T17:30:26.437922+00:00
2026-06-25T10:30:37  INFO      Poll OK — 2026-06-25T17:30:36.904098+00:00
2026-06-25T10:30:47  INFO      Poll OK — 2026-06-25T17:30:47.380772+00:00
2026-06-25T10:30:58  INFO      Poll OK — 2026-06-25T17:30:57.843973+00:00
2026-06-25T10:31:08  INFO      Poll OK — 2026-06-25T17:31:08.320915+00:00
2026-06-25T10:31:19  INFO      Poll OK — 2026-06-25T17:31:18.785675+00:00
2026-06-25T10:31:29  INFO      Poll OK — 2026-06-25T17:31:29.250942+00:00
2026-06-25T10:31:40  INFO      Poll OK — 2026-06-25T17:31:39.719575+00:00
2026-06-25T10:31:50  INFO      Poll OK — 2026-06-25T17:31:50.186387+00:00
2026-06-25T10:32:01  INFO      Poll OK — 2026-06-25T17:32:00.654595+00:00
2026-06-25T10:32:11  INFO      Poll OK — 2026-06-25T17:32:11.118440+00:00
2026-06-25T10:32:22  INFO      Poll OK — 2026-06-25T17:32:21.584111+00:00
2026-06-25T10:32:32  INFO      Poll OK — 2026-06-25T17:32:32.052901+00:00
2026-06-25T10:32:42  INFO      Poll OK — 2026-06-25T17:32:42.523830+00:00
2026-06-25T10:32:53  INFO      Poll OK — 2026-06-25T17:32:52.990511+00:00
2026-06-25T10:33:03  INFO      Poll OK — 2026-06-25T17:33:03.454490+00:00
2026-06-25T10:33:14  INFO      Poll OK — 2026-06-25T17:33:13.922370+00:00
2026-06-25T10:33:24  INFO      Poll OK — 2026-06-25T17:33:24.387497+00:00
2026-06-25T10:33:35  INFO      Poll OK — 2026-06-25T17:33:34.854097+00:00
2026-06-25T10:33:45  INFO      Poll OK — 2026-06-25T17:33:45.322343+00:00
2026-06-25T10:33:56  INFO      Poll OK — 2026-06-25T17:33:55.787596+00:00
2026-06-25T10:34:06  INFO      Poll OK — 2026-06-25T17:34:06.254360+00:00
2026-06-25T10:34:17  INFO      Poll OK — 2026-06-25T17:34:16.718693+00:00
2026-06-25T10:34:27  INFO      Poll OK — 2026-06-25T17:34:27.184681+00:00
2026-06-25T10:34:38  INFO      Poll OK — 2026-06-25T17:34:37.650386+00:00
2026-06-25T10:34:48  INFO      Poll OK — 2026-06-25T17:34:48.124658+00:00
2026-06-25T10:34:59  INFO      Poll OK — 2026-06-25T17:34:58.591077+00:00
2026-06-25T10:35:09  INFO      Poll OK — 2026-06-25T17:35:09.055278+00:00
2026-06-25T10:35:19  INFO      Poll OK — 2026-06-25T17:35:19.523692+00:00
2026-06-25T10:35:30  INFO      Poll OK — 2026-06-25T17:35:29.989848+00:00
2026-06-25T10:35:40  INFO      Poll OK — 2026-06-25T17:35:40.457510+00:00
2026-06-25T10:35:51  INFO      Poll OK — 2026-06-25T17:35:50.923588+00:00
2026-06-25T10:36:01  INFO      Poll OK — 2026-06-25T17:36:01.388220+00:00
2026-06-25T10:36:12  INFO      Poll OK — 2026-06-25T17:36:11.854519+00:00
2026-06-25T10:36:22  INFO      Poll OK — 2026-06-25T17:36:22.319017+00:00
2026-06-25T10:36:33  INFO      Poll OK — 2026-06-25T17:36:32.785283+00:00
2026-06-25T10:36:43  INFO      Poll OK — 2026-06-25T17:36:43.259375+00:00
2026-06-25T10:36:54  INFO      Poll OK — 2026-06-25T17:36:53.725145+00:00
2026-06-25T10:37:04  INFO      Poll OK — 2026-06-25T17:37:04.189844+00:00
2026-06-25T10:37:15  INFO      Poll OK — 2026-06-25T17:37:14.657680+00:00
2026-06-25T10:37:25  INFO      Poll OK — 2026-06-25T17:37:25.126569+00:00
2026-06-25T10:37:36  INFO      Poll OK — 2026-06-25T17:37:35.591938+00:00
2026-06-25T10:37:46  INFO      Poll OK — 2026-06-25T17:37:46.057058+00:00
2026-06-25T10:37:56  INFO      Poll OK — 2026-06-25T17:37:56.522973+00:00
2026-06-25T10:38:07  INFO      Poll OK — 2026-06-25T17:38:06.987157+00:00
2026-06-25T10:38:17  INFO      Poll OK — 2026-06-25T17:38:17.454656+00:00
2026-06-25T10:38:28  INFO      Poll OK — 2026-06-25T17:38:27.929214+00:00
2026-06-25T10:38:38  INFO      Poll OK — 2026-06-25T17:38:38.394256+00:00
2026-06-25T10:38:49  INFO      Poll OK — 2026-06-25T17:38:48.859918+00:00
2026-06-25T10:38:59  INFO      Poll OK — 2026-06-25T17:38:59.323998+00:00
2026-06-25T10:39:10  INFO      Poll OK — 2026-06-25T17:39:09.792209+00:00
2026-06-25T10:39:20  INFO      Poll OK — 2026-06-25T17:39:20.259445+00:00
2026-06-25T10:39:31  INFO      Poll OK — 2026-06-25T17:39:30.727482+00:00
2026-06-25T10:39:41  INFO      Poll OK — 2026-06-25T17:39:41.191034+00:00
2026-06-25T10:39:52  INFO      Poll OK — 2026-06-25T17:39:51.657642+00:00
2026-06-25T10:40:02  INFO      Poll OK — 2026-06-25T17:40:02.121935+00:00
2026-06-25T10:40:13  INFO      Poll OK — 2026-06-25T17:40:12.586042+00:00
2026-06-25T10:40:23  INFO      Poll OK — 2026-06-25T17:40:23.052101+00:00
2026-06-25T10:40:33  INFO      Poll OK — 2026-06-25T17:40:33.515880+00:00
2026-06-25T10:40:44  INFO      Poll OK — 2026-06-25T17:40:43.982178+00:00
2026-06-25T10:40:54  INFO      Poll OK — 2026-06-25T17:40:54.448504+00:00
2026-06-25T10:41:05  INFO      Poll OK — 2026-06-25T17:41:04.914755+00:00
2026-06-25T10:41:15  INFO      Poll OK — 2026-06-25T17:41:15.382056+00:00
2026-06-25T10:41:26  INFO      Poll OK — 2026-06-25T17:41:25.847415+00:00
2026-06-25T10:41:36  INFO      Poll OK — 2026-06-25T17:41:36.323682+00:00
2026-06-25T10:41:47  INFO      Poll OK — 2026-06-25T17:41:46.796926+00:00
2026-06-25T10:41:57  INFO      Poll OK — 2026-06-25T17:41:57.263176+00:00
2026-06-25T10:42:08  INFO      Poll OK — 2026-06-25T17:42:07.727366+00:00
2026-06-25T10:42:18  INFO      Poll OK — 2026-06-25T17:42:18.191809+00:00
2026-06-25T10:42:29  INFO      Poll OK — 2026-06-25T17:42:28.658088+00:00
2026-06-25T10:42:39  INFO      Poll OK — 2026-06-25T17:42:39.122682+00:00
2026-06-25T10:42:50  INFO      Poll OK — 2026-06-25T17:42:49.589545+00:00
2026-06-25T10:43:00  INFO      Poll OK — 2026-06-25T17:43:00.056110+00:00
2026-06-25T10:43:10  INFO      Poll OK — 2026-06-25T17:43:10.524259+00:00
2026-06-25T10:43:21  INFO      Poll OK — 2026-06-25T17:43:20.987796+00:00
2026-06-25T10:43:31  INFO      Poll OK — 2026-06-25T17:43:31.453127+00:00
2026-06-25T10:43:42  INFO      Poll OK — 2026-06-25T17:43:41.919047+00:00
2026-06-25T10:43:52  INFO      Poll OK — 2026-06-25T17:43:52.382741+00:00
2026-06-25T10:44:03  INFO      Poll OK — 2026-06-25T17:44:02.848894+00:00
2026-06-25T10:44:13  INFO      Poll OK — 2026-06-25T17:44:13.313216+00:00
2026-06-25T10:44:24  INFO      Poll OK — 2026-06-25T17:44:23.788639+00:00
2026-06-25T10:44:34  INFO      Poll OK — 2026-06-25T17:44:34.254046+00:00
2026-06-25T10:44:45  INFO      Poll OK — 2026-06-25T17:44:44.720189+00:00
2026-06-25T10:44:55  INFO      Poll OK — 2026-06-25T17:44:55.199521+00:00
2026-06-25T10:45:06  INFO      Poll OK — 2026-06-25T17:45:05.663774+00:00
2026-06-25T10:45:16  INFO      Poll OK — 2026-06-25T17:45:16.138893+00:00
2026-06-25T10:45:27  INFO      Poll OK — 2026-06-25T17:45:26.604915+00:00
2026-06-25T10:45:37  INFO      Poll OK — 2026-06-25T17:45:37.069636+00:00
2026-06-25T10:45:47  INFO      Poll OK — 2026-06-25T17:45:47.535693+00:00
2026-06-25T10:45:58  INFO      Poll OK — 2026-06-25T17:45:57.999137+00:00
2026-06-25T10:46:08  INFO      Poll OK — 2026-06-25T17:46:08.464459+00:00
2026-06-25T10:46:19  INFO      Poll OK — 2026-06-25T17:46:18.929147+00:00
2026-06-25T10:46:29  INFO      Poll OK — 2026-06-25T17:46:29.396453+00:00
2026-06-25T10:46:40  INFO      Poll OK — 2026-06-25T17:46:39.863283+00:00
2026-06-25T10:46:50  INFO      Poll OK — 2026-06-25T17:46:50.328678+00:00
2026-06-25T10:47:01  INFO      Poll OK — 2026-06-25T17:47:00.795916+00:00
2026-06-25T10:47:11  INFO      Poll OK — 2026-06-25T17:47:11.259121+00:00
2026-06-25T10:47:22  INFO      Poll OK — 2026-06-25T17:47:21.724681+00:00
2026-06-25T10:47:32  INFO      Poll OK — 2026-06-25T17:47:32.200649+00:00
2026-06-25T10:47:43  INFO      Poll OK — 2026-06-25T17:47:42.665609+00:00
2026-06-25T10:47:53  INFO      Poll OK — 2026-06-25T17:47:53.140227+00:00
2026-06-25T10:48:04  INFO      Poll OK — 2026-06-25T17:48:03.603846+00:00
2026-06-25T10:48:14  INFO      Poll OK — 2026-06-25T17:48:14.070749+00:00
2026-06-25T10:48:25  INFO      Poll OK — 2026-06-25T17:48:24.536361+00:00
2026-06-25T10:48:35  INFO      Poll OK — 2026-06-25T17:48:35.003333+00:00
2026-06-25T10:48:45  INFO      Poll OK — 2026-06-25T17:48:45.470988+00:00
2026-06-25T10:48:56  INFO      Poll OK — 2026-06-25T17:48:55.934968+00:00
2026-06-25T10:49:06  INFO      Poll OK — 2026-06-25T17:49:06.411883+00:00
2026-06-25T10:49:17  INFO      Poll OK — 2026-06-25T17:49:16.875001+00:00
2026-06-25T10:49:27  INFO      Poll OK — 2026-06-25T17:49:27.341141+00:00
2026-06-25T10:49:38  INFO      Poll OK — 2026-06-25T17:49:37.805660+00:00
2026-06-25T10:49:48  INFO      Poll OK — 2026-06-25T17:49:48.270655+00:00
2026-06-25T10:49:59  INFO      Poll OK — 2026-06-25T17:49:58.735941+00:00
2026-06-25T10:50:09  INFO      Poll OK — 2026-06-25T17:50:09.199000+00:00
2026-06-25T10:50:20  INFO      Poll OK — 2026-06-25T17:50:19.668483+00:00
2026-06-25T10:50:30  INFO      Poll OK — 2026-06-25T17:50:30.145832+00:00
2026-06-25T10:50:41  INFO      Poll OK — 2026-06-25T17:50:40.610902+00:00
2026-06-25T10:50:51  INFO      Poll OK — 2026-06-25T17:50:51.076230+00:00
2026-06-25T10:51:02  INFO      Poll OK — 2026-06-25T17:51:01.540446+00:00
2026-06-25T10:51:12  INFO      Poll OK — 2026-06-25T17:51:12.008944+00:00
2026-06-25T10:51:22  INFO      Poll OK — 2026-06-25T17:51:22.470475+00:00
2026-06-25T10:51:33  INFO      Poll OK — 2026-06-25T17:51:32.946307+00:00
2026-06-25T10:51:43  INFO      Poll OK — 2026-06-25T17:51:43.410872+00:00
2026-06-25T10:51:54  INFO      Poll OK — 2026-06-25T17:51:53.875209+00:00
2026-06-25T10:52:04  INFO      Poll OK — 2026-06-25T17:52:04.341471+00:00
2026-06-25T10:52:15  INFO      Poll OK — 2026-06-25T17:52:14.807455+00:00
2026-06-25T10:52:25  INFO      Poll OK — 2026-06-25T17:52:25.275955+00:00
2026-06-25T10:52:36  INFO      Poll OK — 2026-06-25T17:52:35.740502+00:00
2026-06-25T10:52:46  INFO      Poll OK — 2026-06-25T17:52:46.206496+00:00
2026-06-25T10:52:57  INFO      Poll OK — 2026-06-25T17:52:56.671151+00:00
2026-06-25T10:53:07  INFO      Poll OK — 2026-06-25T17:53:07.146512+00:00
2026-06-25T10:53:18  INFO      Poll OK — 2026-06-25T17:53:17.611523+00:00
2026-06-25T10:53:28  INFO      Poll OK — 2026-06-25T17:53:28.075630+00:00
2026-06-25T10:53:39  INFO      Poll OK — 2026-06-25T17:53:38.551881+00:00
2026-06-25T10:53:49  INFO      Poll OK — 2026-06-25T17:53:49.015875+00:00
2026-06-25T10:53:59  INFO      Poll OK — 2026-06-25T17:53:59.482498+00:00
2026-06-25T10:54:10  INFO      Poll OK — 2026-06-25T17:54:09.949784+00:00
2026-06-25T10:54:20  INFO      Poll OK — 2026-06-25T17:54:20.416027+00:00
2026-06-25T10:54:31  INFO      Poll OK — 2026-06-25T17:54:30.882462+00:00
2026-06-25T10:54:41  INFO      Poll OK — 2026-06-25T17:54:41.346504+00:00
2026-06-25T10:54:52  INFO      Poll OK — 2026-06-25T17:54:51.811958+00:00
2026-06-25T10:55:02  INFO      Poll OK — 2026-06-25T17:55:02.277080+00:00
2026-06-25T10:55:13  INFO      Poll OK — 2026-06-25T17:55:12.741318+00:00
2026-06-25T10:55:23  INFO      Poll OK — 2026-06-25T17:55:23.206542+00:00
2026-06-25T10:55:34  INFO      Poll OK — 2026-06-25T17:55:33.671048+00:00
2026-06-25T10:55:44  INFO      Poll OK — 2026-06-25T17:55:44.138705+00:00
2026-06-25T10:55:55  INFO      Poll OK — 2026-06-25T17:55:54.604065+00:00
2026-06-25T10:56:05  INFO      Poll OK — 2026-06-25T17:56:05.069638+00:00
2026-06-25T10:56:16  INFO      Poll OK — 2026-06-25T17:56:15.537153+00:00
2026-06-25T10:56:26  INFO      Poll OK — 2026-06-25T17:56:26.002575+00:00
2026-06-25T10:56:36  INFO      Poll OK — 2026-06-25T17:56:36.468521+00:00
2026-06-25T10:56:47  INFO      Poll OK — 2026-06-25T17:56:46.931530+00:00
2026-06-25T10:56:57  INFO      Poll OK — 2026-06-25T17:56:57.397199+00:00
2026-06-25T10:57:08  INFO      Poll OK — 2026-06-25T17:57:07.861486+00:00
2026-06-25T10:57:18  INFO      Poll OK — 2026-06-25T17:57:18.326767+00:00
2026-06-25T10:57:29  INFO      Poll OK — 2026-06-25T17:57:28.791315+00:00
2026-06-25T10:57:39  INFO      Poll OK — 2026-06-25T17:57:39.256233+00:00
2026-06-25T10:57:50  INFO      Poll OK — 2026-06-25T17:57:49.725865+00:00
2026-06-25T10:58:00  INFO      Poll OK — 2026-06-25T17:58:00.191774+00:00
2026-06-25T10:58:11  INFO      Poll OK — 2026-06-25T17:58:10.668078+00:00
2026-06-25T10:58:21  INFO      Poll OK — 2026-06-25T17:58:21.142618+00:00
2026-06-25T10:58:32  INFO      Poll OK — 2026-06-25T17:58:31.606675+00:00
2026-06-25T10:58:42  INFO      Poll OK — 2026-06-25T17:58:42.074220+00:00
2026-06-25T10:58:53  INFO      Poll OK — 2026-06-25T17:58:52.537247+00:00
2026-06-25T10:59:03  INFO      Poll OK — 2026-06-25T17:59:03.002140+00:00
2026-06-25T10:59:13  INFO      Poll OK — 2026-06-25T17:59:13.467816+00:00
2026-06-25T10:59:24  INFO      Poll OK — 2026-06-25T17:59:23.932377+00:00
2026-06-25T10:59:34  INFO      Poll OK — 2026-06-25T17:59:34.399195+00:00
2026-06-25T10:59:45  INFO      Poll OK — 2026-06-25T17:59:44.865454+00:00
2026-06-25T10:59:55  INFO      Poll OK — 2026-06-25T17:59:55.334765+00:00
2026-06-25T11:00:06  INFO      Poll OK — 2026-06-25T18:00:05.797598+00:00
2026-06-25T11:00:16  INFO      Poll OK — 2026-06-25T18:00:16.262931+00:00
2026-06-25T11:00:27  INFO      Poll OK — 2026-06-25T18:00:26.727188+00:00
2026-06-25T11:00:37  INFO      Poll OK — 2026-06-25T18:00:37.202225+00:00
2026-06-25T11:00:48  INFO      Poll OK — 2026-06-25T18:00:47.668399+00:00
2026-06-25T11:00:58  INFO      Poll OK — 2026-06-25T18:00:58.132396+00:00
2026-06-25T11:01:09  INFO      Poll OK — 2026-06-25T18:01:08.597839+00:00
2026-06-25T11:01:19  INFO      Poll OK — 2026-06-25T18:01:19.071642+00:00
2026-06-25T11:01:30  INFO      Poll OK — 2026-06-25T18:01:29.538730+00:00
2026-06-25T11:01:40  INFO      Poll OK — 2026-06-25T18:01:40.005936+00:00
2026-06-25T11:01:50  INFO      Poll OK — 2026-06-25T18:01:50.472385+00:00
2026-06-25T11:02:01  INFO      Poll OK — 2026-06-25T18:02:00.949726+00:00
2026-06-25T11:02:11  INFO      Poll OK — 2026-06-25T18:02:11.412680+00:00
2026-06-25T11:02:22  INFO      Poll OK — 2026-06-25T18:02:21.877731+00:00
2026-06-25T11:02:32  INFO      Poll OK — 2026-06-25T18:02:32.343199+00:00
2026-06-25T11:02:43  INFO      Poll OK — 2026-06-25T18:02:42.808170+00:00
2026-06-25T11:02:53  INFO      Poll OK — 2026-06-25T18:02:53.274610+00:00
2026-06-25T11:03:04  INFO      Poll OK — 2026-06-25T18:03:03.747503+00:00
2026-06-25T11:03:14  INFO      Poll OK — 2026-06-25T18:03:14.213751+00:00
2026-06-25T11:03:25  INFO      Poll OK — 2026-06-25T18:03:24.681151+00:00
2026-06-25T11:03:35  INFO      Poll OK — 2026-06-25T18:03:35.147989+00:00
2026-06-25T11:03:46  INFO      Poll OK — 2026-06-25T18:03:45.615251+00:00
2026-06-25T11:03:56  INFO      Poll OK — 2026-06-25T18:03:56.079069+00:00
2026-06-25T11:04:07  INFO      Poll OK — 2026-06-25T18:04:06.555836+00:00
2026-06-25T11:04:17  INFO      Poll OK — 2026-06-25T18:04:17.018782+00:00
2026-06-25T11:04:27  INFO      Poll OK — 2026-06-25T18:04:27.485153+00:00
2026-06-25T11:04:38  INFO      Poll OK — 2026-06-25T18:04:37.960254+00:00
2026-06-25T11:04:48  INFO      Poll OK — 2026-06-25T18:04:48.425275+00:00
2026-06-25T11:04:59  INFO      Poll OK — 2026-06-25T18:04:58.890647+00:00
2026-06-25T11:05:09  INFO      Poll OK — 2026-06-25T18:05:09.356071+00:00
2026-06-25T11:05:20  INFO      Poll OK — 2026-06-25T18:05:19.824732+00:00
2026-06-25T11:05:30  INFO      Poll OK — 2026-06-25T18:05:30.300227+00:00
2026-06-25T11:05:41  INFO      Poll OK — 2026-06-25T18:05:40.766675+00:00
2026-06-25T11:05:51  INFO      Poll OK — 2026-06-25T18:05:51.231779+00:00
2026-06-25T11:06:02  INFO      Poll OK — 2026-06-25T18:06:01.696710+00:00
2026-06-25T11:06:12  INFO      Poll OK — 2026-06-25T18:06:12.173686+00:00
2026-06-25T11:06:23  INFO      Poll OK — 2026-06-25T18:06:22.636107+00:00
2026-06-25T11:06:33  INFO      Poll OK — 2026-06-25T18:06:33.102545+00:00
2026-06-25T11:06:44  INFO      Poll OK — 2026-06-25T18:06:43.566842+00:00
2026-06-25T11:06:54  INFO      Poll OK — 2026-06-25T18:06:54.031496+00:00
2026-06-25T11:07:04  INFO      Poll OK — 2026-06-25T18:07:04.508913+00:00
2026-06-25T11:07:15  INFO      Poll OK — 2026-06-25T18:07:14.975297+00:00
2026-06-25T11:07:25  INFO      Poll OK — 2026-06-25T18:07:25.444611+00:00
2026-06-25T11:07:36  INFO      Poll OK — 2026-06-25T18:07:35.918061+00:00
2026-06-25T11:07:46  INFO      Poll OK — 2026-06-25T18:07:46.394146+00:00
2026-06-25T11:07:57  INFO      Poll OK — 2026-06-25T18:07:56.859693+00:00
2026-06-25T11:08:07  INFO      Poll OK — 2026-06-25T18:08:07.323337+00:00
2026-06-25T11:08:18  INFO      Poll OK — 2026-06-25T18:08:17.789785+00:00
2026-06-25T11:08:28  INFO      Poll OK — 2026-06-25T18:08:28.252923+00:00
2026-06-25T11:08:39  INFO      Poll OK — 2026-06-25T18:08:38.718993+00:00
2026-06-25T11:08:49  INFO      Poll OK — 2026-06-25T18:08:49.194124+00:00
2026-06-25T11:09:00  INFO      Poll OK — 2026-06-25T18:08:59.661265+00:00
2026-06-25T11:09:10  INFO      Poll OK — 2026-06-25T18:09:10.129719+00:00
2026-06-25T11:09:21  INFO      Poll OK — 2026-06-25T18:09:20.594682+00:00
2026-06-25T11:09:31  INFO      Poll OK — 2026-06-25T18:09:31.061153+00:00
2026-06-25T11:09:41  INFO      Poll OK — 2026-06-25T18:09:41.525207+00:00
2026-06-25T11:09:52  INFO      Poll OK — 2026-06-25T18:09:51.992349+00:00
2026-06-25T11:10:02  INFO      Poll OK — 2026-06-25T18:10:02.455697+00:00
2026-06-25T11:10:13  INFO      Poll OK — 2026-06-25T18:10:12.921119+00:00
2026-06-25T11:10:23  INFO      Poll OK — 2026-06-25T18:10:23.386649+00:00
2026-06-25T11:10:34  INFO      Poll OK — 2026-06-25T18:10:33.850593+00:00
2026-06-25T11:10:44  INFO      Poll OK — 2026-06-25T18:10:44.317854+00:00
2026-06-25T11:10:55  INFO      Poll OK — 2026-06-25T18:10:54.785102+00:00
2026-06-25T11:11:05  INFO      Poll OK — 2026-06-25T18:11:05.250869+00:00
2026-06-25T11:11:16  INFO      Poll OK — 2026-06-25T18:11:15.717503+00:00
2026-06-25T11:11:26  INFO      Poll OK — 2026-06-25T18:11:26.193149+00:00
2026-06-25T11:11:37  INFO      Poll OK — 2026-06-25T18:11:36.658813+00:00
2026-06-25T11:11:47  INFO      Poll OK — 2026-06-25T18:11:47.121369+00:00
2026-06-25T11:11:58  INFO      Poll OK — 2026-06-25T18:11:57.588385+00:00
2026-06-25T11:12:08  INFO      Poll OK — 2026-06-25T18:12:08.053668+00:00
2026-06-25T11:12:18  INFO      Poll OK — 2026-06-25T18:12:18.517810+00:00
2026-06-25T11:12:29  INFO      Poll OK — 2026-06-25T18:12:28.983969+00:00
2026-06-25T11:12:39  INFO      Poll OK — 2026-06-25T18:12:39.449837+00:00
2026-06-25T11:12:50  INFO      Poll OK — 2026-06-25T18:12:49.917314+00:00
2026-06-25T11:13:00  INFO      Poll OK — 2026-06-25T18:13:00.384790+00:00
2026-06-25T11:13:11  INFO      Poll OK — 2026-06-25T18:13:10.850091+00:00
2026-06-25T11:13:21  ERROR     ERROR: request ask for transaction_id=51641 but got id=1, Skipping.
2026-06-25T11:13:21  ERROR     ERROR: request ask for transaction_id=51641 but got id=2, Skipping.
2026-06-25T11:13:21  ERROR     ERROR: request ask for transaction_id=51641 but got id=3, Skipping.
2026-06-25T11:13:21  ERROR     ERROR: request ask for transaction_id=51641 but got id=4, Skipping.
2026-06-25T11:13:21  ERROR     ERROR: request ask for transaction_id=51641 but got id=5, Skipping.
2026-06-25T11:13:21  ERROR     ERROR: request ask for transaction_id=51641 but got id=6, Skipping.
2026-06-25T11:13:21  ERROR     ERROR: request ask for transaction_id=51641 but got id=7, Skipping.
2026-06-25T11:13:21  ERROR     ERROR: request ask for transaction_id=51641 but got id=8, Skipping.
2026-06-25T11:13:21  ERROR     ERROR: request ask for transaction_id=51641 but got id=9, Skipping.
2026-06-25T11:13:21  ERROR     ERROR: request ask for transaction_id=51641 but got id=10, Skipping.
2026-06-25T11:13:21  ERROR     ERROR: request ask for transaction_id=51641 but got id=11, Skipping.
2026-06-25T11:13:21  ERROR     ERROR: request ask for transaction_id=51641 but got id=12, Skipping.
2026-06-25T11:13:21  ERROR     ERROR: request ask for transaction_id=51641 but got id=13, Skipping.
2026-06-25T11:13:21  ERROR     ERROR: request ask for transaction_id=51641 but got id=14, Skipping.
2026-06-25T11:13:21  ERROR     ERROR: request ask for transaction_id=51641 but got id=15, Skipping.
2026-06-25T11:13:21  INFO      Poll OK — 2026-06-25T18:13:21.325229+00:00
2026-06-25T11:13:31  ERROR     ERROR: request ask for transaction_id=51656 but got id=16, Skipping.
2026-06-25T11:13:31  ERROR     ERROR: request ask for transaction_id=51656 but got id=17, Skipping.
2026-06-25T11:13:31  ERROR     ERROR: request ask for transaction_id=51656 but got id=18, Skipping.
2026-06-25T11:13:31  ERROR     ERROR: request ask for transaction_id=51656 but got id=19, Skipping.
2026-06-25T11:13:31  ERROR     ERROR: request ask for transaction_id=51656 but got id=20, Skipping.
2026-06-25T11:13:31  ERROR     ERROR: request ask for transaction_id=51656 but got id=21, Skipping.
2026-06-25T11:13:31  ERROR     ERROR: request ask for transaction_id=51656 but got id=22, Skipping.
2026-06-25T11:13:31  ERROR     ERROR: request ask for transaction_id=51656 but got id=23, Skipping.
2026-06-25T11:13:31  ERROR     ERROR: request ask for transaction_id=51656 but got id=24, Skipping.
2026-06-25T11:13:31  ERROR     ERROR: request ask for transaction_id=51656 but got id=25, Skipping.
2026-06-25T11:13:31  ERROR     ERROR: request ask for transaction_id=51656 but got id=26, Skipping.
2026-06-25T11:13:31  ERROR     ERROR: request ask for transaction_id=51656 but got id=27, Skipping.
2026-06-25T11:13:31  ERROR     ERROR: request ask for transaction_id=51656 but got id=28, Skipping.
2026-06-25T11:13:31  ERROR     ERROR: request ask for transaction_id=51656 but got id=29, Skipping.
2026-06-25T11:13:31  ERROR     ERROR: request ask for transaction_id=51656 but got id=30, Skipping.
2026-06-25T11:13:32  INFO      Poll OK — 2026-06-25T18:13:31.784485+00:00
2026-06-25T11:13:42  ERROR     ERROR: request ask for transaction_id=51671 but got id=31, Skipping.
2026-06-25T11:13:42  ERROR     ERROR: request ask for transaction_id=51671 but got id=32, Skipping.
2026-06-25T11:13:42  ERROR     ERROR: request ask for transaction_id=51671 but got id=33, Skipping.
2026-06-25T11:13:42  ERROR     ERROR: request ask for transaction_id=51671 but got id=34, Skipping.
2026-06-25T11:13:42  ERROR     ERROR: request ask for transaction_id=51671 but got id=35, Skipping.
2026-06-25T11:13:42  ERROR     ERROR: request ask for transaction_id=51671 but got id=36, Skipping.
2026-06-25T11:13:42  ERROR     ERROR: request ask for transaction_id=51671 but got id=37, Skipping.
2026-06-25T11:13:42  ERROR     ERROR: request ask for transaction_id=51671 but got id=38, Skipping.
2026-06-25T11:13:42  ERROR     ERROR: request ask for transaction_id=51671 but got id=39, Skipping.
2026-06-25T11:13:42  ERROR     ERROR: request ask for transaction_id=51671 but got id=40, Skipping.
2026-06-25T11:13:42  ERROR     ERROR: request ask for transaction_id=51671 but got id=41, Skipping.
2026-06-25T11:13:42  ERROR     ERROR: request ask for transaction_id=51671 but got id=42, Skipping.
2026-06-25T11:13:42  ERROR     ERROR: request ask for transaction_id=51671 but got id=43, Skipping.
2026-06-25T11:13:42  ERROR     ERROR: request ask for transaction_id=51671 but got id=44, Skipping.
2026-06-25T11:13:42  ERROR     ERROR: request ask for transaction_id=51671 but got id=45, Skipping.
2026-06-25T11:13:42  INFO      Poll OK — 2026-06-25T18:13:42.246261+00:00
2026-06-25T11:13:52  ERROR     ERROR: request ask for transaction_id=51686 but got id=46, Skipping.
2026-06-25T11:13:52  ERROR     ERROR: request ask for transaction_id=51686 but got id=47, Skipping.
2026-06-25T11:13:52  ERROR     ERROR: request ask for transaction_id=51686 but got id=48, Skipping.
2026-06-25T11:13:52  ERROR     ERROR: request ask for transaction_id=51686 but got id=49, Skipping.
2026-06-25T11:13:52  ERROR     ERROR: request ask for transaction_id=51686 but got id=50, Skipping.
2026-06-25T11:13:52  ERROR     ERROR: request ask for transaction_id=51686 but got id=51, Skipping.
2026-06-25T11:13:52  ERROR     ERROR: request ask for transaction_id=51686 but got id=52, Skipping.
2026-06-25T11:13:52  ERROR     ERROR: request ask for transaction_id=51686 but got id=53, Skipping.
2026-06-25T11:13:52  ERROR     ERROR: request ask for transaction_id=51686 but got id=54, Skipping.
2026-06-25T11:13:52  ERROR     ERROR: request ask for transaction_id=51686 but got id=55, Skipping.
2026-06-25T11:13:52  ERROR     ERROR: request ask for transaction_id=51686 but got id=56, Skipping.
2026-06-25T11:13:52  ERROR     ERROR: request ask for transaction_id=51686 but got id=57, Skipping.
2026-06-25T11:13:52  ERROR     ERROR: request ask for transaction_id=51686 but got id=58, Skipping.
2026-06-25T11:13:52  ERROR     ERROR: request ask for transaction_id=51686 but got id=59, Skipping.
2026-06-25T11:13:52  ERROR     ERROR: request ask for transaction_id=51686 but got id=60, Skipping.
2026-06-25T11:13:53  INFO      Poll OK — 2026-06-25T18:13:52.705566+00:00
2026-06-25T11:14:03  ERROR     ERROR: request ask for transaction_id=51701 but got id=61, Skipping.
2026-06-25T11:14:03  ERROR     ERROR: request ask for transaction_id=51701 but got id=62, Skipping.
2026-06-25T11:14:03  ERROR     ERROR: request ask for transaction_id=51701 but got id=63, Skipping.
2026-06-25T11:14:03  ERROR     ERROR: request ask for transaction_id=51701 but got id=64, Skipping.
2026-06-25T11:14:03  ERROR     ERROR: request ask for transaction_id=51701 but got id=65, Skipping.
2026-06-25T11:14:03  ERROR     ERROR: request ask for transaction_id=51701 but got id=66, Skipping.
2026-06-25T11:14:03  ERROR     ERROR: request ask for transaction_id=51701 but got id=67, Skipping.
2026-06-25T11:14:03  ERROR     ERROR: request ask for transaction_id=51701 but got id=68, Skipping.
2026-06-25T11:14:03  ERROR     ERROR: request ask for transaction_id=51701 but got id=69, Skipping.
2026-06-25T11:14:03  ERROR     ERROR: request ask for transaction_id=51701 but got id=70, Skipping.
2026-06-25T11:14:03  ERROR     ERROR: request ask for transaction_id=51701 but got id=71, Skipping.
2026-06-25T11:14:03  ERROR     ERROR: request ask for transaction_id=51701 but got id=72, Skipping.
2026-06-25T11:14:03  ERROR     ERROR: request ask for transaction_id=51701 but got id=73, Skipping.
2026-06-25T11:14:03  ERROR     ERROR: request ask for transaction_id=51701 but got id=74, Skipping.
2026-06-25T11:14:03  ERROR     ERROR: request ask for transaction_id=51701 but got id=75, Skipping.
2026-06-25T11:14:03  INFO      Poll OK — 2026-06-25T18:14:03.167133+00:00
2026-06-25T11:14:13  ERROR     ERROR: request ask for transaction_id=51716 but got id=76, Skipping.
2026-06-25T11:14:13  ERROR     ERROR: request ask for transaction_id=51716 but got id=77, Skipping.
2026-06-25T11:14:13  ERROR     ERROR: request ask for transaction_id=51716 but got id=78, Skipping.
2026-06-25T11:14:13  ERROR     ERROR: request ask for transaction_id=51716 but got id=79, Skipping.
2026-06-25T11:14:13  ERROR     ERROR: request ask for transaction_id=51716 but got id=80, Skipping.
2026-06-25T11:14:13  ERROR     ERROR: request ask for transaction_id=51716 but got id=81, Skipping.
2026-06-25T11:14:13  ERROR     ERROR: request ask for transaction_id=51716 but got id=82, Skipping.
2026-06-25T11:14:13  ERROR     ERROR: request ask for transaction_id=51716 but got id=83, Skipping.
2026-06-25T11:14:13  ERROR     ERROR: request ask for transaction_id=51716 but got id=84, Skipping.
2026-06-25T11:14:13  ERROR     ERROR: request ask for transaction_id=51716 but got id=85, Skipping.
2026-06-25T11:14:13  ERROR     ERROR: request ask for transaction_id=51716 but got id=86, Skipping.
2026-06-25T11:14:13  ERROR     ERROR: request ask for transaction_id=51716 but got id=87, Skipping.
2026-06-25T11:14:13  ERROR     ERROR: request ask for transaction_id=51716 but got id=88, Skipping.
2026-06-25T11:14:13  ERROR     ERROR: request ask for transaction_id=51716 but got id=89, Skipping.
2026-06-25T11:14:13  ERROR     ERROR: request ask for transaction_id=51716 but got id=90, Skipping.
2026-06-25T11:14:14  INFO      Poll OK — 2026-06-25T18:14:13.627293+00:00
2026-06-25T11:14:24  ERROR     ERROR: request ask for transaction_id=51731 but got id=91, Skipping.
2026-06-25T11:14:24  ERROR     ERROR: request ask for transaction_id=51731 but got id=92, Skipping.
2026-06-25T11:14:24  ERROR     ERROR: request ask for transaction_id=51731 but got id=93, Skipping.
2026-06-25T11:14:24  ERROR     ERROR: request ask for transaction_id=51731 but got id=94, Skipping.
2026-06-25T11:14:24  ERROR     ERROR: request ask for transaction_id=51731 but got id=95, Skipping.
2026-06-25T11:14:24  ERROR     ERROR: request ask for transaction_id=51731 but got id=96, Skipping.
2026-06-25T11:14:24  ERROR     ERROR: request ask for transaction_id=51731 but got id=97, Skipping.
2026-06-25T11:14:24  ERROR     ERROR: request ask for transaction_id=51731 but got id=98, Skipping.
2026-06-25T11:14:24  ERROR     ERROR: request ask for transaction_id=51731 but got id=99, Skipping.
2026-06-25T11:14:24  ERROR     ERROR: request ask for transaction_id=51731 but got id=100, Skipping.
2026-06-25T11:14:24  ERROR     ERROR: request ask for transaction_id=51731 but got id=101, Skipping.
2026-06-25T11:14:24  ERROR     ERROR: request ask for transaction_id=51731 but got id=102, Skipping.
2026-06-25T11:14:24  ERROR     ERROR: request ask for transaction_id=51731 but got id=103, Skipping.
2026-06-25T11:14:24  ERROR     ERROR: request ask for transaction_id=51731 but got id=104, Skipping.
2026-06-25T11:14:24  ERROR     ERROR: request ask for transaction_id=51731 but got id=105, Skipping.
2026-06-25T11:14:24  INFO      Poll OK — 2026-06-25T18:14:24.087565+00:00
2026-06-25T11:14:34  ERROR     ERROR: request ask for transaction_id=51746 but got id=106, Skipping.
2026-06-25T11:14:34  ERROR     ERROR: request ask for transaction_id=51746 but got id=107, Skipping.
2026-06-25T11:14:34  ERROR     ERROR: request ask for transaction_id=51746 but got id=108, Skipping.
2026-06-25T11:14:34  ERROR     ERROR: request ask for transaction_id=51746 but got id=109, Skipping.
2026-06-25T11:14:34  ERROR     ERROR: request ask for transaction_id=51746 but got id=110, Skipping.
2026-06-25T11:14:34  ERROR     ERROR: request ask for transaction_id=51746 but got id=111, Skipping.
2026-06-25T11:14:34  ERROR     ERROR: request ask for transaction_id=51746 but got id=112, Skipping.
2026-06-25T11:14:34  ERROR     ERROR: request ask for transaction_id=51746 but got id=113, Skipping.
2026-06-25T11:14:34  ERROR     ERROR: request ask for transaction_id=51746 but got id=114, Skipping.
2026-06-25T11:14:34  ERROR     ERROR: request ask for transaction_id=51746 but got id=115, Skipping.
2026-06-25T11:14:34  ERROR     ERROR: request ask for transaction_id=51746 but got id=116, Skipping.
2026-06-25T11:14:34  ERROR     ERROR: request ask for transaction_id=51746 but got id=117, Skipping.
2026-06-25T11:14:34  ERROR     ERROR: request ask for transaction_id=51746 but got id=118, Skipping.
2026-06-25T11:14:34  ERROR     ERROR: request ask for transaction_id=51746 but got id=119, Skipping.
2026-06-25T11:14:34  ERROR     ERROR: request ask for transaction_id=51746 but got id=120, Skipping.
2026-06-25T11:14:35  INFO      Poll OK — 2026-06-25T18:14:34.550115+00:00
2026-06-25T11:14:45  ERROR     ERROR: request ask for transaction_id=51761 but got id=121, Skipping.
2026-06-25T11:14:45  ERROR     ERROR: request ask for transaction_id=51761 but got id=122, Skipping.
2026-06-25T11:14:45  ERROR     ERROR: request ask for transaction_id=51761 but got id=123, Skipping.
2026-06-25T11:14:45  ERROR     ERROR: request ask for transaction_id=51761 but got id=124, Skipping.
2026-06-25T11:14:45  ERROR     ERROR: request ask for transaction_id=51761 but got id=125, Skipping.
2026-06-25T11:14:45  ERROR     ERROR: request ask for transaction_id=51761 but got id=126, Skipping.
2026-06-25T11:14:45  ERROR     ERROR: request ask for transaction_id=51761 but got id=127, Skipping.
2026-06-25T11:14:45  ERROR     ERROR: request ask for transaction_id=51761 but got id=128, Skipping.
2026-06-25T11:14:45  ERROR     ERROR: request ask for transaction_id=51761 but got id=129, Skipping.
2026-06-25T11:14:45  ERROR     ERROR: request ask for transaction_id=51761 but got id=130, Skipping.
2026-06-25T11:14:45  ERROR     ERROR: request ask for transaction_id=51761 but got id=131, Skipping.
2026-06-25T11:14:45  ERROR     ERROR: request ask for transaction_id=51761 but got id=132, Skipping.
2026-06-25T11:14:45  ERROR     ERROR: request ask for transaction_id=51761 but got id=133, Skipping.
2026-06-25T11:14:45  ERROR     ERROR: request ask for transaction_id=51761 but got id=134, Skipping.
2026-06-25T11:14:45  ERROR     ERROR: request ask for transaction_id=51761 but got id=135, Skipping.
2026-06-25T11:14:45  INFO      Poll OK — 2026-06-25T18:14:45.010246+00:00
2026-06-25T11:14:55  ERROR     ERROR: request ask for transaction_id=51776 but got id=136, Skipping.
2026-06-25T11:14:55  ERROR     ERROR: request ask for transaction_id=51776 but got id=137, Skipping.
2026-06-25T11:14:55  ERROR     ERROR: request ask for transaction_id=51776 but got id=138, Skipping.
2026-06-25T11:14:55  ERROR     ERROR: request ask for transaction_id=51776 but got id=139, Skipping.
2026-06-25T11:14:55  ERROR     ERROR: request ask for transaction_id=51776 but got id=140, Skipping.
2026-06-25T11:14:55  ERROR     ERROR: request ask for transaction_id=51776 but got id=141, Skipping.
2026-06-25T11:14:55  ERROR     ERROR: request ask for transaction_id=51776 but got id=142, Skipping.
2026-06-25T11:14:55  ERROR     ERROR: request ask for transaction_id=51776 but got id=143, Skipping.
2026-06-25T11:14:55  ERROR     ERROR: request ask for transaction_id=51776 but got id=144, Skipping.
2026-06-25T11:14:55  ERROR     ERROR: request ask for transaction_id=51776 but got id=145, Skipping.
2026-06-25T11:14:55  ERROR     ERROR: request ask for transaction_id=51776 but got id=146, Skipping.
2026-06-25T11:14:55  ERROR     ERROR: request ask for transaction_id=51776 but got id=147, Skipping.
2026-06-25T11:14:55  ERROR     ERROR: request ask for transaction_id=51776 but got id=148, Skipping.
2026-06-25T11:14:55  ERROR     ERROR: request ask for transaction_id=51776 but got id=149, Skipping.
2026-06-25T11:14:55  ERROR     ERROR: request ask for transaction_id=51776 but got id=150, Skipping.
2026-06-25T11:14:55  INFO      Poll OK — 2026-06-25T18:14:55.476377+00:00
2026-06-25T11:15:05  ERROR     ERROR: request ask for transaction_id=51791 but got id=151, Skipping.
2026-06-25T11:15:05  ERROR     ERROR: request ask for transaction_id=51791 but got id=152, Skipping.
2026-06-25T11:15:05  ERROR     ERROR: request ask for transaction_id=51791 but got id=153, Skipping.
2026-06-25T11:15:05  ERROR     ERROR: request ask for transaction_id=51791 but got id=154, Skipping.
2026-06-25T11:15:05  ERROR     ERROR: request ask for transaction_id=51791 but got id=155, Skipping.
2026-06-25T11:15:05  ERROR     ERROR: request ask for transaction_id=51791 but got id=156, Skipping.
2026-06-25T11:15:05  ERROR     ERROR: request ask for transaction_id=51791 but got id=157, Skipping.
2026-06-25T11:15:05  ERROR     ERROR: request ask for transaction_id=51791 but got id=158, Skipping.
2026-06-25T11:15:05  ERROR     ERROR: request ask for transaction_id=51791 but got id=159, Skipping.
2026-06-25T11:15:05  ERROR     ERROR: request ask for transaction_id=51791 but got id=160, Skipping.
2026-06-25T11:15:05  ERROR     ERROR: request ask for transaction_id=51791 but got id=161, Skipping.
2026-06-25T11:15:05  ERROR     ERROR: request ask for transaction_id=51791 but got id=162, Skipping.
2026-06-25T11:15:05  ERROR     ERROR: request ask for transaction_id=51791 but got id=163, Skipping.
2026-06-25T11:15:05  ERROR     ERROR: request ask for transaction_id=51791 but got id=164, Skipping.
2026-06-25T11:15:05  ERROR     ERROR: request ask for transaction_id=51791 but got id=165, Skipping.
2026-06-25T11:15:06  INFO      Poll OK — 2026-06-25T18:15:05.945695+00:00
2026-06-25T11:15:16  ERROR     ERROR: request ask for transaction_id=51806 but got id=166, Skipping.
2026-06-25T11:15:16  ERROR     ERROR: request ask for transaction_id=51806 but got id=167, Skipping.
2026-06-25T11:15:16  ERROR     ERROR: request ask for transaction_id=51806 but got id=168, Skipping.
2026-06-25T11:15:16  ERROR     ERROR: request ask for transaction_id=51806 but got id=169, Skipping.
2026-06-25T11:15:16  ERROR     ERROR: request ask for transaction_id=51806 but got id=170, Skipping.
2026-06-25T11:15:16  ERROR     ERROR: request ask for transaction_id=51806 but got id=171, Skipping.
2026-06-25T11:15:16  ERROR     ERROR: request ask for transaction_id=51806 but got id=172, Skipping.
2026-06-25T11:15:16  ERROR     ERROR: request ask for transaction_id=51806 but got id=173, Skipping.
2026-06-25T11:15:16  ERROR     ERROR: request ask for transaction_id=51806 but got id=174, Skipping.
2026-06-25T11:15:16  ERROR     ERROR: request ask for transaction_id=51806 but got id=175, Skipping.
2026-06-25T11:15:16  ERROR     ERROR: request ask for transaction_id=51806 but got id=176, Skipping.
2026-06-25T11:15:16  ERROR     ERROR: request ask for transaction_id=51806 but got id=177, Skipping.
2026-06-25T11:15:16  ERROR     ERROR: request ask for transaction_id=51806 but got id=178, Skipping.
2026-06-25T11:15:16  ERROR     ERROR: request ask for transaction_id=51806 but got id=179, Skipping.
2026-06-25T11:15:16  ERROR     ERROR: request ask for transaction_id=51806 but got id=180, Skipping.
2026-06-25T11:15:16  INFO      Poll OK — 2026-06-25T18:15:16.405250+00:00
2026-06-25T11:15:26  ERROR     ERROR: request ask for transaction_id=51821 but got id=181, Skipping.
2026-06-25T11:15:26  ERROR     ERROR: request ask for transaction_id=51821 but got id=182, Skipping.
2026-06-25T11:15:26  ERROR     ERROR: request ask for transaction_id=51821 but got id=183, Skipping.
2026-06-25T11:15:26  ERROR     ERROR: request ask for transaction_id=51821 but got id=184, Skipping.
2026-06-25T11:15:26  ERROR     ERROR: request ask for transaction_id=51821 but got id=185, Skipping.
2026-06-25T11:15:26  ERROR     ERROR: request ask for transaction_id=51821 but got id=186, Skipping.
2026-06-25T11:15:26  ERROR     ERROR: request ask for transaction_id=51821 but got id=187, Skipping.
2026-06-25T11:15:26  ERROR     ERROR: request ask for transaction_id=51821 but got id=188, Skipping.
2026-06-25T11:15:26  ERROR     ERROR: request ask for transaction_id=51821 but got id=189, Skipping.
2026-06-25T11:15:26  ERROR     ERROR: request ask for transaction_id=51821 but got id=190, Skipping.
2026-06-25T11:15:26  ERROR     ERROR: request ask for transaction_id=51821 but got id=191, Skipping.
2026-06-25T11:15:26  ERROR     ERROR: request ask for transaction_id=51821 but got id=192, Skipping.
2026-06-25T11:15:26  ERROR     ERROR: request ask for transaction_id=51821 but got id=193, Skipping.
2026-06-25T11:15:26  ERROR     ERROR: request ask for transaction_id=51821 but got id=194, Skipping.
2026-06-25T11:15:26  ERROR     ERROR: request ask for transaction_id=51821 but got id=195, Skipping.
2026-06-25T11:15:27  INFO      Poll OK — 2026-06-25T18:15:26.865588+00:00
2026-06-25T11:15:37  ERROR     ERROR: request ask for transaction_id=51836 but got id=196, Skipping.
2026-06-25T11:15:37  ERROR     ERROR: request ask for transaction_id=51836 but got id=197, Skipping.
2026-06-25T11:15:37  ERROR     ERROR: request ask for transaction_id=51836 but got id=198, Skipping.
2026-06-25T11:15:37  ERROR     ERROR: request ask for transaction_id=51836 but got id=199, Skipping.
2026-06-25T11:15:37  ERROR     ERROR: request ask for transaction_id=51836 but got id=200, Skipping.
2026-06-25T11:15:37  ERROR     ERROR: request ask for transaction_id=51836 but got id=201, Skipping.
2026-06-25T11:15:37  ERROR     ERROR: request ask for transaction_id=51836 but got id=202, Skipping.
2026-06-25T11:15:37  ERROR     ERROR: request ask for transaction_id=51836 but got id=203, Skipping.
2026-06-25T11:15:37  ERROR     ERROR: request ask for transaction_id=51836 but got id=204, Skipping.
2026-06-25T11:15:37  ERROR     ERROR: request ask for transaction_id=51836 but got id=205, Skipping.
2026-06-25T11:15:37  ERROR     ERROR: request ask for transaction_id=51836 but got id=206, Skipping.
2026-06-25T11:15:37  ERROR     ERROR: request ask for transaction_id=51836 but got id=207, Skipping.
2026-06-25T11:15:37  ERROR     ERROR: request ask for transaction_id=51836 but got id=208, Skipping.
2026-06-25T11:15:37  ERROR     ERROR: request ask for transaction_id=51836 but got id=209, Skipping.
2026-06-25T11:15:37  ERROR     ERROR: request ask for transaction_id=51836 but got id=210, Skipping.
2026-06-25T11:15:37  INFO      Poll OK — 2026-06-25T18:15:37.326196+00:00
2026-06-25T11:15:47  ERROR     ERROR: request ask for transaction_id=51851 but got id=211, Skipping.
2026-06-25T11:15:47  ERROR     ERROR: request ask for transaction_id=51851 but got id=212, Skipping.
2026-06-25T11:15:47  ERROR     ERROR: request ask for transaction_id=51851 but got id=213, Skipping.
2026-06-25T11:15:47  ERROR     ERROR: request ask for transaction_id=51851 but got id=214, Skipping.
2026-06-25T11:15:47  ERROR     ERROR: request ask for transaction_id=51851 but got id=215, Skipping.
2026-06-25T11:15:47  ERROR     ERROR: request ask for transaction_id=51851 but got id=216, Skipping.
2026-06-25T11:15:47  ERROR     ERROR: request ask for transaction_id=51851 but got id=217, Skipping.
2026-06-25T11:15:47  ERROR     ERROR: request ask for transaction_id=51851 but got id=218, Skipping.
2026-06-25T11:15:47  ERROR     ERROR: request ask for transaction_id=51851 but got id=219, Skipping.
2026-06-25T11:15:47  ERROR     ERROR: request ask for transaction_id=51851 but got id=220, Skipping.
2026-06-25T11:15:47  ERROR     ERROR: request ask for transaction_id=51851 but got id=221, Skipping.
2026-06-25T11:15:47  ERROR     ERROR: request ask for transaction_id=51851 but got id=222, Skipping.
2026-06-25T11:15:47  ERROR     ERROR: request ask for transaction_id=51851 but got id=223, Skipping.
2026-06-25T11:15:47  ERROR     ERROR: request ask for transaction_id=51851 but got id=224, Skipping.
2026-06-25T11:15:47  ERROR     ERROR: request ask for transaction_id=51851 but got id=225, Skipping.
2026-06-25T11:15:48  INFO      Poll OK — 2026-06-25T18:15:47.787425+00:00
2026-06-25T11:15:58  ERROR     ERROR: request ask for transaction_id=51866 but got id=226, Skipping.
2026-06-25T11:15:58  ERROR     ERROR: request ask for transaction_id=51866 but got id=227, Skipping.
2026-06-25T11:15:58  ERROR     ERROR: request ask for transaction_id=51866 but got id=228, Skipping.
2026-06-25T11:15:58  ERROR     ERROR: request ask for transaction_id=51866 but got id=229, Skipping.
2026-06-25T11:15:58  ERROR     ERROR: request ask for transaction_id=51866 but got id=230, Skipping.
2026-06-25T11:15:58  ERROR     ERROR: request ask for transaction_id=51866 but got id=231, Skipping.
2026-06-25T11:15:58  ERROR     ERROR: request ask for transaction_id=51866 but got id=232, Skipping.
2026-06-25T11:15:58  ERROR     ERROR: request ask for transaction_id=51866 but got id=233, Skipping.
2026-06-25T11:15:58  ERROR     ERROR: request ask for transaction_id=51866 but got id=234, Skipping.
2026-06-25T11:15:58  ERROR     ERROR: request ask for transaction_id=51866 but got id=235, Skipping.
2026-06-25T11:15:58  ERROR     ERROR: request ask for transaction_id=51866 but got id=236, Skipping.
2026-06-25T11:15:58  ERROR     ERROR: request ask for transaction_id=51866 but got id=237, Skipping.
2026-06-25T11:15:58  ERROR     ERROR: request ask for transaction_id=51866 but got id=238, Skipping.
2026-06-25T11:15:58  ERROR     ERROR: request ask for transaction_id=51866 but got id=239, Skipping.
2026-06-25T11:15:58  ERROR     ERROR: request ask for transaction_id=51866 but got id=240, Skipping.
2026-06-25T11:15:58  INFO      Poll OK — 2026-06-25T18:15:58.247937+00:00
2026-06-25T11:16:08  ERROR     ERROR: request ask for transaction_id=51881 but got id=241, Skipping.
2026-06-25T11:16:08  ERROR     ERROR: request ask for transaction_id=51881 but got id=242, Skipping.
2026-06-25T11:16:08  ERROR     ERROR: request ask for transaction_id=51881 but got id=243, Skipping.
2026-06-25T11:16:08  ERROR     ERROR: request ask for transaction_id=51881 but got id=244, Skipping.
2026-06-25T11:16:08  ERROR     ERROR: request ask for transaction_id=51881 but got id=245, Skipping.
2026-06-25T11:16:08  ERROR     ERROR: request ask for transaction_id=51881 but got id=246, Skipping.
2026-06-25T11:16:08  ERROR     ERROR: request ask for transaction_id=51881 but got id=247, Skipping.
2026-06-25T11:16:08  ERROR     ERROR: request ask for transaction_id=51881 but got id=248, Skipping.
2026-06-25T11:16:08  ERROR     ERROR: request ask for transaction_id=51881 but got id=249, Skipping.
2026-06-25T11:16:08  ERROR     ERROR: request ask for transaction_id=51881 but got id=250, Skipping.
2026-06-25T11:16:08  ERROR     ERROR: request ask for transaction_id=51881 but got id=251, Skipping.
2026-06-25T11:16:08  ERROR     ERROR: request ask for transaction_id=51881 but got id=252, Skipping.
2026-06-25T11:16:08  ERROR     ERROR: request ask for transaction_id=51881 but got id=253, Skipping.
2026-06-25T11:16:08  ERROR     ERROR: request ask for transaction_id=51881 but got id=254, Skipping.
2026-06-25T11:16:08  ERROR     ERROR: request ask for transaction_id=51881 but got id=255, Skipping.
2026-06-25T11:16:09  INFO      Poll OK — 2026-06-25T18:16:08.708741+00:00
